timestamp,stop_name,hour,day_of_week,is_weekend,is_peak_hour,historical_avg_demand,weather_factor,recent_waiting_signals,passenger_demand
2026-08-01 00:00:00,Miyapur Metro,0,5,1,0,2.9,CLEAR,0,3
2026-08-01 00:00:00,BHEL,0,5,1,0,1.9,CLEAR,0,2
2026-08-01 00:00:00,Lingampally Station,0,5,1,0,3.4,CLEAR,2,5
2026-08-01 00:00:00,Nallagandla,0,5,1,0,2.2,CLEAR,0,2
2026-08-01 00:00:00,Tellapur,0,5,1,0,2.4,CLEAR,0,2
2026-08-01 00:00:00,Osman Nagar,0,5,1,0,1.4,CLEAR,1,2
2026-08-01 00:00:00,Patancheru,0,5,1,0,1.8,CLEAR,0,2
2026-08-01 00:00:00,HITEC City Metro Stand 2,0,5,1,0,3.6,CLEAR,2,4
2026-08-01 01:00:00,Miyapur Metro,1,5,1,0,2.9,CLEAR,2,4
2026-08-01 01:00:00,BHEL,1,5,1,0,1.9,CLEAR,0,2
2026-08-01 01:00:00,Lingampally Station,1,5,1,0,3.4,CLEAR,2,4
2026-08-01 01:00:00,Nallagandla,1,5,1,0,2.2,CLEAR,0,2
2026-08-01 01:00:00,Tellapur,1,5,1,0,2.4,CLEAR,0,2
2026-08-01 01:00:00,Osman Nagar,1,5,1,0,1.4,CLEAR,0,2
2026-08-01 01:00:00,Patancheru,1,5,1,0,1.8,CLEAR,1,2
2026-08-01 01:00:00,HITEC City Metro Stand 2,1,5,1,0,3.6,CLEAR,3,5
2026-08-01 02:00:00,Miyapur Metro,2,5,1,0,2.9,CLEAR,4,4
2026-08-01 02:00:00,BHEL,2,5,1,0,1.9,CLEAR,1,2
2026-08-01 02:00:00,Lingampally Station,2,5,1,0,3.4,CLEAR,2,5
2026-08-01 02:00:00,Nallagandla,2,5,1,0,2.2,CLEAR,1,3
2026-08-01 02:00:00,Tellapur,2,5,1,0,2.4,CLEAR,0,2
2026-08-01 02:00:00,Osman Nagar,2,5,1,0,1.4,CLEAR,0,1
2026-08-01 02:00:00,Patancheru,2,5,1,0,1.8,CLEAR,0,2
2026-08-01 02:00:00,HITEC City Metro Stand 2,2,5,1,0,3.6,CLEAR,0,4
2026-08-01 03:00:00,Miyapur Metro,3,5,1,0,2.9,CLEAR,1,3
2026-08-01 03:00:00,BHEL,3,5,1,0,1.9,CLEAR,0,2
2026-08-01 03:00:00,Lingampally Station,3,5,1,0,3.4,CLEAR,4,5
2026-08-01 03:00:00,Nallagandla,3,5,1,0,2.2,CLEAR,2,3
2026-08-01 03:00:00,Tellapur,3,5,1,0,2.4,CLEAR,2,3
2026-08-01 03:00:00,Osman Nagar,3,5,1,0,1.4,CLEAR,0,2
2026-08-01 03:00:00,Patancheru,3,5,1,0,1.8,CLEAR,2,3
2026-08-01 03:00:00,HITEC City Metro Stand 2,3,5,1,0,3.6,CLEAR,2,5
2026-08-01 04:00:00,Miyapur Metro,4,5,1,0,2.9,CLEAR,3,4
2026-08-01 04:00:00,BHEL,4,5,1,0,1.9,CLEAR,0,2
2026-08-01 04:00:00,Lingampally Station,4,5,1,0,3.4,CLEAR,0,3
2026-08-01 04:00:00,Nallagandla,4,5,1,0,2.2,CLEAR,3,4
2026-08-01 04:00:00,Tellapur,4,5,1,0,2.4,CLEAR,0,3
2026-08-01 04:00:00,Osman Nagar,4,5,1,0,1.4,CLEAR,0,2
2026-08-01 04:00:00,Patancheru,4,5,1,0,1.8,CLEAR,1,2
2026-08-01 04:00:00,HITEC City Metro Stand 2,4,5,1,0,3.6,CLEAR,0,4
2026-08-01 05:00:00,Miyapur Metro,5,5,1,0,11.5,CLEAR,2,13
2026-08-01 05:00:00,BHEL,5,5,1,0,7.7,CLEAR,4,9
2026-08-01 05:00:00,Lingampally Station,5,5,1,0,13.4,CLEAR,2,16
2026-08-01 05:00:00,Nallagandla,5,5,1,0,8.6,CLEAR,3,9
2026-08-01 05:00:00,Tellapur,5,5,1,0,9.6,CLEAR,1,9
2026-08-01 05:00:00,Osman Nagar,5,5,1,0,5.8,CLEAR,3,7
2026-08-01 05:00:00,Patancheru,5,5,1,0,7.2,CLEAR,2,7
2026-08-01 05:00:00,HITEC City Metro Stand 2,5,5,1,0,14.4,CLEAR,4,18
2026-08-01 06:00:00,Miyapur Metro,6,5,1,0,11.5,CLEAR,4,14
2026-08-01 06:00:00,BHEL,6,5,1,0,7.7,CLEAR,4,9
2026-08-01 06:00:00,Lingampally Station,6,5,1,0,13.4,CLEAR,5,16
2026-08-01 06:00:00,Nallagandla,6,5,1,0,8.6,CLEAR,3,9
2026-08-01 06:00:00,Tellapur,6,5,1,0,9.6,CLEAR,4,10
2026-08-01 06:00:00,Osman Nagar,6,5,1,0,5.8,CLEAR,2,7
2026-08-01 06:00:00,Patancheru,6,5,1,0,7.2,CLEAR,5,10
2026-08-01 06:00:00,HITEC City Metro Stand 2,6,5,1,0,14.4,CLEAR,3,16
2026-08-01 07:00:00,Miyapur Metro,7,5,1,0,11.5,CLEAR,2,13
2026-08-01 07:00:00,BHEL,7,5,1,0,7.7,CLEAR,4,9
2026-08-01 07:00:00,Lingampally Station,7,5,1,0,13.4,CLEAR,5,16
2026-08-01 07:00:00,Nallagandla,7,5,1,0,8.6,CLEAR,1,10
2026-08-01 07:00:00,Tellapur,7,5,1,0,9.6,CLEAR,3,11
2026-08-01 07:00:00,Osman Nagar,7,5,1,0,5.8,CLEAR,2,6
2026-08-01 07:00:00,Patancheru,7,5,1,0,7.2,CLEAR,1,7
2026-08-01 07:00:00,HITEC City Metro Stand 2,7,5,1,0,14.4,CLEAR,6,18
2026-08-01 08:00:00,Miyapur Metro,8,5,1,1,21.1,CLEAR,7,35
2026-08-01 08:00:00,BHEL,8,5,1,1,14.1,CLEAR,2,29
2026-08-01 08:00:00,Lingampally Station,8,5,1,1,24.6,CLEAR,9,49
2026-08-01 08:00:00,Nallagandla,8,5,1,1,15.8,CLEAR,4,32
2026-08-01 08:00:00,Tellapur,8,5,1,1,17.6,CLEAR,6,44
2026-08-01 08:00:00,Osman Nagar,8,5,1,1,10.6,CLEAR,1,19
2026-08-01 08:00:00,Patancheru,8,5,1,1,13.2,CLEAR,4,22
2026-08-01 08:00:00,HITEC City Metro Stand 2,8,5,1,1,26.4,CLEAR,9,67
2026-08-01 09:00:00,Miyapur Metro,9,5,1,1,21.1,CLEAR,4,36
2026-08-01 09:00:00,BHEL,9,5,1,1,14.1,CLEAR,5,26
2026-08-01 09:00:00,Lingampally Station,9,5,1,1,24.6,CLEAR,6,57
2026-08-01 09:00:00,Nallagandla,9,5,1,1,15.8,CLEAR,5,35
2026-08-01 09:00:00,Tellapur,9,5,1,1,17.6,CLEAR,5,38
2026-08-01 09:00:00,Osman Nagar,9,5,1,1,10.6,CLEAR,2,18
2026-08-01 09:00:00,Patancheru,9,5,1,1,13.2,CLEAR,4,22
2026-08-01 09:00:00,HITEC City Metro Stand 2,9,5,1,1,26.4,CLEAR,6,60
2026-08-01 10:00:00,Miyapur Metro,10,5,1,1,21.1,CLEAR,6,34
2026-08-01 10:00:00,BHEL,10,5,1,1,14.1,CLEAR,6,30
2026-08-01 10:00:00,Lingampally Station,10,5,1,1,24.6,CLEAR,5,49
2026-08-01 10:00:00,Nallagandla,10,5,1,1,15.8,CLEAR,5,33
2026-08-01 10:00:00,Tellapur,10,5,1,1,17.6,CLEAR,3,44
2026-08-01 10:00:00,Osman Nagar,10,5,1,1,10.6,CLEAR,4,20
2026-08-01 10:00:00,Patancheru,10,5,1,1,13.2,CLEAR,5,25
2026-08-01 10:00:00,HITEC City Metro Stand 2,10,5,1,1,26.4,CLEAR,6,61
2026-08-01 11:00:00,Miyapur Metro,11,5,1,1,21.1,CLEAR,5,36
2026-08-01 11:00:00,BHEL,11,5,1,1,14.1,CLEAR,4,29
2026-08-01 11:00:00,Lingampally Station,11,5,1,1,24.6,CLEAR,8,58
2026-08-01 11:00:00,Nallagandla,11,5,1,1,15.8,CLEAR,2,34
2026-08-01 11:00:00,Tellapur,11,5,1,1,17.6,CLEAR,4,44
2026-08-01 11:00:00,Osman Nagar,11,5,1,1,10.6,CLEAR,2,18
2026-08-01 11:00:00,Patancheru,11,5,1,1,13.2,CLEAR,4,23
2026-08-01 11:00:00,HITEC City Metro Stand 2,11,5,1,1,26.4,CLEAR,6,63
2026-08-01 12:00:00,Miyapur Metro,12,5,1,0,16.3,CLEAR,7,19
2026-08-01 12:00:00,BHEL,12,5,1,0,10.9,CLEAR,5,13
2026-08-01 12:00:00,Lingampally Station,12,5,1,0,19.0,CLEAR,3,22
2026-08-01 12:00:00,Nallagandla,12,5,1,0,12.2,CLEAR,5,16
2026-08-01 12:00:00,Tellapur,12,5,1,0,13.6,CLEAR,6,17
2026-08-01 12:00:00,Osman Nagar,12,5,1,0,8.2,CLEAR,1,9
2026-08-01 12:00:00,Patancheru,12,5,1,0,10.2,CLEAR,2,11
2026-08-01 12:00:00,HITEC City Metro Stand 2,12,5,1,0,20.4,CLEAR,3,21
2026-08-01 13:00:00,Miyapur Metro,13,5,1,0,16.3,CLEAR,7,18
2026-08-01 13:00:00,BHEL,13,5,1,0,10.9,CLEAR,5,13
2026-08-01 13:00:00,Lingampally Station,13,5,1,0,19.0,CLEAR,5,23
2026-08-01 13:00:00,Nallagandla,13,5,1,0,12.2,CLEAR,6,15
2026-08-01 13:00:00,Tellapur,13,5,1,0,13.6,CLEAR,5,15
2026-08-01 13:00:00,Osman Nagar,13,5,1,0,8.2,CLEAR,2,10
2026-08-01 13:00:00,Patancheru,13,5,1,0,10.2,CLEAR,3,12
2026-08-01 13:00:00,HITEC City Metro Stand 2,13,5,1,0,20.4,CLEAR,7,21
2026-08-01 14:00:00,Miyapur Metro,14,5,1,0,16.3,CLEAR,5,18
2026-08-01 14:00:00,BHEL,14,5,1,0,10.9,CLEAR,5,12
2026-08-01 14:00:00,Lingampally Station,14,5,1,0,19.0,CLEAR,8,21
2026-08-01 14:00:00,Nallagandla,14,5,1,0,12.2,CLEAR,2,13
2026-08-01 14:00:00,Tellapur,14,5,1,0,13.6,CLEAR,5,15
2026-08-01 14:00:00,Osman Nagar,14,5,1,0,8.2,CLEAR,1,9
2026-08-01 14:00:00,Patancheru,14,5,1,0,10.2,CLEAR,2,11
2026-08-01 14:00:00,HITEC City Metro Stand 2,14,5,1,0,20.4,CLEAR,6,23
2026-08-01 15:00:00,Miyapur Metro,15,5,1,0,16.3,CLEAR,5,19
2026-08-01 15:00:00,BHEL,15,5,1,0,10.9,CLEAR,5,12
2026-08-01 15:00:00,Lingampally Station,15,5,1,0,19.0,CLEAR,6,20
2026-08-01 15:00:00,Nallagandla,15,5,1,0,12.2,CLEAR,3,14
2026-08-01 15:00:00,Tellapur,15,5,1,0,13.6,CLEAR,3,14
2026-08-01 15:00:00,Osman Nagar,15,5,1,0,8.2,CLEAR,4,9
2026-08-01 15:00:00,Patancheru,15,5,1,0,10.2,CLEAR,3,13
2026-08-01 15:00:00,HITEC City Metro Stand 2,15,5,1,0,20.4,CLEAR,8,22
2026-08-01 16:00:00,Miyapur Metro,16,5,1,0,16.3,CLEAR,3,17
2026-08-01 16:00:00,BHEL,16,5,1,0,10.9,CLEAR,5,14
2026-08-01 16:00:00,Lingampally Station,16,5,1,0,19.0,CLEAR,7,21
2026-08-01 16:00:00,Nallagandla,16,5,1,0,12.2,CLEAR,2,14
2026-08-01 16:00:00,Tellapur,16,5,1,0,13.6,CLEAR,5,16
2026-08-01 16:00:00,Osman Nagar,16,5,1,0,8.2,CLEAR,5,11
2026-08-01 16:00:00,Patancheru,16,5,1,0,10.2,CLEAR,1,11
2026-08-01 16:00:00,HITEC City Metro Stand 2,16,5,1,0,20.4,CLEAR,5,23
2026-08-01 17:00:00,Miyapur Metro,17,5,1,1,25.0,CLEAR,9,55
2026-08-01 17:00:00,BHEL,17,5,1,1,16.6,CLEAR,3,24
2026-08-01 17:00:00,Lingampally Station,17,5,1,1,29.1,CLEAR,8,67
2026-08-01 17:00:00,Nallagandla,17,5,1,1,18.7,CLEAR,6,36
2026-08-01 17:00:00,Tellapur,17,5,1,1,20.8,CLEAR,4,41
2026-08-01 17:00:00,Osman Nagar,17,5,1,1,12.5,CLEAR,2,18
2026-08-01 17:00:00,Patancheru,17,5,1,1,15.6,CLEAR,6,30
2026-08-01 17:00:00,HITEC City Metro Stand 2,17,5,1,1,31.2,CLEAR,6,80
2026-08-01 18:00:00,Miyapur Metro,18,5,1,1,25.0,CLEAR,6,52
2026-08-01 18:00:00,BHEL,18,5,1,1,16.6,CLEAR,6,28
2026-08-01 18:00:00,Lingampally Station,18,5,1,1,29.1,CLEAR,7,74
2026-08-01 18:00:00,Nallagandla,18,5,1,1,18.7,CLEAR,5,34
2026-08-01 18:00:00,Tellapur,18,5,1,1,20.8,CLEAR,3,36
2026-08-01 18:00:00,Osman Nagar,18,5,1,1,12.5,CLEAR,6,22
2026-08-01 18:00:00,Patancheru,18,5,1,1,15.6,CLEAR,5,29
2026-08-01 18:00:00,HITEC City Metro Stand 2,18,5,1,1,31.2,CLEAR,9,76
2026-08-01 19:00:00,Miyapur Metro,19,5,1,1,25.0,CLEAR,5,55
2026-08-01 19:00:00,BHEL,19,5,1,1,16.6,CLEAR,7,30
2026-08-01 19:00:00,Lingampally Station,19,5,1,1,29.1,CLEAR,10,77
2026-08-01 19:00:00,Nallagandla,19,5,1,1,18.7,CLEAR,4,32
2026-08-01 19:00:00,Tellapur,19,5,1,1,20.8,CLEAR,4,42
2026-08-01 19:00:00,Osman Nagar,19,5,1,1,12.5,CLEAR,6,20
2026-08-01 19:00:00,Patancheru,19,5,1,1,15.6,CLEAR,5,25
2026-08-01 19:00:00,HITEC City Metro Stand 2,19,5,1,1,31.2,CLEAR,10,89
2026-08-01 20:00:00,Miyapur Metro,20,5,1,1,25.0,CLEAR,9,63
2026-08-01 20:00:00,BHEL,20,5,1,1,16.6,CLEAR,7,25
2026-08-01 20:00:00,Lingampally Station,20,5,1,1,29.1,CLEAR,9,69
2026-08-01 20:00:00,Nallagandla,20,5,1,1,18.7,CLEAR,7,37
2026-08-01 20:00:00,Tellapur,20,5,1,1,20.8,CLEAR,8,44
2026-08-01 20:00:00,Osman Nagar,20,5,1,1,12.5,CLEAR,2,20
2026-08-01 20:00:00,Patancheru,20,5,1,1,15.6,CLEAR,2,28
2026-08-01 20:00:00,HITEC City Metro Stand 2,20,5,1,1,31.2,CLEAR,10,78
2026-08-01 21:00:00,Miyapur Metro,21,5,1,1,25.0,CLEAR,8,58
2026-08-01 21:00:00,BHEL,21,5,1,1,16.6,CLEAR,4,28
2026-08-01 21:00:00,Lingampally Station,21,5,1,1,29.1,CLEAR,6,63
2026-08-01 21:00:00,Nallagandla,21,5,1,1,18.7,CLEAR,4,33
2026-08-01 21:00:00,Tellapur,21,5,1,1,20.8,CLEAR,8,45
2026-08-01 21:00:00,Osman Nagar,21,5,1,1,12.5,CLEAR,3,19
2026-08-01 21:00:00,Patancheru,21,5,1,1,15.6,CLEAR,4,29
2026-08-01 21:00:00,HITEC City Metro Stand 2,21,5,1,1,31.2,CLEAR,8,90
2026-08-01 22:00:00,Miyapur Metro,22,5,1,0,7.7,CLEAR,1,9
2026-08-01 22:00:00,BHEL,22,5,1,0,5.1,CLEAR,0,6
2026-08-01 22:00:00,Lingampally Station,22,5,1,0,9.0,CLEAR,2,9
2026-08-01 22:00:00,Nallagandla,22,5,1,0,5.8,CLEAR,2,7
2026-08-01 22:00:00,Tellapur,22,5,1,0,6.4,CLEAR,1,7
2026-08-01 22:00:00,Osman Nagar,22,5,1,0,3.8,CLEAR,2,5
2026-08-01 22:00:00,Patancheru,22,5,1,0,4.8,CLEAR,2,5
2026-08-01 22:00:00,HITEC City Metro Stand 2,22,5,1,0,9.6,CLEAR,4,10
2026-08-01 23:00:00,Miyapur Metro,23,5,1,0,7.7,CLEAR,5,10
2026-08-01 23:00:00,BHEL,23,5,1,0,5.1,CLEAR,3,7
2026-08-01 23:00:00,Lingampally Station,23,5,1,0,9.0,CLEAR,4,10
2026-08-01 23:00:00,Nallagandla,23,5,1,0,5.8,CLEAR,0,6
2026-08-01 23:00:00,Tellapur,23,5,1,0,6.4,CLEAR,1,7
2026-08-01 23:00:00,Osman Nagar,23,5,1,0,3.8,CLEAR,3,5
2026-08-01 23:00:00,Patancheru,23,5,1,0,4.8,CLEAR,1,5
2026-08-01 23:00:00,HITEC City Metro Stand 2,23,5,1,0,9.6,CLEAR,2,10
2026-08-02 00:00:00,Miyapur Metro,0,6,1,0,2.9,CLEAR,0,3
2026-08-02 00:00:00,BHEL,0,6,1,0,1.9,CLEAR,3,3
2026-08-02 00:00:00,Lingampally Station,0,6,1,0,3.4,CLEAR,3,5
2026-08-02 00:00:00,Nallagandla,0,6,1,0,2.2,CLEAR,0,2
2026-08-02 00:00:00,Tellapur,0,6,1,0,2.4,CLEAR,0,2
2026-08-02 00:00:00,Osman Nagar,0,6,1,0,1.4,CLEAR,0,1
2026-08-02 00:00:00,Patancheru,0,6,1,0,1.8,CLEAR,2,3
2026-08-02 00:00:00,HITEC City Metro Stand 2,0,6,1,0,3.6,CLEAR,1,4
2026-08-02 01:00:00,Miyapur Metro,1,6,1,0,2.9,CLEAR,1,4
2026-08-02 01:00:00,BHEL,1,6,1,0,1.9,CLEAR,2,3
2026-08-02 01:00:00,Lingampally Station,1,6,1,0,3.4,CLEAR,0,3
2026-08-02 01:00:00,Nallagandla,1,6,1,0,2.2,CLEAR,2,3
2026-08-02 01:00:00,Tellapur,1,6,1,0,2.4,CLEAR,3,4
2026-08-02 01:00:00,Osman Nagar,1,6,1,0,1.4,CLEAR,2,2
2026-08-02 01:00:00,Patancheru,1,6,1,0,1.8,CLEAR,0,2
2026-08-02 01:00:00,HITEC City Metro Stand 2,1,6,1,0,3.6,CLEAR,0,4
2026-08-02 02:00:00,Miyapur Metro,2,6,1,0,2.9,CLEAR,3,4
2026-08-02 02:00:00,BHEL,2,6,1,0,1.9,CLEAR,1,2
2026-08-02 02:00:00,Lingampally Station,2,6,1,0,3.4,CLEAR,0,4
2026-08-02 02:00:00,Nallagandla,2,6,1,0,2.2,CLEAR,1,2
2026-08-02 02:00:00,Tellapur,2,6,1,0,2.4,CLEAR,2,3
2026-08-02 02:00:00,Osman Nagar,2,6,1,0,1.4,CLEAR,2,2
2026-08-02 02:00:00,Patancheru,2,6,1,0,1.8,CLEAR,0,2
2026-08-02 02:00:00,HITEC City Metro Stand 2,2,6,1,0,3.6,CLEAR,0,4
2026-08-02 03:00:00,Miyapur Metro,3,6,1,0,2.9,CLEAR,1,3
2026-08-02 03:00:00,BHEL,3,6,1,0,1.9,CLEAR,0,2
2026-08-02 03:00:00,Lingampally Station,3,6,1,0,3.4,CLEAR,1,4
2026-08-02 03:00:00,Nallagandla,3,6,1,0,2.2,CLEAR,2,3
2026-08-02 03:00:00,Tellapur,3,6,1,0,2.4,CLEAR,2,3
2026-08-02 03:00:00,Osman Nagar,3,6,1,0,1.4,CLEAR,3,3
2026-08-02 03:00:00,Patancheru,3,6,1,0,1.8,CLEAR,2,3
2026-08-02 03:00:00,HITEC City Metro Stand 2,3,6,1,0,3.6,CLEAR,3,5
2026-08-02 04:00:00,Miyapur Metro,4,6,1,0,2.9,CLEAR,3,4
2026-08-02 04:00:00,BHEL,4,6,1,0,1.9,CLEAR,1,2
2026-08-02 04:00:00,Lingampally Station,4,6,1,0,3.4,CLEAR,0,4
2026-08-02 04:00:00,Nallagandla,4,6,1,0,2.2,CLEAR,2,3
2026-08-02 04:00:00,Tellapur,4,6,1,0,2.4,CLEAR,2,3
2026-08-02 04:00:00,Osman Nagar,4,6,1,0,1.4,CLEAR,0,1
2026-08-02 04:00:00,Patancheru,4,6,1,0,1.8,CLEAR,0,2
2026-08-02 04:00:00,HITEC City Metro Stand 2,4,6,1,0,3.6,CLEAR,2,4
2026-08-02 05:00:00,Miyapur Metro,5,6,1,0,11.5,CLEAR,2,13
2026-08-02 05:00:00,BHEL,5,6,1,0,7.7,CLEAR,3,8
2026-08-02 05:00:00,Lingampally Station,5,6,1,0,13.4,CLEAR,3,15
2026-08-02 05:00:00,Nallagandla,5,6,1,0,8.6,CLEAR,2,9
2026-08-02 05:00:00,Tellapur,5,6,1,0,9.6,CLEAR,3,12
2026-08-02 05:00:00,Osman Nagar,5,6,1,0,5.8,CLEAR,2,7
2026-08-02 05:00:00,Patancheru,5,6,1,0,7.2,CLEAR,4,9
2026-08-02 05:00:00,HITEC City Metro Stand 2,5,6,1,0,14.4,CLEAR,4,15
2026-08-02 06:00:00,Miyapur Metro,6,6,1,0,11.5,CLEAR,3,13
2026-08-02 06:00:00,BHEL,6,6,1,0,7.7,CLEAR,4,10
2026-08-02 06:00:00,Lingampally Station,6,6,1,0,13.4,CLEAR,3,15
2026-08-02 06:00:00,Nallagandla,6,6,1,0,8.6,CLEAR,3,10
2026-08-02 06:00:00,Tellapur,6,6,1,0,9.6,CLEAR,2,10
2026-08-02 06:00:00,Osman Nagar,6,6,1,0,5.8,CLEAR,2,6
2026-08-02 06:00:00,Patancheru,6,6,1,0,7.2,CLEAR,1,8
2026-08-02 06:00:00,HITEC City Metro Stand 2,6,6,1,0,14.4,CLEAR,4,15
2026-08-02 07:00:00,Miyapur Metro,7,6,1,0,11.5,CLEAR,3,12
2026-08-02 07:00:00,BHEL,7,6,1,0,7.7,CLEAR,3,8
2026-08-02 07:00:00,Lingampally Station,7,6,1,0,13.4,CLEAR,3,15
2026-08-02 07:00:00,Nallagandla,7,6,1,0,8.6,CLEAR,0,9
2026-08-02 07:00:00,Tellapur,7,6,1,0,9.6,CLEAR,1,10
2026-08-02 07:00:00,Osman Nagar,7,6,1,0,5.8,CLEAR,0,6
2026-08-02 07:00:00,Patancheru,7,6,1,0,7.2,CLEAR,1,7
2026-08-02 07:00:00,HITEC City Metro Stand 2,7,6,1,0,14.4,CLEAR,5,16
2026-08-02 08:00:00,Miyapur Metro,8,6,1,1,21.1,CLEAR,7,39
2026-08-02 08:00:00,BHEL,8,6,1,1,14.1,CLEAR,3,24
2026-08-02 08:00:00,Lingampally Station,8,6,1,1,24.6,CLEAR,4,52
2026-08-02 08:00:00,Nallagandla,8,6,1,1,15.8,CLEAR,7,35
2026-08-02 08:00:00,Tellapur,8,6,1,1,17.6,CLEAR,6,44
2026-08-02 08:00:00,Osman Nagar,8,6,1,1,10.6,CLEAR,4,21
2026-08-02 08:00:00,Patancheru,8,6,1,1,13.2,CLEAR,6,22
2026-08-02 08:00:00,HITEC City Metro Stand 2,8,6,1,1,26.4,CLEAR,5,61
2026-08-02 09:00:00,Miyapur Metro,9,6,1,1,21.1,CLEAR,4,37
2026-08-02 09:00:00,BHEL,9,6,1,1,14.1,CLEAR,4,26
2026-08-02 09:00:00,Lingampally Station,9,6,1,1,24.6,CLEAR,8,56
2026-08-02 09:00:00,Nallagandla,9,6,1,1,15.8,CLEAR,3,35
2026-08-02 09:00:00,Tellapur,9,6,1,1,17.6,CLEAR,6,38
2026-08-02 09:00:00,Osman Nagar,9,6,1,1,10.6,CLEAR,5,22
2026-08-02 09:00:00,Patancheru,9,6,1,1,13.2,CLEAR,2,20
2026-08-02 09:00:00,HITEC City Metro Stand 2,9,6,1,1,26.4,CLEAR,6,69
2026-08-02 10:00:00,Miyapur Metro,10,6,1,1,21.1,CLEAR,8,37
2026-08-02 10:00:00,BHEL,10,6,1,1,14.1,CLEAR,5,25
2026-08-02 10:00:00,Lingampally Station,10,6,1,1,24.6,CLEAR,8,54
2026-08-02 10:00:00,Nallagandla,10,6,1,1,15.8,CLEAR,2,36
2026-08-02 10:00:00,Tellapur,10,6,1,1,17.6,CLEAR,7,43
2026-08-02 10:00:00,Osman Nagar,10,6,1,1,10.6,CLEAR,1,21
2026-08-02 10:00:00,Patancheru,10,6,1,1,13.2,CLEAR,5,23
2026-08-02 10:00:00,HITEC City Metro Stand 2,10,6,1,1,26.4,CLEAR,7,65
2026-08-02 11:00:00,Miyapur Metro,11,6,1,1,21.1,CLEAR,6,35
2026-08-02 11:00:00,BHEL,11,6,1,1,14.1,CLEAR,6,30
2026-08-02 11:00:00,Lingampally Station,11,6,1,1,24.6,CLEAR,5,57
2026-08-02 11:00:00,Nallagandla,11,6,1,1,15.8,CLEAR,5,38
2026-08-02 11:00:00,Tellapur,11,6,1,1,17.6,CLEAR,6,41
2026-08-02 11:00:00,Osman Nagar,11,6,1,1,10.6,CLEAR,4,22
2026-08-02 11:00:00,Patancheru,11,6,1,1,13.2,CLEAR,3,24
2026-08-02 11:00:00,HITEC City Metro Stand 2,11,6,1,1,26.4,CLEAR,7,67
2026-08-02 12:00:00,Miyapur Metro,12,6,1,0,16.3,CLEAR,4,19
2026-08-02 12:00:00,BHEL,12,6,1,0,10.9,CLEAR,2,13
2026-08-02 12:00:00,Lingampally Station,12,6,1,0,19.0,CLEAR,7,20
2026-08-02 12:00:00,Nallagandla,12,6,1,0,12.2,CLEAR,5,14
2026-08-02 12:00:00,Tellapur,12,6,1,0,13.6,CLEAR,4,16
2026-08-02 12:00:00,Osman Nagar,12,6,1,0,8.2,CLEAR,2,8
2026-08-02 12:00:00,Patancheru,12,6,1,0,10.2,CLEAR,5,12
2026-08-02 12:00:00,HITEC City Metro Stand 2,12,6,1,0,20.4,CLEAR,4,24
2026-08-02 13:00:00,Miyapur Metro,13,6,1,0,16.3,CLEAR,4,19
2026-08-02 13:00:00,BHEL,13,6,1,0,10.9,CLEAR,4,12
2026-08-02 13:00:00,Lingampally Station,13,6,1,0,19.0,CLEAR,3,22
2026-08-02 13:00:00,Nallagandla,13,6,1,0,12.2,CLEAR,1,13
2026-08-02 13:00:00,Tellapur,13,6,1,0,13.6,CLEAR,4,16
2026-08-02 13:00:00,Osman Nagar,13,6,1,0,8.2,CLEAR,4,10
2026-08-02 13:00:00,Patancheru,13,6,1,0,10.2,CLEAR,3,12
2026-08-02 13:00:00,HITEC City Metro Stand 2,13,6,1,0,20.4,CLEAR,4,21
2026-08-02 14:00:00,Miyapur Metro,14,6,1,0,16.3,CLEAR,6,18
2026-08-02 14:00:00,BHEL,14,6,1,0,10.9,CLEAR,4,13
2026-08-02 14:00:00,Lingampally Station,14,6,1,0,19.0,CLEAR,5,21
2026-08-02 14:00:00,Nallagandla,14,6,1,0,12.2,CLEAR,5,14
2026-08-02 14:00:00,Tellapur,14,6,1,0,13.6,CLEAR,5,15
2026-08-02 14:00:00,Osman Nagar,14,6,1,0,8.2,CLEAR,1,8
2026-08-02 14:00:00,Patancheru,14,6,1,0,10.2,CLEAR,2,10
2026-08-02 14:00:00,HITEC City Metro Stand 2,14,6,1,0,20.4,CLEAR,6,24
2026-08-02 15:00:00,Miyapur Metro,15,6,1,0,16.3,CLEAR,3,17
2026-08-02 15:00:00,BHEL,15,6,1,0,10.9,CLEAR,3,13
2026-08-02 15:00:00,Lingampally Station,15,6,1,0,19.0,CLEAR,8,22
2026-08-02 15:00:00,Nallagandla,15,6,1,0,12.2,CLEAR,2,12
2026-08-02 15:00:00,Tellapur,15,6,1,0,13.6,CLEAR,2,14
2026-08-02 15:00:00,Osman Nagar,15,6,1,0,8.2,CLEAR,1,8
2026-08-02 15:00:00,Patancheru,15,6,1,0,10.2,CLEAR,3,11
2026-08-02 15:00:00,HITEC City Metro Stand 2,15,6,1,0,20.4,CLEAR,8,24
2026-08-02 16:00:00,Miyapur Metro,16,6,1,0,16.3,CLEAR,6,18
2026-08-02 16:00:00,BHEL,16,6,1,0,10.9,CLEAR,5,13
2026-08-02 16:00:00,Lingampally Station,16,6,1,0,19.0,CLEAR,7,22
2026-08-02 16:00:00,Nallagandla,16,6,1,0,12.2,CLEAR,3,13
2026-08-02 16:00:00,Tellapur,16,6,1,0,13.6,CLEAR,2,13
2026-08-02 16:00:00,Osman Nagar,16,6,1,0,8.2,CLEAR,5,10
2026-08-02 16:00:00,Patancheru,16,6,1,0,10.2,CLEAR,5,12
2026-08-02 16:00:00,HITEC City Metro Stand 2,16,6,1,0,20.4,CLEAR,3,22
2026-08-02 17:00:00,Miyapur Metro,17,6,1,1,25.0,CLEAR,5,53
2026-08-02 17:00:00,BHEL,17,6,1,1,16.6,CLEAR,5,26
2026-08-02 17:00:00,Lingampally Station,17,6,1,1,29.1,CLEAR,10,66
2026-08-02 17:00:00,Nallagandla,17,6,1,1,18.7,CLEAR,6,35
2026-08-02 17:00:00,Tellapur,17,6,1,1,20.8,CLEAR,7,38
2026-08-02 17:00:00,Osman Nagar,17,6,1,1,12.5,CLEAR,4,19
2026-08-02 17:00:00,Patancheru,17,6,1,1,15.6,CLEAR,4,29
2026-08-02 17:00:00,HITEC City Metro Stand 2,17,6,1,1,31.2,CLEAR,11,80
2026-08-02 18:00:00,Miyapur Metro,18,6,1,1,25.0,CLEAR,7,60
2026-08-02 18:00:00,BHEL,18,6,1,1,16.6,CLEAR,6,30
2026-08-02 18:00:00,Lingampally Station,18,6,1,1,29.1,CLEAR,6,66
2026-08-02 18:00:00,Nallagandla,18,6,1,1,18.7,CLEAR,6,32
2026-08-02 18:00:00,Tellapur,18,6,1,1,20.8,CLEAR,4,36
2026-08-02 18:00:00,Osman Nagar,18,6,1,1,12.5,CLEAR,1,18
2026-08-02 18:00:00,Patancheru,18,6,1,1,15.6,CLEAR,5,26
2026-08-02 18:00:00,HITEC City Metro Stand 2,18,6,1,1,31.2,CLEAR,7,85
2026-08-02 19:00:00,Miyapur Metro,19,6,1,1,25.0,CLEAR,8,58
2026-08-02 19:00:00,BHEL,19,6,1,1,16.6,CLEAR,6,30
2026-08-02 19:00:00,Lingampally Station,19,6,1,1,29.1,CLEAR,9,73
2026-08-02 19:00:00,Nallagandla,19,6,1,1,18.7,CLEAR,6,38
2026-08-02 19:00:00,Tellapur,19,6,1,1,20.8,CLEAR,5,40
2026-08-02 19:00:00,Osman Nagar,19,6,1,1,12.5,CLEAR,4,21
2026-08-02 19:00:00,Patancheru,19,6,1,1,15.6,CLEAR,6,25
2026-08-02 19:00:00,HITEC City Metro Stand 2,19,6,1,1,31.2,CLEAR,7,78
2026-08-02 20:00:00,Miyapur Metro,20,6,1,1,25.0,CLEAR,8,60
2026-08-02 20:00:00,BHEL,20,6,1,1,16.6,CLEAR,4,25
2026-08-02 20:00:00,Lingampally Station,20,6,1,1,29.1,CLEAR,9,74
2026-08-02 20:00:00,Nallagandla,20,6,1,1,18.7,CLEAR,7,35
2026-08-02 20:00:00,Tellapur,20,6,1,1,20.8,CLEAR,6,37
2026-08-02 20:00:00,Osman Nagar,20,6,1,1,12.5,CLEAR,1,18
2026-08-02 20:00:00,Patancheru,20,6,1,1,15.6,CLEAR,4,25
2026-08-02 20:00:00,HITEC City Metro Stand 2,20,6,1,1,31.2,CLEAR,6,89
2026-08-02 21:00:00,Miyapur Metro,21,6,1,1,25.0,CLEAR,8,60
2026-08-02 21:00:00,BHEL,21,6,1,1,16.6,CLEAR,7,31
2026-08-02 21:00:00,Lingampally Station,21,6,1,1,29.1,CLEAR,9,68
2026-08-02 21:00:00,Nallagandla,21,6,1,1,18.7,CLEAR,3,35
2026-08-02 21:00:00,Tellapur,21,6,1,1,20.8,CLEAR,6,41
2026-08-02 21:00:00,Osman Nagar,21,6,1,1,12.5,CLEAR,6,19
2026-08-02 21:00:00,Patancheru,21,6,1,1,15.6,CLEAR,5,28
2026-08-02 21:00:00,HITEC City Metro Stand 2,21,6,1,1,31.2,CLEAR,8,75
2026-08-02 22:00:00,Miyapur Metro,22,6,1,0,7.7,CLEAR,2,8
2026-08-02 22:00:00,BHEL,22,6,1,0,5.1,CLEAR,3,7
2026-08-02 22:00:00,Lingampally Station,22,6,1,0,9.0,CLEAR,2,10
2026-08-02 22:00:00,Nallagandla,22,6,1,0,5.8,CLEAR,1,7
2026-08-02 22:00:00,Tellapur,22,6,1,0,6.4,CLEAR,4,8
2026-08-02 22:00:00,Osman Nagar,22,6,1,0,3.8,CLEAR,1,4
2026-08-02 22:00:00,Patancheru,22,6,1,0,4.8,CLEAR,1,6
2026-08-02 22:00:00,HITEC City Metro Stand 2,22,6,1,0,9.6,CLEAR,2,11
2026-08-02 23:00:00,Miyapur Metro,23,6,1,0,7.7,CLEAR,5,10
2026-08-02 23:00:00,BHEL,23,6,1,0,5.1,CLEAR,2,6
2026-08-02 23:00:00,Lingampally Station,23,6,1,0,9.0,CLEAR,1,9
2026-08-02 23:00:00,Nallagandla,23,6,1,0,5.8,CLEAR,3,7
2026-08-02 23:00:00,Tellapur,23,6,1,0,6.4,CLEAR,3,7
2026-08-02 23:00:00,Osman Nagar,23,6,1,0,3.8,CLEAR,2,5
2026-08-02 23:00:00,Patancheru,23,6,1,0,4.8,CLEAR,1,5
2026-08-02 23:00:00,HITEC City Metro Stand 2,23,6,1,0,9.6,CLEAR,1,11
2026-08-03 00:00:00,Miyapur Metro,0,0,0,0,3.6,CLEAR,0,3
2026-08-03 00:00:00,BHEL,0,0,0,0,2.4,CLEAR,1,3
2026-08-03 00:00:00,Lingampally Station,0,0,0,0,4.2,CLEAR,0,5
2026-08-03 00:00:00,Nallagandla,0,0,0,0,2.7,CLEAR,3,4
2026-08-03 00:00:00,Tellapur,0,0,0,0,3.0,CLEAR,0,3
2026-08-03 00:00:00,Osman Nagar,0,0,0,0,1.8,CLEAR,1,2
2026-08-03 00:00:00,Patancheru,0,0,0,0,2.2,CLEAR,1,3
2026-08-03 00:00:00,HITEC City Metro Stand 2,0,0,0,0,4.5,CLEAR,3,6
2026-08-03 01:00:00,Miyapur Metro,1,0,0,0,3.6,CLEAR,0,4
2026-08-03 01:00:00,BHEL,1,0,0,0,2.4,CLEAR,1,3
2026-08-03 01:00:00,Lingampally Station,1,0,0,0,4.2,CLEAR,2,5
2026-08-03 01:00:00,Nallagandla,1,0,0,0,2.7,CLEAR,3,4
2026-08-03 01:00:00,Tellapur,1,0,0,0,3.0,CLEAR,3,4
2026-08-03 01:00:00,Osman Nagar,1,0,0,0,1.8,CLEAR,3,3
2026-08-03 01:00:00,Patancheru,1,0,0,0,2.2,CLEAR,3,3
2026-08-03 01:00:00,HITEC City Metro Stand 2,1,0,0,0,4.5,CLEAR,1,5
2026-08-03 02:00:00,Miyapur Metro,2,0,0,0,3.6,CLEAR,4,5
2026-08-03 02:00:00,BHEL,2,0,0,0,2.4,CLEAR,0,2
2026-08-03 02:00:00,Lingampally Station,2,0,0,0,4.2,CLEAR,1,5
2026-08-03 02:00:00,Nallagandla,2,0,0,0,2.7,CLEAR,1,3
2026-08-03 02:00:00,Tellapur,2,0,0,0,3.0,CLEAR,0,3
2026-08-03 02:00:00,Osman Nagar,2,0,0,0,1.8,CLEAR,2,3
2026-08-03 02:00:00,Patancheru,2,0,0,0,2.2,CLEAR,0,2
2026-08-03 02:00:00,HITEC City Metro Stand 2,2,0,0,0,4.5,CLEAR,0,5
2026-08-03 03:00:00,Miyapur Metro,3,0,0,0,3.6,CLEAR,2,5
2026-08-03 03:00:00,BHEL,3,0,0,0,2.4,CLEAR,1,3
2026-08-03 03:00:00,Lingampally Station,3,0,0,0,4.2,CLEAR,3,6
2026-08-03 03:00:00,Nallagandla,3,0,0,0,2.7,CLEAR,1,3
2026-08-03 03:00:00,Tellapur,3,0,0,0,3.0,CLEAR,1,3
2026-08-03 03:00:00,Osman Nagar,3,0,0,0,1.8,CLEAR,3,3
2026-08-03 03:00:00,Patancheru,3,0,0,0,2.2,CLEAR,1,3
2026-08-03 03:00:00,HITEC City Metro Stand 2,3,0,0,0,4.5,CLEAR,1,5
2026-08-03 04:00:00,Miyapur Metro,4,0,0,0,3.6,CLEAR,1,4
2026-08-03 04:00:00,BHEL,4,0,0,0,2.4,CLEAR,0,2
2026-08-03 04:00:00,Lingampally Station,4,0,0,0,4.2,CLEAR,4,6
2026-08-03 04:00:00,Nallagandla,4,0,0,0,2.7,CLEAR,2,4
2026-08-03 04:00:00,Tellapur,4,0,0,0,3.0,CLEAR,3,4
2026-08-03 04:00:00,Osman Nagar,4,0,0,0,1.8,CLEAR,3,3
2026-08-03 04:00:00,Patancheru,4,0,0,0,2.2,CLEAR,0,2
2026-08-03 04:00:00,HITEC City Metro Stand 2,4,0,0,0,4.5,CLEAR,3,6
2026-08-03 05:00:00,Miyapur Metro,5,0,0,0,14.4,CLEAR,2,14
2026-08-03 05:00:00,BHEL,5,0,0,0,9.6,CLEAR,4,12
2026-08-03 05:00:00,Lingampally Station,5,0,0,0,16.8,CLEAR,7,21
2026-08-03 05:00:00,Nallagandla,5,0,0,0,10.8,CLEAR,3,11
2026-08-03 05:00:00,Tellapur,5,0,0,0,12.0,CLEAR,4,15
2026-08-03 05:00:00,Osman Nagar,5,0,0,0,7.2,CLEAR,2,8
2026-08-03 05:00:00,Patancheru,5,0,0,0,9.0,CLEAR,5,10
2026-08-03 05:00:00,HITEC City Metro Stand 2,5,0,0,0,18.0,CLEAR,6,20
2026-08-03 06:00:00,Miyapur Metro,6,0,0,0,14.4,CLEAR,3,15
2026-08-03 06:00:00,BHEL,6,0,0,0,9.6,CLEAR,3,11
2026-08-03 06:00:00,Lingampally Station,6,0,0,0,16.8,CLEAR,6,18
2026-08-03 06:00:00,Nallagandla,6,0,0,0,10.8,CLEAR,1,12
2026-08-03 06:00:00,Tellapur,6,0,0,0,12.0,CLEAR,4,13
2026-08-03 06:00:00,Osman Nagar,6,0,0,0,7.2,CLEAR,4,8
2026-08-03 06:00:00,Patancheru,6,0,0,0,9.0,CLEAR,3,10
2026-08-03 06:00:00,HITEC City Metro Stand 2,6,0,0,0,18.0,CLEAR,4,18
2026-08-03 07:00:00,Miyapur Metro,7,0,0,0,14.4,CLEAR,6,18
2026-08-03 07:00:00,BHEL,7,0,0,0,9.6,CLEAR,4,11
2026-08-03 07:00:00,Lingampally Station,7,0,0,0,16.8,CLEAR,4,18
2026-08-03 07:00:00,Nallagandla,7,0,0,0,10.8,CLEAR,4,13
2026-08-03 07:00:00,Tellapur,7,0,0,0,12.0,CLEAR,3,13
2026-08-03 07:00:00,Osman Nagar,7,0,0,0,7.2,CLEAR,4,8
2026-08-03 07:00:00,Patancheru,7,0,0,0,9.0,CLEAR,2,10
2026-08-03 07:00:00,HITEC City Metro Stand 2,7,0,0,0,18.0,CLEAR,4,20
2026-08-03 08:00:00,Miyapur Metro,8,0,0,1,45.6,CLEAR,12,86
2026-08-03 08:00:00,BHEL,8,0,0,1,30.4,CLEAR,7,64
2026-08-03 08:00:00,Lingampally Station,8,0,0,1,53.2,CLEAR,15,108
2026-08-03 08:00:00,Nallagandla,8,0,0,1,34.2,CLEAR,9,79
2026-08-03 08:00:00,Tellapur,8,0,0,1,38.0,CLEAR,11,81
2026-08-03 08:00:00,Osman Nagar,8,0,0,1,22.8,CLEAR,7,42
2026-08-03 08:00:00,Patancheru,8,0,0,1,28.5,CLEAR,10,48
2026-08-03 08:00:00,HITEC City Metro Stand 2,8,0,0,1,57.0,CLEAR,16,148
2026-08-03 09:00:00,Miyapur Metro,9,0,0,1,45.6,CLEAR,11,80
2026-08-03 09:00:00,BHEL,9,0,0,1,30.4,CLEAR,9,61
2026-08-03 09:00:00,Lingampally Station,9,0,0,1,53.2,CLEAR,15,117
2026-08-03 09:00:00,Nallagandla,9,0,0,1,34.2,CLEAR,11,79
2026-08-03 09:00:00,Tellapur,9,0,0,1,38.0,CLEAR,12,92
2026-08-03 09:00:00,Osman Nagar,9,0,0,1,22.8,CLEAR,5,41
2026-08-03 09:00:00,Patancheru,9,0,0,1,28.5,CLEAR,8,52
2026-08-03 09:00:00,HITEC City Metro Stand 2,9,0,0,1,57.0,CLEAR,13,137
2026-08-03 10:00:00,Miyapur Metro,10,0,0,1,45.6,CLEAR,13,74
2026-08-03 10:00:00,BHEL,10,0,0,1,30.4,CLEAR,6,58
2026-08-03 10:00:00,Lingampally Station,10,0,0,1,53.2,CLEAR,16,115
2026-08-03 10:00:00,Nallagandla,10,0,0,1,34.2,CLEAR,11,82
2026-08-03 10:00:00,Tellapur,10,0,0,1,38.0,CLEAR,9,94
2026-08-03 10:00:00,Osman Nagar,10,0,0,1,22.8,CLEAR,6,44
2026-08-03 10:00:00,Patancheru,10,0,0,1,28.5,CLEAR,9,48
2026-08-03 10:00:00,HITEC City Metro Stand 2,10,0,0,1,57.0,CLEAR,13,157
2026-08-03 11:00:00,Miyapur Metro,11,0,0,1,45.6,CLEAR,10,85
2026-08-03 11:00:00,BHEL,11,0,0,1,30.4,CLEAR,10,62
2026-08-03 11:00:00,Lingampally Station,11,0,0,1,53.2,CLEAR,16,125
2026-08-03 11:00:00,Nallagandla,11,0,0,1,34.2,CLEAR,11,75
2026-08-03 11:00:00,Tellapur,11,0,0,1,38.0,CLEAR,11,80
2026-08-03 11:00:00,Osman Nagar,11,0,0,1,22.8,CLEAR,6,41
2026-08-03 11:00:00,Patancheru,11,0,0,1,28.5,CLEAR,8,51
2026-08-03 11:00:00,HITEC City Metro Stand 2,11,0,0,1,57.0,CLEAR,15,154
2026-08-03 12:00:00,Miyapur Metro,12,0,0,0,20.4,CLEAR,8,22
2026-08-03 12:00:00,BHEL,12,0,0,0,13.6,CLEAR,3,14
2026-08-03 12:00:00,Lingampally Station,12,0,0,0,23.8,CLEAR,8,28
2026-08-03 12:00:00,Nallagandla,12,0,0,0,15.3,CLEAR,6,17
2026-08-03 12:00:00,Tellapur,12,0,0,0,17.0,CLEAR,3,20
2026-08-03 12:00:00,Osman Nagar,12,0,0,0,10.2,CLEAR,5,12
2026-08-03 12:00:00,Patancheru,12,0,0,0,12.8,CLEAR,3,13
2026-08-03 12:00:00,HITEC City Metro Stand 2,12,0,0,0,25.5,CLEAR,9,28
2026-08-03 13:00:00,Miyapur Metro,13,0,0,0,20.4,CLEAR,6,21
2026-08-03 13:00:00,BHEL,13,0,0,0,13.6,CLEAR,6,15
2026-08-03 13:00:00,Lingampally Station,13,0,0,0,23.8,CLEAR,6,27
2026-08-03 13:00:00,Nallagandla,13,0,0,0,15.3,CLEAR,6,19
2026-08-03 13:00:00,Tellapur,13,0,0,0,17.0,CLEAR,4,20
2026-08-03 13:00:00,Osman Nagar,13,0,0,0,10.2,CLEAR,1,11
2026-08-03 13:00:00,Patancheru,13,0,0,0,12.8,CLEAR,2,14
2026-08-03 13:00:00,HITEC City Metro Stand 2,13,0,0,0,25.5,CLEAR,6,31
2026-08-03 14:00:00,Miyapur Metro,14,0,0,0,20.4,CLEAR,3,21
2026-08-03 14:00:00,BHEL,14,0,0,0,13.6,CLEAR,4,17
2026-08-03 14:00:00,Lingampally Station,14,0,0,0,23.8,CLEAR,8,25
2026-08-03 14:00:00,Nallagandla,14,0,0,0,15.3,CLEAR,5,18
2026-08-03 14:00:00,Tellapur,14,0,0,0,17.0,CLEAR,7,19
2026-08-03 14:00:00,Osman Nagar,14,0,0,0,10.2,CLEAR,3,11
2026-08-03 14:00:00,Patancheru,14,0,0,0,12.8,CLEAR,2,15
2026-08-03 14:00:00,HITEC City Metro Stand 2,14,0,0,0,25.5,CLEAR,7,29
2026-08-03 15:00:00,Miyapur Metro,15,0,0,0,20.4,CLEAR,6,23
2026-08-03 15:00:00,BHEL,15,0,0,0,13.6,CLEAR,2,15
2026-08-03 15:00:00,Lingampally Station,15,0,0,0,23.8,CLEAR,5,24
2026-08-03 15:00:00,Nallagandla,15,0,0,0,15.3,CLEAR,5,16
2026-08-03 15:00:00,Tellapur,15,0,0,0,17.0,CLEAR,6,18
2026-08-03 15:00:00,Osman Nagar,15,0,0,0,10.2,CLEAR,2,12
2026-08-03 15:00:00,Patancheru,15,0,0,0,12.8,CLEAR,3,13
2026-08-03 15:00:00,HITEC City Metro Stand 2,15,0,0,0,25.5,CLEAR,9,27
2026-08-03 16:00:00,Miyapur Metro,16,0,0,0,20.4,CLEAR,7,22
2026-08-03 16:00:00,BHEL,16,0,0,0,13.6,CLEAR,2,14
2026-08-03 16:00:00,Lingampally Station,16,0,0,0,23.8,CLEAR,5,27
2026-08-03 16:00:00,Nallagandla,16,0,0,0,15.3,CLEAR,2,15
2026-08-03 16:00:00,Tellapur,16,0,0,0,17.0,CLEAR,6,19
2026-08-03 16:00:00,Osman Nagar,16,0,0,0,10.2,CLEAR,2,10
2026-08-03 16:00:00,Patancheru,16,0,0,0,12.8,CLEAR,1,14
2026-08-03 16:00:00,HITEC City Metro Stand 2,16,0,0,0,25.5,CLEAR,7,30
2026-08-03 17:00:00,Miyapur Metro,17,0,0,1,50.4,CLEAR,13,124
2026-08-03 17:00:00,BHEL,17,0,0,1,33.6,CLEAR,9,50
2026-08-03 17:00:00,Lingampally Station,17,0,0,1,58.8,CLEAR,15,156
2026-08-03 17:00:00,Nallagandla,17,0,0,1,37.8,CLEAR,8,72
2026-08-03 17:00:00,Tellapur,17,0,0,1,42.0,CLEAR,13,82
2026-08-03 17:00:00,Osman Nagar,17,0,0,1,25.2,CLEAR,7,42
2026-08-03 17:00:00,Patancheru,17,0,0,1,31.5,CLEAR,6,53
2026-08-03 17:00:00,HITEC City Metro Stand 2,17,0,0,1,63.0,CLEAR,16,172
2026-08-03 18:00:00,Miyapur Metro,18,0,0,1,50.4,CLEAR,13,127
2026-08-03 18:00:00,BHEL,18,0,0,1,33.6,CLEAR,7,49
2026-08-03 18:00:00,Lingampally Station,18,0,0,1,58.8,CLEAR,16,130
2026-08-03 18:00:00,Nallagandla,18,0,0,1,37.8,CLEAR,9,70
2026-08-03 18:00:00,Tellapur,18,0,0,1,42.0,CLEAR,11,78
2026-08-03 18:00:00,Osman Nagar,18,0,0,1,25.2,CLEAR,9,39
2026-08-03 18:00:00,Patancheru,18,0,0,1,31.5,CLEAR,8,55
2026-08-03 18:00:00,HITEC City Metro Stand 2,18,0,0,1,63.0,CLEAR,14,172
2026-08-03 19:00:00,Miyapur Metro,19,0,0,1,50.4,CLEAR,15,122
2026-08-03 19:00:00,BHEL,19,0,0,1,33.6,CLEAR,10,57
2026-08-03 19:00:00,Lingampally Station,19,0,0,1,58.8,CLEAR,14,141
2026-08-03 19:00:00,Nallagandla,19,0,0,1,37.8,CLEAR,9,66
2026-08-03 19:00:00,Tellapur,19,0,0,1,42.0,CLEAR,11,79
2026-08-03 19:00:00,Osman Nagar,19,0,0,1,25.2,CLEAR,5,37
2026-08-03 19:00:00,Patancheru,19,0,0,1,31.5,CLEAR,9,53
2026-08-03 19:00:00,HITEC City Metro Stand 2,19,0,0,1,63.0,CLEAR,15,180
2026-08-03 20:00:00,Miyapur Metro,20,0,0,1,50.4,CLEAR,11,124
2026-08-03 20:00:00,BHEL,20,0,0,1,33.6,CLEAR,7,49
2026-08-03 20:00:00,Lingampally Station,20,0,0,1,58.8,CLEAR,16,152
2026-08-03 20:00:00,Nallagandla,20,0,0,1,37.8,CLEAR,10,70
2026-08-03 20:00:00,Tellapur,20,0,0,1,42.0,CLEAR,11,78
2026-08-03 20:00:00,Osman Nagar,20,0,0,1,25.2,CLEAR,5,36
2026-08-03 20:00:00,Patancheru,20,0,0,1,31.5,CLEAR,9,57
2026-08-03 20:00:00,HITEC City Metro Stand 2,20,0,0,1,63.0,CLEAR,18,174
2026-08-03 21:00:00,Miyapur Metro,21,0,0,1,50.4,CLEAR,15,120
2026-08-03 21:00:00,BHEL,21,0,0,1,33.6,CLEAR,8,55
2026-08-03 21:00:00,Lingampally Station,21,0,0,1,58.8,CLEAR,14,147
2026-08-03 21:00:00,Nallagandla,21,0,0,1,37.8,CLEAR,9,63
2026-08-03 21:00:00,Tellapur,21,0,0,1,42.0,CLEAR,13,79
2026-08-03 21:00:00,Osman Nagar,21,0,0,1,25.2,CLEAR,8,39
2026-08-03 21:00:00,Patancheru,21,0,0,1,31.5,CLEAR,10,59
2026-08-03 21:00:00,HITEC City Metro Stand 2,21,0,0,1,63.0,CLEAR,19,178
2026-08-03 22:00:00,Miyapur Metro,22,0,0,0,9.6,CLEAR,3,11
2026-08-03 22:00:00,BHEL,22,0,0,0,6.4,CLEAR,0,7
2026-08-03 22:00:00,Lingampally Station,22,0,0,0,11.2,CLEAR,5,13
2026-08-03 22:00:00,Nallagandla,22,0,0,0,7.2,CLEAR,1,8
2026-08-03 22:00:00,Tellapur,22,0,0,0,8.0,CLEAR,2,9
2026-08-03 22:00:00,Osman Nagar,22,0,0,0,4.8,CLEAR,0,5
2026-08-03 22:00:00,Patancheru,22,0,0,0,6.0,CLEAR,2,7
2026-08-03 22:00:00,HITEC City Metro Stand 2,22,0,0,0,12.0,CLEAR,2,13
2026-08-03 23:00:00,Miyapur Metro,23,0,0,0,9.6,CLEAR,1,11
2026-08-03 23:00:00,BHEL,23,0,0,0,6.4,CLEAR,1,7
2026-08-03 23:00:00,Lingampally Station,23,0,0,0,11.2,CLEAR,3,12
2026-08-03 23:00:00,Nallagandla,23,0,0,0,7.2,CLEAR,3,9
2026-08-03 23:00:00,Tellapur,23,0,0,0,8.0,CLEAR,3,9
2026-08-03 23:00:00,Osman Nagar,23,0,0,0,4.8,CLEAR,0,4
2026-08-03 23:00:00,Patancheru,23,0,0,0,6.0,CLEAR,3,7
2026-08-03 23:00:00,HITEC City Metro Stand 2,23,0,0,0,12.0,CLEAR,2,13
2026-08-04 00:00:00,Miyapur Metro,0,1,0,0,3.6,CLEAR,1,4
2026-08-04 00:00:00,BHEL,0,1,0,0,2.4,CLEAR,2,3
2026-08-04 00:00:00,Lingampally Station,0,1,0,0,4.2,CLEAR,1,4
2026-08-04 00:00:00,Nallagandla,0,1,0,0,2.7,CLEAR,2,4
2026-08-04 00:00:00,Tellapur,0,1,0,0,3.0,CLEAR,2,4
2026-08-04 00:00:00,Osman Nagar,0,1,0,0,1.8,CLEAR,0,2
2026-08-04 00:00:00,Patancheru,0,1,0,0,2.2,CLEAR,0,2
2026-08-04 00:00:00,HITEC City Metro Stand 2,0,1,0,0,4.5,CLEAR,0,4
2026-08-04 01:00:00,Miyapur Metro,1,1,0,0,3.6,CLEAR,0,3
2026-08-04 01:00:00,BHEL,1,1,0,0,2.4,CLEAR,0,3
2026-08-04 01:00:00,Lingampally Station,1,1,0,0,4.2,CLEAR,0,4
2026-08-04 01:00:00,Nallagandla,1,1,0,0,2.7,CLEAR,2,4
2026-08-04 01:00:00,Tellapur,1,1,0,0,3.0,CLEAR,3,4
2026-08-04 01:00:00,Osman Nagar,1,1,0,0,1.8,CLEAR,0,2
2026-08-04 01:00:00,Patancheru,1,1,0,0,2.2,CLEAR,0,2
2026-08-04 01:00:00,HITEC City Metro Stand 2,1,1,0,0,4.5,CLEAR,4,7
2026-08-04 02:00:00,Miyapur Metro,2,1,0,0,3.6,CLEAR,2,4
2026-08-04 02:00:00,BHEL,2,1,0,0,2.4,CLEAR,2,3
2026-08-04 02:00:00,Lingampally Station,2,1,0,0,4.2,CLEAR,0,4
2026-08-04 02:00:00,Nallagandla,2,1,0,0,2.7,CLEAR,0,3
2026-08-04 02:00:00,Tellapur,2,1,0,0,3.0,CLEAR,2,4
2026-08-04 02:00:00,Osman Nagar,2,1,0,0,1.8,CLEAR,3,3
2026-08-04 02:00:00,Patancheru,2,1,0,0,2.2,CLEAR,3,3
2026-08-04 02:00:00,HITEC City Metro Stand 2,2,1,0,0,4.5,CLEAR,2,5
2026-08-04 03:00:00,Miyapur Metro,3,1,0,0,3.6,CLEAR,1,4
2026-08-04 03:00:00,BHEL,3,1,0,0,2.4,CLEAR,0,2
2026-08-04 03:00:00,Lingampally Station,3,1,0,0,4.2,CLEAR,0,4
2026-08-04 03:00:00,Nallagandla,3,1,0,0,2.7,CLEAR,0,3
2026-08-04 03:00:00,Tellapur,3,1,0,0,3.0,CLEAR,3,4
2026-08-04 03:00:00,Osman Nagar,3,1,0,0,1.8,CLEAR,2,3
2026-08-04 03:00:00,Patancheru,3,1,0,0,2.2,CLEAR,3,3
2026-08-04 03:00:00,HITEC City Metro Stand 2,3,1,0,0,4.5,CLEAR,0,4
2026-08-04 04:00:00,Miyapur Metro,4,1,0,0,3.6,CLEAR,2,5
2026-08-04 04:00:00,BHEL,4,1,0,0,2.4,CLEAR,2,3
2026-08-04 04:00:00,Lingampally Station,4,1,0,0,4.2,CLEAR,3,5
2026-08-04 04:00:00,Nallagandla,4,1,0,0,2.7,CLEAR,2,4
2026-08-04 04:00:00,Tellapur,4,1,0,0,3.0,CLEAR,1,4
2026-08-04 04:00:00,Osman Nagar,4,1,0,0,1.8,CLEAR,1,2
2026-08-04 04:00:00,Patancheru,4,1,0,0,2.2,CLEAR,2,3
2026-08-04 04:00:00,HITEC City Metro Stand 2,4,1,0,0,4.5,CLEAR,2,5
2026-08-04 05:00:00,Miyapur Metro,5,1,0,0,14.4,CLEAR,2,15
2026-08-04 05:00:00,BHEL,5,1,0,0,9.6,CLEAR,2,10
2026-08-04 05:00:00,Lingampally Station,5,1,0,0,16.8,CLEAR,2,18
2026-08-04 05:00:00,Nallagandla,5,1,0,0,10.8,CLEAR,2,12
2026-08-04 05:00:00,Tellapur,5,1,0,0,12.0,CLEAR,1,13
2026-08-04 05:00:00,Osman Nagar,5,1,0,0,7.2,CLEAR,0,8
2026-08-04 05:00:00,Patancheru,5,1,0,0,9.0,CLEAR,5,11
2026-08-04 05:00:00,HITEC City Metro Stand 2,5,1,0,0,18.0,CLEAR,5,20
2026-08-04 06:00:00,Miyapur Metro,6,1,0,0,14.4,CLEAR,4,17
2026-08-04 06:00:00,BHEL,6,1,0,0,9.6,CLEAR,5,12
2026-08-04 06:00:00,Lingampally Station,6,1,0,0,16.8,CLEAR,6,20
2026-08-04 06:00:00,Nallagandla,6,1,0,0,10.8,CLEAR,2,12
2026-08-04 06:00:00,Tellapur,6,1,0,0,12.0,CLEAR,2,12
2026-08-04 06:00:00,Osman Nagar,6,1,0,0,7.2,CLEAR,0,8
2026-08-04 06:00:00,Patancheru,6,1,0,0,9.0,CLEAR,2,10
2026-08-04 06:00:00,HITEC City Metro Stand 2,6,1,0,0,18.0,CLEAR,5,19
2026-08-04 07:00:00,Miyapur Metro,7,1,0,0,14.4,CLEAR,3,16
2026-08-04 07:00:00,BHEL,7,1,0,0,9.6,CLEAR,3,11
2026-08-04 07:00:00,Lingampally Station,7,1,0,0,16.8,CLEAR,3,18
2026-08-04 07:00:00,Nallagandla,7,1,0,0,10.8,CLEAR,2,11
2026-08-04 07:00:00,Tellapur,7,1,0,0,12.0,CLEAR,3,14
2026-08-04 07:00:00,Osman Nagar,7,1,0,0,7.2,CLEAR,4,9
2026-08-04 07:00:00,Patancheru,7,1,0,0,9.0,CLEAR,1,9
2026-08-04 07:00:00,HITEC City Metro Stand 2,7,1,0,0,18.0,CLEAR,6,20
2026-08-04 08:00:00,Miyapur Metro,8,1,0,1,45.6,CLEAR,13,81
2026-08-04 08:00:00,BHEL,8,1,0,1,30.4,CLEAR,10,64
2026-08-04 08:00:00,Lingampally Station,8,1,0,1,53.2,CLEAR,13,115
2026-08-04 08:00:00,Nallagandla,8,1,0,1,34.2,CLEAR,7,73
2026-08-04 08:00:00,Tellapur,8,1,0,1,38.0,CLEAR,12,93
2026-08-04 08:00:00,Osman Nagar,8,1,0,1,22.8,CLEAR,6,42
2026-08-04 08:00:00,Patancheru,8,1,0,1,28.5,CLEAR,10,48
2026-08-04 08:00:00,HITEC City Metro Stand 2,8,1,0,1,57.0,CLEAR,14,153
2026-08-04 09:00:00,Miyapur Metro,9,1,0,1,45.6,CLEAR,13,82
2026-08-04 09:00:00,BHEL,9,1,0,1,30.4,CLEAR,10,62
2026-08-04 09:00:00,Lingampally Station,9,1,0,1,53.2,CLEAR,15,114
2026-08-04 09:00:00,Nallagandla,9,1,0,1,34.2,CLEAR,10,75
2026-08-04 09:00:00,Tellapur,9,1,0,1,38.0,CLEAR,9,86
2026-08-04 09:00:00,Osman Nagar,9,1,0,1,22.8,CLEAR,5,39
2026-08-04 09:00:00,Patancheru,9,1,0,1,28.5,CLEAR,10,50
2026-08-04 09:00:00,HITEC City Metro Stand 2,9,1,0,1,57.0,CLEAR,13,132
2026-08-04 10:00:00,Miyapur Metro,10,1,0,1,45.6,CLEAR,10,83
2026-08-04 10:00:00,BHEL,10,1,0,1,30.4,CLEAR,6,61
2026-08-04 10:00:00,Lingampally Station,10,1,0,1,53.2,CLEAR,15,122
2026-08-04 10:00:00,Nallagandla,10,1,0,1,34.2,CLEAR,7,73
2026-08-04 10:00:00,Tellapur,10,1,0,1,38.0,CLEAR,11,82
2026-08-04 10:00:00,Osman Nagar,10,1,0,1,22.8,CLEAR,6,39
2026-08-04 10:00:00,Patancheru,10,1,0,1,28.5,CLEAR,9,52
2026-08-04 10:00:00,HITEC City Metro Stand 2,10,1,0,1,57.0,CLEAR,16,135
2026-08-04 11:00:00,Miyapur Metro,11,1,0,1,45.6,CLEAR,12,77
2026-08-04 11:00:00,BHEL,11,1,0,1,30.4,CLEAR,9,56
2026-08-04 11:00:00,Lingampally Station,11,1,0,1,53.2,CLEAR,14,108
2026-08-04 11:00:00,Nallagandla,11,1,0,1,34.2,CLEAR,10,76
2026-08-04 11:00:00,Tellapur,11,1,0,1,38.0,CLEAR,10,85
2026-08-04 11:00:00,Osman Nagar,11,1,0,1,22.8,CLEAR,8,42
2026-08-04 11:00:00,Patancheru,11,1,0,1,28.5,CLEAR,9,48
2026-08-04 11:00:00,HITEC City Metro Stand 2,11,1,0,1,57.0,CLEAR,17,160
2026-08-04 12:00:00,Miyapur Metro,12,1,0,0,20.4,CLEAR,5,22
2026-08-04 12:00:00,BHEL,12,1,0,0,13.6,CLEAR,3,15
2026-08-04 12:00:00,Lingampally Station,12,1,0,0,23.8,CLEAR,9,29
2026-08-04 12:00:00,Nallagandla,12,1,0,0,15.3,CLEAR,6,17
2026-08-04 12:00:00,Tellapur,12,1,0,0,17.0,CLEAR,4,19
2026-08-04 12:00:00,Osman Nagar,12,1,0,0,10.2,CLEAR,5,12
2026-08-04 12:00:00,Patancheru,12,1,0,0,12.8,CLEAR,2,15
2026-08-04 12:00:00,HITEC City Metro Stand 2,12,1,0,0,25.5,CLEAR,9,28
2026-08-04 13:00:00,Miyapur Metro,13,1,0,0,20.4,CLEAR,7,22
2026-08-04 13:00:00,BHEL,13,1,0,0,13.6,CLEAR,6,15
2026-08-04 13:00:00,Lingampally Station,13,1,0,0,23.8,CLEAR,6,29
2026-08-04 13:00:00,Nallagandla,13,1,0,0,15.3,CLEAR,3,16
2026-08-04 13:00:00,Tellapur,13,1,0,0,17.0,CLEAR,4,17
2026-08-04 13:00:00,Osman Nagar,13,1,0,0,10.2,CLEAR,1,11
2026-08-04 13:00:00,Patancheru,13,1,0,0,12.8,CLEAR,2,15
2026-08-04 13:00:00,HITEC City Metro Stand 2,13,1,0,0,25.5,CLEAR,6,26
2026-08-04 14:00:00,Miyapur Metro,14,1,0,0,20.4,CLEAR,8,25
2026-08-04 14:00:00,BHEL,14,1,0,0,13.6,CLEAR,5,17
2026-08-04 14:00:00,Lingampally Station,14,1,0,0,23.8,CLEAR,5,25
2026-08-04 14:00:00,Nallagandla,14,1,0,0,15.3,CLEAR,6,19
2026-08-04 14:00:00,Tellapur,14,1,0,0,17.0,CLEAR,3,19
2026-08-04 14:00:00,Osman Nagar,14,1,0,0,10.2,CLEAR,3,10
2026-08-04 14:00:00,Patancheru,14,1,0,0,12.8,CLEAR,2,13
2026-08-04 14:00:00,HITEC City Metro Stand 2,14,1,0,0,25.5,CLEAR,9,30
2026-08-04 15:00:00,Miyapur Metro,15,1,0,0,20.4,CLEAR,7,24
2026-08-04 15:00:00,BHEL,15,1,0,0,13.6,CLEAR,2,14
2026-08-04 15:00:00,Lingampally Station,15,1,0,0,23.8,CLEAR,5,24
2026-08-04 15:00:00,Nallagandla,15,1,0,0,15.3,CLEAR,4,18
2026-08-04 15:00:00,Tellapur,15,1,0,0,17.0,CLEAR,5,18
2026-08-04 15:00:00,Osman Nagar,15,1,0,0,10.2,CLEAR,5,13
2026-08-04 15:00:00,Patancheru,15,1,0,0,12.8,CLEAR,1,13
2026-08-04 15:00:00,HITEC City Metro Stand 2,15,1,0,0,25.5,CLEAR,6,26
2026-08-04 16:00:00,Miyapur Metro,16,1,0,0,20.4,CLEAR,5,23
2026-08-04 16:00:00,BHEL,16,1,0,0,13.6,CLEAR,3,15
2026-08-04 16:00:00,Lingampally Station,16,1,0,0,23.8,CLEAR,7,25
2026-08-04 16:00:00,Nallagandla,16,1,0,0,15.3,CLEAR,7,17
2026-08-04 16:00:00,Tellapur,16,1,0,0,17.0,CLEAR,5,19
2026-08-04 16:00:00,Osman Nagar,16,1,0,0,10.2,CLEAR,5,12
2026-08-04 16:00:00,Patancheru,16,1,0,0,12.8,CLEAR,3,14
2026-08-04 16:00:00,HITEC City Metro Stand 2,16,1,0,0,25.5,CLEAR,8,32
2026-08-04 17:00:00,Miyapur Metro,17,1,0,1,50.4,CLEAR,12,105
2026-08-04 17:00:00,BHEL,17,1,0,1,33.6,CLEAR,10,53
2026-08-04 17:00:00,Lingampally Station,17,1,0,1,58.8,CLEAR,16,147
2026-08-04 17:00:00,Nallagandla,17,1,0,1,37.8,CLEAR,11,73
2026-08-04 17:00:00,Tellapur,17,1,0,1,42.0,CLEAR,10,73
2026-08-04 17:00:00,Osman Nagar,17,1,0,1,25.2,CLEAR,7,41
2026-08-04 17:00:00,Patancheru,17,1,0,1,31.5,CLEAR,7,57
2026-08-04 17:00:00,HITEC City Metro Stand 2,17,1,0,1,63.0,CLEAR,16,172
2026-08-04 18:00:00,Miyapur Metro,18,1,0,1,50.4,CLEAR,14,125
2026-08-04 18:00:00,BHEL,18,1,0,1,33.6,CLEAR,7,57
2026-08-04 18:00:00,Lingampally Station,18,1,0,1,58.8,CLEAR,15,136
2026-08-04 18:00:00,Nallagandla,18,1,0,1,37.8,CLEAR,8,64
2026-08-04 18:00:00,Tellapur,18,1,0,1,42.0,CLEAR,9,87
2026-08-04 18:00:00,Osman Nagar,18,1,0,1,25.2,CLEAR,7,42
2026-08-04 18:00:00,Patancheru,18,1,0,1,31.5,CLEAR,9,52
2026-08-04 18:00:00,HITEC City Metro Stand 2,18,1,0,1,63.0,CLEAR,18,156
2026-08-04 19:00:00,Miyapur Metro,19,1,0,1,50.4,CLEAR,12,124
2026-08-04 19:00:00,BHEL,19,1,0,1,33.6,CLEAR,11,53
2026-08-04 19:00:00,Lingampally Station,19,1,0,1,58.8,CLEAR,13,138
2026-08-04 19:00:00,Nallagandla,19,1,0,1,37.8,CLEAR,12,73
2026-08-04 19:00:00,Tellapur,19,1,0,1,42.0,CLEAR,13,80
2026-08-04 19:00:00,Osman Nagar,19,1,0,1,25.2,CLEAR,9,39
2026-08-04 19:00:00,Patancheru,19,1,0,1,31.5,CLEAR,8,59
2026-08-04 19:00:00,HITEC City Metro Stand 2,19,1,0,1,63.0,CLEAR,16,176
2026-08-04 20:00:00,Miyapur Metro,20,1,0,1,50.4,CLEAR,14,107
2026-08-04 20:00:00,BHEL,20,1,0,1,33.6,CLEAR,9,58
2026-08-04 20:00:00,Lingampally Station,20,1,0,1,58.8,CLEAR,15,137
2026-08-04 20:00:00,Nallagandla,20,1,0,1,37.8,CLEAR,8,70
2026-08-04 20:00:00,Tellapur,20,1,0,1,42.0,CLEAR,10,82
2026-08-04 20:00:00,Osman Nagar,20,1,0,1,25.2,CLEAR,6,40
2026-08-04 20:00:00,Patancheru,20,1,0,1,31.5,CLEAR,8,49
2026-08-04 20:00:00,HITEC City Metro Stand 2,20,1,0,1,63.0,CLEAR,18,161
2026-08-04 21:00:00,Miyapur Metro,21,1,0,1,50.4,CLEAR,16,113
2026-08-04 21:00:00,BHEL,21,1,0,1,33.6,CLEAR,11,60
2026-08-04 21:00:00,Lingampally Station,21,1,0,1,58.8,CLEAR,13,146
2026-08-04 21:00:00,Nallagandla,21,1,0,1,37.8,CLEAR,9,73
2026-08-04 21:00:00,Tellapur,21,1,0,1,42.0,CLEAR,12,89
2026-08-04 21:00:00,Osman Nagar,21,1,0,1,25.2,CLEAR,5,38
2026-08-04 21:00:00,Patancheru,21,1,0,1,31.5,CLEAR,10,50
2026-08-04 21:00:00,HITEC City Metro Stand 2,21,1,0,1,63.0,CLEAR,14,174
2026-08-04 22:00:00,Miyapur Metro,22,1,0,0,9.6,CLEAR,2,10
2026-08-04 22:00:00,BHEL,22,1,0,0,6.4,CLEAR,2,7
2026-08-04 22:00:00,Lingampally Station,22,1,0,0,11.2,CLEAR,4,14
2026-08-04 22:00:00,Nallagandla,22,1,0,0,7.2,CLEAR,2,8
2026-08-04 22:00:00,Tellapur,22,1,0,0,8.0,CLEAR,3,9
2026-08-04 22:00:00,Osman Nagar,22,1,0,0,4.8,CLEAR,1,5
2026-08-04 22:00:00,Patancheru,22,1,0,0,6.0,CLEAR,1,6
2026-08-04 22:00:00,HITEC City Metro Stand 2,22,1,0,0,12.0,CLEAR,5,14
2026-08-04 23:00:00,Miyapur Metro,23,1,0,0,9.6,CLEAR,2,11
2026-08-04 23:00:00,BHEL,23,1,0,0,6.4,CLEAR,1,7
2026-08-04 23:00:00,Lingampally Station,23,1,0,0,11.2,CLEAR,3,14
2026-08-04 23:00:00,Nallagandla,23,1,0,0,7.2,CLEAR,1,8
2026-08-04 23:00:00,Tellapur,23,1,0,0,8.0,CLEAR,2,8
2026-08-04 23:00:00,Osman Nagar,23,1,0,0,4.8,CLEAR,3,6
2026-08-04 23:00:00,Patancheru,23,1,0,0,6.0,CLEAR,4,8
2026-08-04 23:00:00,HITEC City Metro Stand 2,23,1,0,0,12.0,CLEAR,1,13
2026-08-05 00:00:00,Miyapur Metro,0,2,0,0,3.6,CLEAR,0,4
2026-08-05 00:00:00,BHEL,0,2,0,0,2.4,CLEAR,0,2
2026-08-05 00:00:00,Lingampally Station,0,2,0,0,4.2,CLEAR,4,6
2026-08-05 00:00:00,Nallagandla,0,2,0,0,2.7,CLEAR,2,4
2026-08-05 00:00:00,Tellapur,0,2,0,0,3.0,CLEAR,2,4
2026-08-05 00:00:00,Osman Nagar,0,2,0,0,1.8,CLEAR,1,2
2026-08-05 00:00:00,Patancheru,0,2,0,0,2.2,CLEAR,0,2
2026-08-05 00:00:00,HITEC City Metro Stand 2,0,2,0,0,4.5,CLEAR,3,5
2026-08-05 01:00:00,Miyapur Metro,1,2,0,0,3.6,CLEAR,2,4
2026-08-05 01:00:00,BHEL,1,2,0,0,2.4,CLEAR,3,4
2026-08-05 01:00:00,Lingampally Station,1,2,0,0,4.2,CLEAR,2,5
2026-08-05 01:00:00,Nallagandla,1,2,0,0,2.7,CLEAR,0,3
2026-08-05 01:00:00,Tellapur,1,2,0,0,3.0,CLEAR,2,4
2026-08-05 01:00:00,Osman Nagar,1,2,0,0,1.8,CLEAR,2,3
2026-08-05 01:00:00,Patancheru,1,2,0,0,2.2,CLEAR,0,2
2026-08-05 01:00:00,HITEC City Metro Stand 2,1,2,0,0,4.5,CLEAR,2,5
2026-08-05 02:00:00,Miyapur Metro,2,2,0,0,3.6,CLEAR,2,4
2026-08-05 02:00:00,BHEL,2,2,0,0,2.4,CLEAR,3,4
2026-08-05 02:00:00,Lingampally Station,2,2,0,0,4.2,CLEAR,2,5
2026-08-05 02:00:00,Nallagandla,2,2,0,0,2.7,CLEAR,4,4
2026-08-05 02:00:00,Tellapur,2,2,0,0,3.0,CLEAR,3,4
2026-08-05 02:00:00,Osman Nagar,2,2,0,0,1.8,CLEAR,0,2
2026-08-05 02:00:00,Patancheru,2,2,0,0,2.2,CLEAR,0,2
2026-08-05 02:00:00,HITEC City Metro Stand 2,2,2,0,0,4.5,CLEAR,3,6
2026-08-05 03:00:00,Miyapur Metro,3,2,0,0,3.6,CLEAR,4,6
2026-08-05 03:00:00,BHEL,3,2,0,0,2.4,CLEAR,3,3
2026-08-05 03:00:00,Lingampally Station,3,2,0,0,4.2,CLEAR,2,5
2026-08-05 03:00:00,Nallagandla,3,2,0,0,2.7,CLEAR,0,3
2026-08-05 03:00:00,Tellapur,3,2,0,0,3.0,CLEAR,1,3
2026-08-05 03:00:00,Osman Nagar,3,2,0,0,1.8,CLEAR,0,2
2026-08-05 03:00:00,Patancheru,3,2,0,0,2.2,CLEAR,0,2
2026-08-05 03:00:00,HITEC City Metro Stand 2,3,2,0,0,4.5,CLEAR,3,6
2026-08-05 04:00:00,Miyapur Metro,4,2,0,0,3.6,CLEAR,3,5
2026-08-05 04:00:00,BHEL,4,2,0,0,2.4,CLEAR,3,3
2026-08-05 04:00:00,Lingampally Station,4,2,0,0,4.2,CLEAR,0,4
2026-08-05 04:00:00,Nallagandla,4,2,0,0,2.7,CLEAR,2,4
2026-08-05 04:00:00,Tellapur,4,2,0,0,3.0,CLEAR,3,4
2026-08-05 04:00:00,Osman Nagar,4,2,0,0,1.8,CLEAR,2,3
2026-08-05 04:00:00,Patancheru,4,2,0,0,2.2,CLEAR,2,3
2026-08-05 04:00:00,HITEC City Metro Stand 2,4,2,0,0,4.5,CLEAR,4,6
2026-08-05 05:00:00,Miyapur Metro,5,2,0,0,14.4,CLEAR,6,18
2026-08-05 05:00:00,BHEL,5,2,0,0,9.6,CLEAR,2,10
2026-08-05 05:00:00,Lingampally Station,5,2,0,0,16.8,CLEAR,2,18
2026-08-05 05:00:00,Nallagandla,5,2,0,0,10.8,CLEAR,3,11
2026-08-05 05:00:00,Tellapur,5,2,0,0,12.0,CLEAR,4,13
2026-08-05 05:00:00,Osman Nagar,5,2,0,0,7.2,CLEAR,3,9
2026-08-05 05:00:00,Patancheru,5,2,0,0,9.0,CLEAR,5,12
2026-08-05 05:00:00,HITEC City Metro Stand 2,5,2,0,0,18.0,CLEAR,3,19
2026-08-05 06:00:00,Miyapur Metro,6,2,0,0,14.4,CLEAR,4,16
2026-08-05 06:00:00,BHEL,6,2,0,0,9.6,CLEAR,3,10
2026-08-05 06:00:00,Lingampally Station,6,2,0,0,16.8,CLEAR,3,17
2026-08-05 06:00:00,Nallagandla,6,2,0,0,10.8,CLEAR,2,11
2026-08-05 06:00:00,Tellapur,6,2,0,0,12.0,CLEAR,4,13
2026-08-05 06:00:00,Osman Nagar,6,2,0,0,7.2,CLEAR,4,8
2026-08-05 06:00:00,Patancheru,6,2,0,0,9.0,CLEAR,2,10
2026-08-05 06:00:00,HITEC City Metro Stand 2,6,2,0,0,18.0,CLEAR,4,21
2026-08-05 07:00:00,Miyapur Metro,7,2,0,0,14.4,CLEAR,4,16
2026-08-05 07:00:00,BHEL,7,2,0,0,9.6,CLEAR,3,10
2026-08-05 07:00:00,Lingampally Station,7,2,0,0,16.8,CLEAR,2,19
2026-08-05 07:00:00,Nallagandla,7,2,0,0,10.8,CLEAR,3,13
2026-08-05 07:00:00,Tellapur,7,2,0,0,12.0,CLEAR,2,13
2026-08-05 07:00:00,Osman Nagar,7,2,0,0,7.2,CLEAR,0,7
2026-08-05 07:00:00,Patancheru,7,2,0,0,9.0,CLEAR,5,11
2026-08-05 07:00:00,HITEC City Metro Stand 2,7,2,0,0,18.0,CLEAR,5,20
2026-08-05 08:00:00,Miyapur Metro,8,2,0,1,45.6,CLEAR,14,78
2026-08-05 08:00:00,BHEL,8,2,0,1,30.4,CLEAR,10,62
2026-08-05 08:00:00,Lingampally Station,8,2,0,1,53.2,CLEAR,15,110
2026-08-05 08:00:00,Nallagandla,8,2,0,1,34.2,CLEAR,9,77
2026-08-05 08:00:00,Tellapur,8,2,0,1,38.0,CLEAR,8,89
2026-08-05 08:00:00,Osman Nagar,8,2,0,1,22.8,CLEAR,4,41
2026-08-05 08:00:00,Patancheru,8,2,0,1,28.5,CLEAR,9,47
2026-08-05 08:00:00,HITEC City Metro Stand 2,8,2,0,1,57.0,CLEAR,17,150
2026-08-05 09:00:00,Miyapur Metro,9,2,0,1,45.6,CLEAR,10,85
2026-08-05 09:00:00,BHEL,9,2,0,1,30.4,CLEAR,8,62
2026-08-05 09:00:00,Lingampally Station,9,2,0,1,53.2,CLEAR,13,123
2026-08-05 09:00:00,Nallagandla,9,2,0,1,34.2,CLEAR,10,72
2026-08-05 09:00:00,Tellapur,9,2,0,1,38.0,CLEAR,10,88
2026-08-05 09:00:00,Osman Nagar,9,2,0,1,22.8,CLEAR,4,38
2026-08-05 09:00:00,Patancheru,9,2,0,1,28.5,CLEAR,7,49
2026-08-05 09:00:00,HITEC City Metro Stand 2,9,2,0,1,57.0,CLEAR,15,147
2026-08-05 10:00:00,Miyapur Metro,10,2,0,1,45.6,CLEAR,12,76
2026-08-05 10:00:00,BHEL,10,2,0,1,30.4,CLEAR,9,55
2026-08-05 10:00:00,Lingampally Station,10,2,0,1,53.2,CLEAR,16,119
2026-08-05 10:00:00,Nallagandla,10,2,0,1,34.2,CLEAR,8,73
2026-08-05 10:00:00,Tellapur,10,2,0,1,38.0,CLEAR,12,90
2026-08-05 10:00:00,Osman Nagar,10,2,0,1,22.8,CLEAR,7,40
2026-08-05 10:00:00,Patancheru,10,2,0,1,28.5,CLEAR,9,48
2026-08-05 10:00:00,HITEC City Metro Stand 2,10,2,0,1,57.0,CLEAR,16,159
2026-08-05 11:00:00,Miyapur Metro,11,2,0,1,45.6,CLEAR,12,83
2026-08-05 11:00:00,BHEL,11,2,0,1,30.4,CLEAR,9,61
2026-08-05 11:00:00,Lingampally Station,11,2,0,1,53.2,CLEAR,11,111
2026-08-05 11:00:00,Nallagandla,11,2,0,1,34.2,CLEAR,11,81
2026-08-05 11:00:00,Tellapur,11,2,0,1,38.0,CLEAR,11,90
2026-08-05 11:00:00,Osman Nagar,11,2,0,1,22.8,CLEAR,7,43
2026-08-05 11:00:00,Patancheru,11,2,0,1,28.5,CLEAR,6,50
2026-08-05 11:00:00,HITEC City Metro Stand 2,11,2,0,1,57.0,CLEAR,15,154
2026-08-05 12:00:00,Miyapur Metro,12,2,0,0,20.4,CLEAR,4,23
2026-08-05 12:00:00,BHEL,12,2,0,0,13.6,CLEAR,2,16
2026-08-05 12:00:00,Lingampally Station,12,2,0,0,23.8,CLEAR,4,23
2026-08-05 12:00:00,Nallagandla,12,2,0,0,15.3,CLEAR,3,15
2026-08-05 12:00:00,Tellapur,12,2,0,0,17.0,CLEAR,6,19
2026-08-05 12:00:00,Osman Nagar,12,2,0,0,10.2,CLEAR,4,13
2026-08-05 12:00:00,Patancheru,12,2,0,0,12.8,CLEAR,6,16
2026-08-05 12:00:00,HITEC City Metro Stand 2,12,2,0,0,25.5,CLEAR,5,26
2026-08-05 13:00:00,Miyapur Metro,13,2,0,0,20.4,CLEAR,4,21
2026-08-05 13:00:00,BHEL,13,2,0,0,13.6,CLEAR,5,16
2026-08-05 13:00:00,Lingampally Station,13,2,0,0,23.8,CLEAR,6,25
2026-08-05 13:00:00,Nallagandla,13,2,0,0,15.3,CLEAR,6,17
2026-08-05 13:00:00,Tellapur,13,2,0,0,17.0,CLEAR,4,20
2026-08-05 13:00:00,Osman Nagar,13,2,0,0,10.2,CLEAR,4,12
2026-08-05 13:00:00,Patancheru,13,2,0,0,12.8,CLEAR,5,15
2026-08-05 13:00:00,HITEC City Metro Stand 2,13,2,0,0,25.5,CLEAR,5,26
2026-08-05 14:00:00,Miyapur Metro,14,2,0,0,20.4,CLEAR,6,22
2026-08-05 14:00:00,BHEL,14,2,0,0,13.6,CLEAR,6,16
2026-08-05 14:00:00,Lingampally Station,14,2,0,0,23.8,CLEAR,5,25
2026-08-05 14:00:00,Nallagandla,14,2,0,0,15.3,CLEAR,5,17
2026-08-05 14:00:00,Tellapur,14,2,0,0,17.0,CLEAR,4,20
2026-08-05 14:00:00,Osman Nagar,14,2,0,0,10.2,CLEAR,5,12
2026-08-05 14:00:00,Patancheru,14,2,0,0,12.8,CLEAR,2,14
2026-08-05 14:00:00,HITEC City Metro Stand 2,14,2,0,0,25.5,CLEAR,6,31
2026-08-05 15:00:00,Miyapur Metro,15,2,0,0,20.4,CLEAR,7,25
2026-08-05 15:00:00,BHEL,15,2,0,0,13.6,CLEAR,5,15
2026-08-05 15:00:00,Lingampally Station,15,2,0,0,23.8,CLEAR,5,27
2026-08-05 15:00:00,Nallagandla,15,2,0,0,15.3,CLEAR,4,17
2026-08-05 15:00:00,Tellapur,15,2,0,0,17.0,CLEAR,4,19
2026-08-05 15:00:00,Osman Nagar,15,2,0,0,10.2,CLEAR,2,11
2026-08-05 15:00:00,Patancheru,15,2,0,0,12.8,CLEAR,6,16
2026-08-05 15:00:00,HITEC City Metro Stand 2,15,2,0,0,25.5,CLEAR,5,28
2026-08-05 16:00:00,Miyapur Metro,16,2,0,0,20.4,CLEAR,6,22
2026-08-05 16:00:00,BHEL,16,2,0,0,13.6,CLEAR,5,16
2026-08-05 16:00:00,Lingampally Station,16,2,0,0,23.8,CLEAR,7,24
2026-08-05 16:00:00,Nallagandla,16,2,0,0,15.3,CLEAR,4,18
2026-08-05 16:00:00,Tellapur,16,2,0,0,17.0,CLEAR,3,19
2026-08-05 16:00:00,Osman Nagar,16,2,0,0,10.2,CLEAR,1,11
2026-08-05 16:00:00,Patancheru,16,2,0,0,12.8,CLEAR,6,15
2026-08-05 16:00:00,HITEC City Metro Stand 2,16,2,0,0,25.5,CLEAR,9,31
2026-08-05 17:00:00,Miyapur Metro,17,2,0,1,50.4,CLEAR,13,110
2026-08-05 17:00:00,BHEL,17,2,0,1,33.6,CLEAR,11,53
2026-08-05 17:00:00,Lingampally Station,17,2,0,1,58.8,CLEAR,16,155
2026-08-05 17:00:00,Nallagandla,17,2,0,1,37.8,CLEAR,8,69
2026-08-05 17:00:00,Tellapur,17,2,0,1,42.0,CLEAR,11,84
2026-08-05 17:00:00,Osman Nagar,17,2,0,1,25.2,CLEAR,9,42
2026-08-05 17:00:00,Patancheru,17,2,0,1,31.5,CLEAR,7,58
2026-08-05 17:00:00,HITEC City Metro Stand 2,17,2,0,1,63.0,CLEAR,15,180
2026-08-05 18:00:00,Miyapur Metro,18,2,0,1,50.4,CLEAR,16,116
2026-08-05 18:00:00,BHEL,18,2,0,1,33.6,CLEAR,9,59
2026-08-05 18:00:00,Lingampally Station,18,2,0,1,58.8,CLEAR,18,156
2026-08-05 18:00:00,Nallagandla,18,2,0,1,37.8,CLEAR,12,63
2026-08-05 18:00:00,Tellapur,18,2,0,1,42.0,CLEAR,11,74
2026-08-05 18:00:00,Osman Nagar,18,2,0,1,25.2,CLEAR,9,38
2026-08-05 18:00:00,Patancheru,18,2,0,1,31.5,CLEAR,11,56
2026-08-05 18:00:00,HITEC City Metro Stand 2,18,2,0,1,63.0,CLEAR,16,181
2026-08-05 19:00:00,Miyapur Metro,19,2,0,1,50.4,CLEAR,15,117
2026-08-05 19:00:00,BHEL,19,2,0,1,33.6,CLEAR,7,49
2026-08-05 19:00:00,Lingampally Station,19,2,0,1,58.8,CLEAR,14,141
2026-08-05 19:00:00,Nallagandla,19,2,0,1,37.8,CLEAR,9,64
2026-08-05 19:00:00,Tellapur,19,2,0,1,42.0,CLEAR,12,86
2026-08-05 19:00:00,Osman Nagar,19,2,0,1,25.2,CLEAR,7,40
2026-08-05 19:00:00,Patancheru,19,2,0,1,31.5,CLEAR,7,58
2026-08-05 19:00:00,HITEC City Metro Stand 2,19,2,0,1,63.0,CLEAR,18,178
2026-08-05 20:00:00,Miyapur Metro,20,2,0,1,50.4,CLEAR,13,107
2026-08-05 20:00:00,BHEL,20,2,0,1,33.6,CLEAR,10,51
2026-08-05 20:00:00,Lingampally Station,20,2,0,1,58.8,CLEAR,13,137
2026-08-05 20:00:00,Nallagandla,20,2,0,1,37.8,CLEAR,9,65
2026-08-05 20:00:00,Tellapur,20,2,0,1,42.0,CLEAR,10,85
2026-08-05 20:00:00,Osman Nagar,20,2,0,1,25.2,CLEAR,9,38
2026-08-05 20:00:00,Patancheru,20,2,0,1,31.5,CLEAR,9,49
2026-08-05 20:00:00,HITEC City Metro Stand 2,20,2,0,1,63.0,CLEAR,17,173
2026-08-05 21:00:00,Miyapur Metro,21,2,0,1,50.4,CLEAR,11,107
2026-08-05 21:00:00,BHEL,21,2,0,1,33.6,CLEAR,8,53
2026-08-05 21:00:00,Lingampally Station,21,2,0,1,58.8,CLEAR,15,154
2026-08-05 21:00:00,Nallagandla,21,2,0,1,37.8,CLEAR,11,67
2026-08-05 21:00:00,Tellapur,21,2,0,1,42.0,CLEAR,9,87
2026-08-05 21:00:00,Osman Nagar,21,2,0,1,25.2,CLEAR,6,39
2026-08-05 21:00:00,Patancheru,21,2,0,1,31.5,CLEAR,7,50
2026-08-05 21:00:00,HITEC City Metro Stand 2,21,2,0,1,63.0,CLEAR,15,174
2026-08-05 22:00:00,Miyapur Metro,22,2,0,0,9.6,CLEAR,3,11
2026-08-05 22:00:00,BHEL,22,2,0,0,6.4,CLEAR,2,7
2026-08-05 22:00:00,Lingampally Station,22,2,0,0,11.2,CLEAR,3,13
2026-08-05 22:00:00,Nallagandla,22,2,0,0,7.2,CLEAR,1,7
2026-08-05 22:00:00,Tellapur,22,2,0,0,8.0,CLEAR,4,10
2026-08-05 22:00:00,Osman Nagar,22,2,0,0,4.8,CLEAR,0,5
2026-08-05 22:00:00,Patancheru,22,2,0,0,6.0,CLEAR,3,7
2026-08-05 22:00:00,HITEC City Metro Stand 2,22,2,0,0,12.0,CLEAR,4,13
2026-08-05 23:00:00,Miyapur Metro,23,2,0,0,9.6,CLEAR,3,11
2026-08-05 23:00:00,BHEL,23,2,0,0,6.4,CLEAR,2,7
2026-08-05 23:00:00,Lingampally Station,23,2,0,0,11.2,CLEAR,2,12
2026-08-05 23:00:00,Nallagandla,23,2,0,0,7.2,CLEAR,0,7
2026-08-05 23:00:00,Tellapur,23,2,0,0,8.0,CLEAR,3,9
2026-08-05 23:00:00,Osman Nagar,23,2,0,0,4.8,CLEAR,2,6
2026-08-05 23:00:00,Patancheru,23,2,0,0,6.0,CLEAR,2,7
2026-08-05 23:00:00,HITEC City Metro Stand 2,23,2,0,0,12.0,CLEAR,3,12
2026-08-06 00:00:00,Miyapur Metro,0,3,0,0,3.6,CLEAR,3,5
2026-08-06 00:00:00,BHEL,0,3,0,0,2.4,CLEAR,1,3
2026-08-06 00:00:00,Lingampally Station,0,3,0,0,4.2,CLEAR,3,6
2026-08-06 00:00:00,Nallagandla,0,3,0,0,2.7,CLEAR,0,3
2026-08-06 00:00:00,Tellapur,0,3,0,0,3.0,CLEAR,0,3
2026-08-06 00:00:00,Osman Nagar,0,3,0,0,1.8,CLEAR,3,3
2026-08-06 00:00:00,Patancheru,0,3,0,0,2.2,CLEAR,3,3
2026-08-06 00:00:00,HITEC City Metro Stand 2,0,3,0,0,4.5,CLEAR,1,5
2026-08-06 01:00:00,Miyapur Metro,1,3,0,0,3.6,CLEAR,3,5
2026-08-06 01:00:00,BHEL,1,3,0,0,2.4,CLEAR,2,3
2026-08-06 01:00:00,Lingampally Station,1,3,0,0,4.2,CLEAR,4,6
2026-08-06 01:00:00,Nallagandla,1,3,0,0,2.7,CLEAR,3,4
2026-08-06 01:00:00,Tellapur,1,3,0,0,3.0,CLEAR,1,4
2026-08-06 01:00:00,Osman Nagar,1,3,0,0,1.8,CLEAR,2,3
2026-08-06 01:00:00,Patancheru,1,3,0,0,2.2,CLEAR,2,3
2026-08-06 01:00:00,HITEC City Metro Stand 2,1,3,0,0,4.5,CLEAR,0,5
2026-08-06 02:00:00,Miyapur Metro,2,3,0,0,3.6,CLEAR,2,5
2026-08-06 02:00:00,BHEL,2,3,0,0,2.4,CLEAR,0,2
2026-08-06 02:00:00,Lingampally Station,2,3,0,0,4.2,CLEAR,0,4
2026-08-06 02:00:00,Nallagandla,2,3,0,0,2.7,CLEAR,2,4
2026-08-06 02:00:00,Tellapur,2,3,0,0,3.0,CLEAR,1,4
2026-08-06 02:00:00,Osman Nagar,2,3,0,0,1.8,CLEAR,0,2
2026-08-06 02:00:00,Patancheru,2,3,0,0,2.2,CLEAR,0,2
2026-08-06 02:00:00,HITEC City Metro Stand 2,2,3,0,0,4.5,CLEAR,3,5
2026-08-06 03:00:00,Miyapur Metro,3,3,0,0,3.6,CLEAR,3,5
2026-08-06 03:00:00,BHEL,3,3,0,0,2.4,CLEAR,2,3
2026-08-06 03:00:00,Lingampally Station,3,3,0,0,4.2,CLEAR,0,4
2026-08-06 03:00:00,Nallagandla,3,3,0,0,2.7,CLEAR,0,2
2026-08-06 03:00:00,Tellapur,3,3,0,0,3.0,CLEAR,2,4
2026-08-06 03:00:00,Osman Nagar,3,3,0,0,1.8,CLEAR,0,2
2026-08-06 03:00:00,Patancheru,3,3,0,0,2.2,CLEAR,1,2
2026-08-06 03:00:00,HITEC City Metro Stand 2,3,3,0,0,4.5,CLEAR,0,5
2026-08-06 04:00:00,Miyapur Metro,4,3,0,0,3.6,CLEAR,0,4
2026-08-06 04:00:00,BHEL,4,3,0,0,2.4,CLEAR,0,3
2026-08-06 04:00:00,Lingampally Station,4,3,0,0,4.2,CLEAR,3,5
2026-08-06 04:00:00,Nallagandla,4,3,0,0,2.7,CLEAR,2,4
2026-08-06 04:00:00,Tellapur,4,3,0,0,3.0,CLEAR,0,3
2026-08-06 04:00:00,Osman Nagar,4,3,0,0,1.8,CLEAR,0,2
2026-08-06 04:00:00,Patancheru,4,3,0,0,2.2,CLEAR,0,2
2026-08-06 04:00:00,HITEC City Metro Stand 2,4,3,0,0,4.5,CLEAR,0,5
2026-08-06 05:00:00,Miyapur Metro,5,3,0,0,14.4,CLEAR,6,18
2026-08-06 05:00:00,BHEL,5,3,0,0,9.6,CLEAR,4,11
2026-08-06 05:00:00,Lingampally Station,5,3,0,0,16.8,CLEAR,5,21
2026-08-06 05:00:00,Nallagandla,5,3,0,0,10.8,CLEAR,5,13
2026-08-06 05:00:00,Tellapur,5,3,0,0,12.0,CLEAR,5,14
2026-08-06 05:00:00,Osman Nagar,5,3,0,0,7.2,CLEAR,2,8
2026-08-06 05:00:00,Patancheru,5,3,0,0,9.0,CLEAR,2,10
2026-08-06 05:00:00,HITEC City Metro Stand 2,5,3,0,0,18.0,CLEAR,5,22
2026-08-06 06:00:00,Miyapur Metro,6,3,0,0,14.4,CLEAR,3,16
2026-08-06 06:00:00,BHEL,6,3,0,0,9.6,CLEAR,4,12
2026-08-06 06:00:00,Lingampally Station,6,3,0,0,16.8,CLEAR,5,21
2026-08-06 06:00:00,Nallagandla,6,3,0,0,10.8,CLEAR,3,11
2026-08-06 06:00:00,Tellapur,6,3,0,0,12.0,CLEAR,2,12
2026-08-06 06:00:00,Osman Nagar,6,3,0,0,7.2,CLEAR,3,9
2026-08-06 06:00:00,Patancheru,6,3,0,0,9.0,CLEAR,4,10
2026-08-06 06:00:00,HITEC City Metro Stand 2,6,3,0,0,18.0,CLEAR,6,19
2026-08-06 07:00:00,Miyapur Metro,7,3,0,0,14.4,CLEAR,3,16
2026-08-06 07:00:00,BHEL,7,3,0,0,9.6,CLEAR,3,12
2026-08-06 07:00:00,Lingampally Station,7,3,0,0,16.8,CLEAR,3,19
2026-08-06 07:00:00,Nallagandla,7,3,0,0,10.8,CLEAR,4,13
2026-08-06 07:00:00,Tellapur,7,3,0,0,12.0,CLEAR,3,14
2026-08-06 07:00:00,Osman Nagar,7,3,0,0,7.2,CLEAR,1,8
2026-08-06 07:00:00,Patancheru,7,3,0,0,9.0,CLEAR,0,10
2026-08-06 07:00:00,HITEC City Metro Stand 2,7,3,0,0,18.0,CLEAR,7,19
2026-08-06 08:00:00,Miyapur Metro,8,3,0,1,45.6,CLEAR,14,79
2026-08-06 08:00:00,BHEL,8,3,0,1,30.4,CLEAR,7,59
2026-08-06 08:00:00,Lingampally Station,8,3,0,1,53.2,CLEAR,12,122
2026-08-06 08:00:00,Nallagandla,8,3,0,1,34.2,CLEAR,9,80
2026-08-06 08:00:00,Tellapur,8,3,0,1,38.0,CLEAR,9,89
2026-08-06 08:00:00,Osman Nagar,8,3,0,1,22.8,CLEAR,5,39
2026-08-06 08:00:00,Patancheru,8,3,0,1,28.5,CLEAR,8,49
2026-08-06 08:00:00,HITEC City Metro Stand 2,8,3,0,1,57.0,CLEAR,13,158
2026-08-06 09:00:00,Miyapur Metro,9,3,0,1,45.6,CLEAR,12,84
2026-08-06 09:00:00,BHEL,9,3,0,1,30.4,CLEAR,10,58
2026-08-06 09:00:00,Lingampally Station,9,3,0,1,53.2,CLEAR,13,114
2026-08-06 09:00:00,Nallagandla,9,3,0,1,34.2,CLEAR,8,70
2026-08-06 09:00:00,Tellapur,9,3,0,1,38.0,CLEAR,9,96
2026-08-06 09:00:00,Osman Nagar,9,3,0,1,22.8,CLEAR,7,41
2026-08-06 09:00:00,Patancheru,9,3,0,1,28.5,CLEAR,6,47
2026-08-06 09:00:00,HITEC City Metro Stand 2,9,3,0,1,57.0,CLEAR,14,154
2026-08-06 10:00:00,Miyapur Metro,10,3,0,1,45.6,CLEAR,12,81
2026-08-06 10:00:00,BHEL,10,3,0,1,30.4,CLEAR,9,56
2026-08-06 10:00:00,Lingampally Station,10,3,0,1,53.2,CLEAR,15,124
2026-08-06 10:00:00,Nallagandla,10,3,0,1,34.2,CLEAR,10,76
2026-08-06 10:00:00,Tellapur,10,3,0,1,38.0,CLEAR,8,93
2026-08-06 10:00:00,Osman Nagar,10,3,0,1,22.8,CLEAR,5,43
2026-08-06 10:00:00,Patancheru,10,3,0,1,28.5,CLEAR,8,53
2026-08-06 10:00:00,HITEC City Metro Stand 2,10,3,0,1,57.0,CLEAR,15,148
2026-08-06 11:00:00,Miyapur Metro,11,3,0,1,45.6,CLEAR,10,70
2026-08-06 11:00:00,BHEL,11,3,0,1,30.4,CLEAR,10,65
2026-08-06 11:00:00,Lingampally Station,11,3,0,1,53.2,CLEAR,15,120
2026-08-06 11:00:00,Nallagandla,11,3,0,1,34.2,CLEAR,9,82
2026-08-06 11:00:00,Tellapur,11,3,0,1,38.0,CLEAR,9,92
2026-08-06 11:00:00,Osman Nagar,11,3,0,1,22.8,CLEAR,4,41
2026-08-06 11:00:00,Patancheru,11,3,0,1,28.5,CLEAR,7,50
2026-08-06 11:00:00,HITEC City Metro Stand 2,11,3,0,1,57.0,CLEAR,16,148
2026-08-06 12:00:00,Miyapur Metro,12,3,0,0,20.4,CLEAR,6,23
2026-08-06 12:00:00,BHEL,12,3,0,0,13.6,CLEAR,1,14
2026-08-06 12:00:00,Lingampally Station,12,3,0,0,23.8,CLEAR,4,26
2026-08-06 12:00:00,Nallagandla,12,3,0,0,15.3,CLEAR,3,18
2026-08-06 12:00:00,Tellapur,12,3,0,0,17.0,CLEAR,2,19
2026-08-06 12:00:00,Osman Nagar,12,3,0,0,10.2,CLEAR,4,13
2026-08-06 12:00:00,Patancheru,12,3,0,0,12.8,CLEAR,6,14
2026-08-06 12:00:00,HITEC City Metro Stand 2,12,3,0,0,25.5,CLEAR,5,26
2026-08-06 13:00:00,Miyapur Metro,13,3,0,0,20.4,CLEAR,4,22
2026-08-06 13:00:00,BHEL,13,3,0,0,13.6,CLEAR,5,15
2026-08-06 13:00:00,Lingampally Station,13,3,0,0,23.8,CLEAR,6,26
2026-08-06 13:00:00,Nallagandla,13,3,0,0,15.3,CLEAR,4,17
2026-08-06 13:00:00,Tellapur,13,3,0,0,17.0,CLEAR,7,19
2026-08-06 13:00:00,Osman Nagar,13,3,0,0,10.2,CLEAR,4,13
2026-08-06 13:00:00,Patancheru,13,3,0,0,12.8,CLEAR,4,16
2026-08-06 13:00:00,HITEC City Metro Stand 2,13,3,0,0,25.5,CLEAR,8,27
2026-08-06 14:00:00,Miyapur Metro,14,3,0,0,20.4,CLEAR,5,23
2026-08-06 14:00:00,BHEL,14,3,0,0,13.6,CLEAR,2,13
2026-08-06 14:00:00,Lingampally Station,14,3,0,0,23.8,CLEAR,5,26
2026-08-06 14:00:00,Nallagandla,14,3,0,0,15.3,CLEAR,4,18
2026-08-06 14:00:00,Tellapur,14,3,0,0,17.0,CLEAR,5,21
2026-08-06 14:00:00,Osman Nagar,14,3,0,0,10.2,CLEAR,1,11
2026-08-06 14:00:00,Patancheru,14,3,0,0,12.8,CLEAR,1,13
2026-08-06 14:00:00,HITEC City Metro Stand 2,14,3,0,0,25.5,CLEAR,9,32
2026-08-06 15:00:00,Miyapur Metro,15,3,0,0,20.4,CLEAR,5,21
2026-08-06 15:00:00,BHEL,15,3,0,0,13.6,CLEAR,2,16
2026-08-06 15:00:00,Lingampally Station,15,3,0,0,23.8,CLEAR,8,28
2026-08-06 15:00:00,Nallagandla,15,3,0,0,15.3,CLEAR,2,18
2026-08-06 15:00:00,Tellapur,15,3,0,0,17.0,CLEAR,4,20
2026-08-06 15:00:00,Osman Nagar,15,3,0,0,10.2,CLEAR,3,12
2026-08-06 15:00:00,Patancheru,15,3,0,0,12.8,CLEAR,5,15
2026-08-06 15:00:00,HITEC City Metro Stand 2,15,3,0,0,25.5,CLEAR,5,26
2026-08-06 16:00:00,Miyapur Metro,16,3,0,0,20.4,CLEAR,4,24
2026-08-06 16:00:00,BHEL,16,3,0,0,13.6,CLEAR,3,16
2026-08-06 16:00:00,Lingampally Station,16,3,0,0,23.8,CLEAR,6,28
2026-08-06 16:00:00,Nallagandla,16,3,0,0,15.3,CLEAR,3,18
2026-08-06 16:00:00,Tellapur,16,3,0,0,17.0,CLEAR,6,20
2026-08-06 16:00:00,Osman Nagar,16,3,0,0,10.2,CLEAR,5,11
2026-08-06 16:00:00,Patancheru,16,3,0,0,12.8,CLEAR,3,15
2026-08-06 16:00:00,HITEC City Metro Stand 2,16,3,0,0,25.5,CLEAR,6,30
2026-08-06 17:00:00,Miyapur Metro,17,3,0,1,50.4,CLEAR,15,115
2026-08-06 17:00:00,BHEL,17,3,0,1,33.6,CLEAR,10,50
2026-08-06 17:00:00,Lingampally Station,17,3,0,1,58.8,CLEAR,14,157
2026-08-06 17:00:00,Nallagandla,17,3,0,1,37.8,CLEAR,10,67
2026-08-06 17:00:00,Tellapur,17,3,0,1,42.0,CLEAR,13,80
2026-08-06 17:00:00,Osman Nagar,17,3,0,1,25.2,CLEAR,8,40
2026-08-06 17:00:00,Patancheru,17,3,0,1,31.5,CLEAR,6,55
2026-08-06 17:00:00,HITEC City Metro Stand 2,17,3,0,1,63.0,CLEAR,18,174
2026-08-06 18:00:00,Miyapur Metro,18,3,0,1,50.4,CLEAR,11,108
2026-08-06 18:00:00,BHEL,18,3,0,1,33.6,CLEAR,10,56
2026-08-06 18:00:00,Lingampally Station,18,3,0,1,58.8,CLEAR,16,138
2026-08-06 18:00:00,Nallagandla,18,3,0,1,37.8,CLEAR,8,61
2026-08-06 18:00:00,Tellapur,18,3,0,1,42.0,CLEAR,10,78
2026-08-06 18:00:00,Osman Nagar,18,3,0,1,25.2,CLEAR,6,35
2026-08-06 18:00:00,Patancheru,18,3,0,1,31.5,CLEAR,7,53
2026-08-06 18:00:00,HITEC City Metro Stand 2,18,3,0,1,63.0,CLEAR,17,163
2026-08-06 19:00:00,Miyapur Metro,19,3,0,1,50.4,CLEAR,11,113
2026-08-06 19:00:00,BHEL,19,3,0,1,33.6,CLEAR,7,55
2026-08-06 19:00:00,Lingampally Station,19,3,0,1,58.8,CLEAR,14,139
2026-08-06 19:00:00,Nallagandla,19,3,0,1,37.8,CLEAR,9,67
2026-08-06 19:00:00,Tellapur,19,3,0,1,42.0,CLEAR,9,87
2026-08-06 19:00:00,Osman Nagar,19,3,0,1,25.2,CLEAR,9,43
2026-08-06 19:00:00,Patancheru,19,3,0,1,31.5,CLEAR,9,51
2026-08-06 19:00:00,HITEC City Metro Stand 2,19,3,0,1,63.0,CLEAR,16,153
2026-08-06 20:00:00,Miyapur Metro,20,3,0,1,50.4,CLEAR,12,117
2026-08-06 20:00:00,BHEL,20,3,0,1,33.6,CLEAR,7,53
2026-08-06 20:00:00,Lingampally Station,20,3,0,1,58.8,CLEAR,15,142
2026-08-06 20:00:00,Nallagandla,20,3,0,1,37.8,CLEAR,8,65
2026-08-06 20:00:00,Tellapur,20,3,0,1,42.0,CLEAR,10,82
2026-08-06 20:00:00,Osman Nagar,20,3,0,1,25.2,CLEAR,7,36
2026-08-06 20:00:00,Patancheru,20,3,0,1,31.5,CLEAR,6,51
2026-08-06 20:00:00,HITEC City Metro Stand 2,20,3,0,1,63.0,CLEAR,18,160
2026-08-06 21:00:00,Miyapur Metro,21,3,0,1,50.4,CLEAR,14,125
2026-08-06 21:00:00,BHEL,21,3,0,1,33.6,CLEAR,8,52
2026-08-06 21:00:00,Lingampally Station,21,3,0,1,58.8,CLEAR,17,154
2026-08-06 21:00:00,Nallagandla,21,3,0,1,37.8,CLEAR,12,65
2026-08-06 21:00:00,Tellapur,21,3,0,1,42.0,CLEAR,10,88
2026-08-06 21:00:00,Osman Nagar,21,3,0,1,25.2,CLEAR,5,36
2026-08-06 21:00:00,Patancheru,21,3,0,1,31.5,CLEAR,11,61
2026-08-06 21:00:00,HITEC City Metro Stand 2,21,3,0,1,63.0,CLEAR,15,172
2026-08-06 22:00:00,Miyapur Metro,22,3,0,0,9.6,CLEAR,3,11
2026-08-06 22:00:00,BHEL,22,3,0,0,6.4,CLEAR,1,7
2026-08-06 22:00:00,Lingampally Station,22,3,0,0,11.2,CLEAR,5,13
2026-08-06 22:00:00,Nallagandla,22,3,0,0,7.2,CLEAR,0,7
2026-08-06 22:00:00,Tellapur,22,3,0,0,8.0,CLEAR,3,9
2026-08-06 22:00:00,Osman Nagar,22,3,0,0,4.8,CLEAR,3,6
2026-08-06 22:00:00,Patancheru,22,3,0,0,6.0,CLEAR,4,8
2026-08-06 22:00:00,HITEC City Metro Stand 2,22,3,0,0,12.0,CLEAR,5,14
2026-08-06 23:00:00,Miyapur Metro,23,3,0,0,9.6,CLEAR,2,11
2026-08-06 23:00:00,BHEL,23,3,0,0,6.4,CLEAR,4,8
2026-08-06 23:00:00,Lingampally Station,23,3,0,0,11.2,CLEAR,3,13
2026-08-06 23:00:00,Nallagandla,23,3,0,0,7.2,CLEAR,3,8
2026-08-06 23:00:00,Tellapur,23,3,0,0,8.0,CLEAR,3,10
2026-08-06 23:00:00,Osman Nagar,23,3,0,0,4.8,CLEAR,3,6
2026-08-06 23:00:00,Patancheru,23,3,0,0,6.0,CLEAR,4,8
2026-08-06 23:00:00,HITEC City Metro Stand 2,23,3,0,0,12.0,CLEAR,3,13
2026-08-07 00:00:00,Miyapur Metro,0,4,0,0,3.6,CLEAR,2,4
2026-08-07 00:00:00,BHEL,0,4,0,0,2.4,CLEAR,3,4
2026-08-07 00:00:00,Lingampally Station,0,4,0,0,4.2,CLEAR,4,6
2026-08-07 00:00:00,Nallagandla,0,4,0,0,2.7,CLEAR,2,3
2026-08-07 00:00:00,Tellapur,0,4,0,0,3.0,CLEAR,3,4
2026-08-07 00:00:00,Osman Nagar,0,4,0,0,1.8,CLEAR,0,2
2026-08-07 00:00:00,Patancheru,0,4,0,0,2.2,CLEAR,0,2
2026-08-07 00:00:00,HITEC City Metro Stand 2,0,4,0,0,4.5,CLEAR,3,6
2026-08-07 01:00:00,Miyapur Metro,1,4,0,0,3.6,CLEAR,3,5
2026-08-07 01:00:00,BHEL,1,4,0,0,2.4,CLEAR,1,3
2026-08-07 01:00:00,Lingampally Station,1,4,0,0,4.2,CLEAR,0,4
2026-08-07 01:00:00,Nallagandla,1,4,0,0,2.7,CLEAR,1,3
2026-08-07 01:00:00,Tellapur,1,4,0,0,3.0,CLEAR,2,4
2026-08-07 01:00:00,Osman Nagar,1,4,0,0,1.8,CLEAR,0,2
2026-08-07 01:00:00,Patancheru,1,4,0,0,2.2,CLEAR,1,3
2026-08-07 01:00:00,HITEC City Metro Stand 2,1,4,0,0,4.5,CLEAR,1,4
2026-08-07 02:00:00,Miyapur Metro,2,4,0,0,3.6,CLEAR,0,4
2026-08-07 02:00:00,BHEL,2,4,0,0,2.4,CLEAR,3,3
2026-08-07 02:00:00,Lingampally Station,2,4,0,0,4.2,CLEAR,4,6
2026-08-07 02:00:00,Nallagandla,2,4,0,0,2.7,CLEAR,0,3
2026-08-07 02:00:00,Tellapur,2,4,0,0,3.0,CLEAR,0,3
2026-08-07 02:00:00,Osman Nagar,2,4,0,0,1.8,CLEAR,1,2
2026-08-07 02:00:00,Patancheru,2,4,0,0,2.2,CLEAR,2,3
2026-08-07 02:00:00,HITEC City Metro Stand 2,2,4,0,0,4.5,CLEAR,1,5
2026-08-07 03:00:00,Miyapur Metro,3,4,0,0,3.6,CLEAR,0,4
2026-08-07 03:00:00,BHEL,3,4,0,0,2.4,CLEAR,2,3
2026-08-07 03:00:00,Lingampally Station,3,4,0,0,4.2,CLEAR,0,5
2026-08-07 03:00:00,Nallagandla,3,4,0,0,2.7,CLEAR,0,3
2026-08-07 03:00:00,Tellapur,3,4,0,0,3.0,CLEAR,0,3
2026-08-07 03:00:00,Osman Nagar,3,4,0,0,1.8,CLEAR,3,3
2026-08-07 03:00:00,Patancheru,3,4,0,0,2.2,CLEAR,1,2
2026-08-07 03:00:00,HITEC City Metro Stand 2,3,4,0,0,4.5,CLEAR,2,5
2026-08-07 04:00:00,Miyapur Metro,4,4,0,0,3.6,CLEAR,0,4
2026-08-07 04:00:00,BHEL,4,4,0,0,2.4,CLEAR,0,2
2026-08-07 04:00:00,Lingampally Station,4,4,0,0,4.2,CLEAR,1,5
2026-08-07 04:00:00,Nallagandla,4,4,0,0,2.7,CLEAR,0,3
2026-08-07 04:00:00,Tellapur,4,4,0,0,3.0,CLEAR,3,4
2026-08-07 04:00:00,Osman Nagar,4,4,0,0,1.8,CLEAR,0,2
2026-08-07 04:00:00,Patancheru,4,4,0,0,2.2,CLEAR,0,2
2026-08-07 04:00:00,HITEC City Metro Stand 2,4,4,0,0,4.5,CLEAR,1,5
2026-08-07 05:00:00,Miyapur Metro,5,4,0,0,14.4,CLEAR,6,17
2026-08-07 05:00:00,BHEL,5,4,0,0,9.6,CLEAR,4,12
2026-08-07 05:00:00,Lingampally Station,5,4,0,0,16.8,CLEAR,5,19
2026-08-07 05:00:00,Nallagandla,5,4,0,0,10.8,CLEAR,2,13
2026-08-07 05:00:00,Tellapur,5,4,0,0,12.0,CLEAR,4,15
2026-08-07 05:00:00,Osman Nagar,5,4,0,0,7.2,CLEAR,3,8
2026-08-07 05:00:00,Patancheru,5,4,0,0,9.0,CLEAR,3,9
2026-08-07 05:00:00,HITEC City Metro Stand 2,5,4,0,0,18.0,CLEAR,3,18
2026-08-07 06:00:00,Miyapur Metro,6,4,0,0,14.4,CLEAR,3,15
2026-08-07 06:00:00,BHEL,6,4,0,0,9.6,CLEAR,4,11
2026-08-07 06:00:00,Lingampally Station,6,4,0,0,16.8,CLEAR,4,17
2026-08-07 06:00:00,Nallagandla,6,4,0,0,10.8,CLEAR,3,11
2026-08-07 06:00:00,Tellapur,6,4,0,0,12.0,CLEAR,4,14
2026-08-07 06:00:00,Osman Nagar,6,4,0,0,7.2,CLEAR,3,9
2026-08-07 06:00:00,Patancheru,6,4,0,0,9.0,CLEAR,3,10
2026-08-07 06:00:00,HITEC City Metro Stand 2,6,4,0,0,18.0,CLEAR,3,19
2026-08-07 07:00:00,Miyapur Metro,7,4,0,0,14.4,CLEAR,4,15
2026-08-07 07:00:00,BHEL,7,4,0,0,9.6,CLEAR,2,9
2026-08-07 07:00:00,Lingampally Station,7,4,0,0,16.8,CLEAR,3,19
2026-08-07 07:00:00,Nallagandla,7,4,0,0,10.8,CLEAR,6,13
2026-08-07 07:00:00,Tellapur,7,4,0,0,12.0,CLEAR,3,14
2026-08-07 07:00:00,Osman Nagar,7,4,0,0,7.2,CLEAR,2,9
2026-08-07 07:00:00,Patancheru,7,4,0,0,9.0,CLEAR,3,9
2026-08-07 07:00:00,HITEC City Metro Stand 2,7,4,0,0,18.0,CLEAR,3,20
2026-08-07 08:00:00,Miyapur Metro,8,4,0,1,45.6,CLEAR,11,74
2026-08-07 08:00:00,BHEL,8,4,0,1,30.4,CLEAR,8,54
2026-08-07 08:00:00,Lingampally Station,8,4,0,1,53.2,CLEAR,14,119
2026-08-07 08:00:00,Nallagandla,8,4,0,1,34.2,CLEAR,10,77
2026-08-07 08:00:00,Tellapur,8,4,0,1,38.0,CLEAR,8,81
2026-08-07 08:00:00,Osman Nagar,8,4,0,1,22.8,CLEAR,8,45
2026-08-07 08:00:00,Patancheru,8,4,0,1,28.5,CLEAR,7,52
2026-08-07 08:00:00,HITEC City Metro Stand 2,8,4,0,1,57.0,CLEAR,12,150
2026-08-07 09:00:00,Miyapur Metro,9,4,0,1,45.6,CLEAR,12,86
2026-08-07 09:00:00,BHEL,9,4,0,1,30.4,CLEAR,6,62
2026-08-07 09:00:00,Lingampally Station,9,4,0,1,53.2,CLEAR,15,109
2026-08-07 09:00:00,Nallagandla,9,4,0,1,34.2,CLEAR,12,77
2026-08-07 09:00:00,Tellapur,9,4,0,1,38.0,CLEAR,9,94
2026-08-07 09:00:00,Osman Nagar,9,4,0,1,22.8,CLEAR,6,46
2026-08-07 09:00:00,Patancheru,9,4,0,1,28.5,CLEAR,9,47
2026-08-07 09:00:00,HITEC City Metro Stand 2,9,4,0,1,57.0,CLEAR,16,147
2026-08-07 10:00:00,Miyapur Metro,10,4,0,1,45.6,CLEAR,11,81
2026-08-07 10:00:00,BHEL,10,4,0,1,30.4,CLEAR,9,55
2026-08-07 10:00:00,Lingampally Station,10,4,0,1,53.2,CLEAR,12,105
2026-08-07 10:00:00,Nallagandla,10,4,0,1,34.2,CLEAR,8,69
2026-08-07 10:00:00,Tellapur,10,4,0,1,38.0,CLEAR,9,84
2026-08-07 10:00:00,Osman Nagar,10,4,0,1,22.8,CLEAR,6,40
2026-08-07 10:00:00,Patancheru,10,4,0,1,28.5,CLEAR,9,48
2026-08-07 10:00:00,HITEC City Metro Stand 2,10,4,0,1,57.0,CLEAR,14,155
2026-08-07 11:00:00,Miyapur Metro,11,4,0,1,45.6,CLEAR,14,82
2026-08-07 11:00:00,BHEL,11,4,0,1,30.4,CLEAR,6,63
2026-08-07 11:00:00,Lingampally Station,11,4,0,1,53.2,CLEAR,15,123
2026-08-07 11:00:00,Nallagandla,11,4,0,1,34.2,CLEAR,12,83
2026-08-07 11:00:00,Tellapur,11,4,0,1,38.0,CLEAR,8,94
2026-08-07 11:00:00,Osman Nagar,11,4,0,1,22.8,CLEAR,5,43
2026-08-07 11:00:00,Patancheru,11,4,0,1,28.5,CLEAR,9,52
2026-08-07 11:00:00,HITEC City Metro Stand 2,11,4,0,1,57.0,CLEAR,16,144
2026-08-07 12:00:00,Miyapur Metro,12,4,0,0,20.4,CLEAR,6,22
2026-08-07 12:00:00,BHEL,12,4,0,0,13.6,CLEAR,3,15
2026-08-07 12:00:00,Lingampally Station,12,4,0,0,23.8,CLEAR,7,29
2026-08-07 12:00:00,Nallagandla,12,4,0,0,15.3,CLEAR,2,16
2026-08-07 12:00:00,Tellapur,12,4,0,0,17.0,CLEAR,4,20
2026-08-07 12:00:00,Osman Nagar,12,4,0,0,10.2,CLEAR,2,12
2026-08-07 12:00:00,Patancheru,12,4,0,0,12.8,CLEAR,3,13
2026-08-07 12:00:00,HITEC City Metro Stand 2,12,4,0,0,25.5,CLEAR,8,30
2026-08-07 13:00:00,Miyapur Metro,13,4,0,0,20.4,CLEAR,7,23
2026-08-07 13:00:00,BHEL,13,4,0,0,13.6,CLEAR,5,15
2026-08-07 13:00:00,Lingampally Station,13,4,0,0,23.8,CLEAR,4,26
2026-08-07 13:00:00,Nallagandla,13,4,0,0,15.3,CLEAR,3,16
2026-08-07 13:00:00,Tellapur,13,4,0,0,17.0,CLEAR,3,18
2026-08-07 13:00:00,Osman Nagar,13,4,0,0,10.2,CLEAR,5,12
2026-08-07 13:00:00,Patancheru,13,4,0,0,12.8,CLEAR,4,15
2026-08-07 13:00:00,HITEC City Metro Stand 2,13,4,0,0,25.5,CLEAR,7,28
2026-08-07 14:00:00,Miyapur Metro,14,4,0,0,20.4,CLEAR,7,21
2026-08-07 14:00:00,BHEL,14,4,0,0,13.6,CLEAR,2,15
2026-08-07 14:00:00,Lingampally Station,14,4,0,0,23.8,CLEAR,6,24
2026-08-07 14:00:00,Nallagandla,14,4,0,0,15.3,CLEAR,6,18
2026-08-07 14:00:00,Tellapur,14,4,0,0,17.0,CLEAR,2,20
2026-08-07 14:00:00,Osman Nagar,14,4,0,0,10.2,CLEAR,2,12
2026-08-07 14:00:00,Patancheru,14,4,0,0,12.8,CLEAR,2,14
2026-08-07 14:00:00,HITEC City Metro Stand 2,14,4,0,0,25.5,CLEAR,5,30
2026-08-07 15:00:00,Miyapur Metro,15,4,0,0,20.4,CLEAR,4,23
2026-08-07 15:00:00,BHEL,15,4,0,0,13.6,CLEAR,3,15
2026-08-07 15:00:00,Lingampally Station,15,4,0,0,23.8,CLEAR,8,25
2026-08-07 15:00:00,Nallagandla,15,4,0,0,15.3,CLEAR,4,16
2026-08-07 15:00:00,Tellapur,15,4,0,0,17.0,CLEAR,6,19
2026-08-07 15:00:00,Osman Nagar,15,4,0,0,10.2,CLEAR,4,12
2026-08-07 15:00:00,Patancheru,15,4,0,0,12.8,CLEAR,1,13
2026-08-07 15:00:00,HITEC City Metro Stand 2,15,4,0,0,25.5,CLEAR,5,26
2026-08-07 16:00:00,Miyapur Metro,16,4,0,0,20.4,CLEAR,6,21
2026-08-07 16:00:00,BHEL,16,4,0,0,13.6,CLEAR,5,17
2026-08-07 16:00:00,Lingampally Station,16,4,0,0,23.8,CLEAR,9,27
2026-08-07 16:00:00,Nallagandla,16,4,0,0,15.3,CLEAR,2,15
2026-08-07 16:00:00,Tellapur,16,4,0,0,17.0,CLEAR,4,20
2026-08-07 16:00:00,Osman Nagar,16,4,0,0,10.2,CLEAR,1,10
2026-08-07 16:00:00,Patancheru,16,4,0,0,12.8,CLEAR,6,14
2026-08-07 16:00:00,HITEC City Metro Stand 2,16,4,0,0,25.5,CLEAR,8,30
2026-08-07 17:00:00,Miyapur Metro,17,4,0,1,50.4,CLEAR,11,128
2026-08-07 17:00:00,BHEL,17,4,0,1,33.6,CLEAR,7,54
2026-08-07 17:00:00,Lingampally Station,17,4,0,1,58.8,CLEAR,13,146
2026-08-07 17:00:00,Nallagandla,17,4,0,1,37.8,CLEAR,10,72
2026-08-07 17:00:00,Tellapur,17,4,0,1,42.0,CLEAR,12,75
2026-08-07 17:00:00,Osman Nagar,17,4,0,1,25.2,CLEAR,6,39
2026-08-07 17:00:00,Patancheru,17,4,0,1,31.5,CLEAR,10,50
2026-08-07 17:00:00,HITEC City Metro Stand 2,17,4,0,1,63.0,CLEAR,14,173
2026-08-07 18:00:00,Miyapur Metro,18,4,0,1,50.4,CLEAR,14,115
2026-08-07 18:00:00,BHEL,18,4,0,1,33.6,CLEAR,11,53
2026-08-07 18:00:00,Lingampally Station,18,4,0,1,58.8,CLEAR,13,135
2026-08-07 18:00:00,Nallagandla,18,4,0,1,37.8,CLEAR,8,69
2026-08-07 18:00:00,Tellapur,18,4,0,1,42.0,CLEAR,12,83
2026-08-07 18:00:00,Osman Nagar,18,4,0,1,25.2,CLEAR,8,40
2026-08-07 18:00:00,Patancheru,18,4,0,1,31.5,CLEAR,10,57
2026-08-07 18:00:00,HITEC City Metro Stand 2,18,4,0,1,63.0,CLEAR,15,166
2026-08-07 19:00:00,Miyapur Metro,19,4,0,1,50.4,CLEAR,13,123
2026-08-07 19:00:00,BHEL,19,4,0,1,33.6,CLEAR,8,49
2026-08-07 19:00:00,Lingampally Station,19,4,0,1,58.8,CLEAR,17,157
2026-08-07 19:00:00,Nallagandla,19,4,0,1,37.8,CLEAR,10,63
2026-08-07 19:00:00,Tellapur,19,4,0,1,42.0,CLEAR,11,82
2026-08-07 19:00:00,Osman Nagar,19,4,0,1,25.2,CLEAR,7,42
2026-08-07 19:00:00,Patancheru,19,4,0,1,31.5,CLEAR,11,60
2026-08-07 19:00:00,HITEC City Metro Stand 2,19,4,0,1,63.0,CLEAR,14,177
2026-08-07 20:00:00,Miyapur Metro,20,4,0,1,50.4,CLEAR,13,114
2026-08-07 20:00:00,BHEL,20,4,0,1,33.6,CLEAR,10,58
2026-08-07 20:00:00,Lingampally Station,20,4,0,1,58.8,CLEAR,17,151
2026-08-07 20:00:00,Nallagandla,20,4,0,1,37.8,CLEAR,8,62
2026-08-07 20:00:00,Tellapur,20,4,0,1,42.0,CLEAR,10,73
2026-08-07 20:00:00,Osman Nagar,20,4,0,1,25.2,CLEAR,5,40
2026-08-07 20:00:00,Patancheru,20,4,0,1,31.5,CLEAR,8,56
2026-08-07 20:00:00,HITEC City Metro Stand 2,20,4,0,1,63.0,CLEAR,16,163
2026-08-07 21:00:00,Miyapur Metro,21,4,0,1,50.4,CLEAR,14,107
2026-08-07 21:00:00,BHEL,21,4,0,1,33.6,CLEAR,9,56
2026-08-07 21:00:00,Lingampally Station,21,4,0,1,58.8,CLEAR,14,137
2026-08-07 21:00:00,Nallagandla,21,4,0,1,37.8,CLEAR,10,65
2026-08-07 21:00:00,Tellapur,21,4,0,1,42.0,CLEAR,13,82
2026-08-07 21:00:00,Osman Nagar,21,4,0,1,25.2,CLEAR,6,39
2026-08-07 21:00:00,Patancheru,21,4,0,1,31.5,CLEAR,10,57
2026-08-07 21:00:00,HITEC City Metro Stand 2,21,4,0,1,63.0,CLEAR,14,172
2026-08-07 22:00:00,Miyapur Metro,22,4,0,0,9.6,CLEAR,4,12
2026-08-07 22:00:00,BHEL,22,4,0,0,6.4,CLEAR,0,6
2026-08-07 22:00:00,Lingampally Station,22,4,0,0,11.2,CLEAR,3,12
2026-08-07 22:00:00,Nallagandla,22,4,0,0,7.2,CLEAR,3,8
2026-08-07 22:00:00,Tellapur,22,4,0,0,8.0,CLEAR,4,10
2026-08-07 22:00:00,Osman Nagar,22,4,0,0,4.8,CLEAR,0,5
2026-08-07 22:00:00,Patancheru,22,4,0,0,6.0,CLEAR,3,7
2026-08-07 22:00:00,HITEC City Metro Stand 2,22,4,0,0,12.0,CLEAR,6,15
2026-08-07 23:00:00,Miyapur Metro,23,4,0,0,9.6,CLEAR,4,12
2026-08-07 23:00:00,BHEL,23,4,0,0,6.4,CLEAR,0,6
2026-08-07 23:00:00,Lingampally Station,23,4,0,0,11.2,CLEAR,5,13
2026-08-07 23:00:00,Nallagandla,23,4,0,0,7.2,CLEAR,4,9
2026-08-07 23:00:00,Tellapur,23,4,0,0,8.0,CLEAR,0,9
2026-08-07 23:00:00,Osman Nagar,23,4,0,0,4.8,CLEAR,1,5
2026-08-07 23:00:00,Patancheru,23,4,0,0,6.0,CLEAR,3,7
2026-08-07 23:00:00,HITEC City Metro Stand 2,23,4,0,0,12.0,CLEAR,1,12
2026-08-08 00:00:00,Miyapur Metro,0,5,1,0,2.9,CLEAR,1,3
2026-08-08 00:00:00,BHEL,0,5,1,0,1.9,CLEAR,0,2
2026-08-08 00:00:00,Lingampally Station,0,5,1,0,3.4,CLEAR,0,3
2026-08-08 00:00:00,Nallagandla,0,5,1,0,2.2,CLEAR,2,3
2026-08-08 00:00:00,Tellapur,0,5,1,0,2.4,CLEAR,1,3
2026-08-08 00:00:00,Osman Nagar,0,5,1,0,1.4,CLEAR,3,3
2026-08-08 00:00:00,Patancheru,0,5,1,0,1.8,CLEAR,1,2
2026-08-08 00:00:00,HITEC City Metro Stand 2,0,5,1,0,3.6,CLEAR,0,4
2026-08-08 01:00:00,Miyapur Metro,1,5,1,0,2.9,CLEAR,3,4
2026-08-08 01:00:00,BHEL,1,5,1,0,1.9,CLEAR,3,3
2026-08-08 01:00:00,Lingampally Station,1,5,1,0,3.4,CLEAR,1,4
2026-08-08 01:00:00,Nallagandla,1,5,1,0,2.2,CLEAR,1,3
2026-08-08 01:00:00,Tellapur,1,5,1,0,2.4,CLEAR,0,2
2026-08-08 01:00:00,Osman Nagar,1,5,1,0,1.4,CLEAR,0,1
2026-08-08 01:00:00,Patancheru,1,5,1,0,1.8,CLEAR,3,3
2026-08-08 01:00:00,HITEC City Metro Stand 2,1,5,1,0,3.6,CLEAR,3,5
2026-08-08 02:00:00,Miyapur Metro,2,5,1,0,2.9,CLEAR,3,4
2026-08-08 02:00:00,BHEL,2,5,1,0,1.9,CLEAR,1,2
2026-08-08 02:00:00,Lingampally Station,2,5,1,0,3.4,CLEAR,3,5
2026-08-08 02:00:00,Nallagandla,2,5,1,0,2.2,CLEAR,1,2
2026-08-08 02:00:00,Tellapur,2,5,1,0,2.4,CLEAR,0,2
2026-08-08 02:00:00,Osman Nagar,2,5,1,0,1.4,CLEAR,0,1
2026-08-08 02:00:00,Patancheru,2,5,1,0,1.8,CLEAR,1,2
2026-08-08 02:00:00,HITEC City Metro Stand 2,2,5,1,0,3.6,CLEAR,1,4
2026-08-08 03:00:00,Miyapur Metro,3,5,1,0,2.9,CLEAR,0,3
2026-08-08 03:00:00,BHEL,3,5,1,0,1.9,CLEAR,2,3
2026-08-08 03:00:00,Lingampally Station,3,5,1,0,3.4,CLEAR,0,3
2026-08-08 03:00:00,Nallagandla,3,5,1,0,2.2,CLEAR,0,2
2026-08-08 03:00:00,Tellapur,3,5,1,0,2.4,CLEAR,3,4
2026-08-08 03:00:00,Osman Nagar,3,5,1,0,1.4,CLEAR,3,2
2026-08-08 03:00:00,Patancheru,3,5,1,0,1.8,CLEAR,2,3
2026-08-08 03:00:00,HITEC City Metro Stand 2,3,5,1,0,3.6,CLEAR,3,5
2026-08-08 04:00:00,Miyapur Metro,4,5,1,0,2.9,CLEAR,1,3
2026-08-08 04:00:00,BHEL,4,5,1,0,1.9,CLEAR,1,2
2026-08-08 04:00:00,Lingampally Station,4,5,1,0,3.4,CLEAR,4,5
2026-08-08 04:00:00,Nallagandla,4,5,1,0,2.2,CLEAR,0,2
2026-08-08 04:00:00,Tellapur,4,5,1,0,2.4,CLEAR,3,4
2026-08-08 04:00:00,Osman Nagar,4,5,1,0,1.4,CLEAR,2,2
2026-08-08 04:00:00,Patancheru,4,5,1,0,1.8,CLEAR,3,3
2026-08-08 04:00:00,HITEC City Metro Stand 2,4,5,1,0,3.6,CLEAR,0,3
2026-08-08 05:00:00,Miyapur Metro,5,5,1,0,11.5,CLEAR,5,13
2026-08-08 05:00:00,BHEL,5,5,1,0,7.7,CLEAR,3,9
2026-08-08 05:00:00,Lingampally Station,5,5,1,0,13.4,CLEAR,6,15
2026-08-08 05:00:00,Nallagandla,5,5,1,0,8.6,CLEAR,1,9
2026-08-08 05:00:00,Tellapur,5,5,1,0,9.6,CLEAR,4,12
2026-08-08 05:00:00,Osman Nagar,5,5,1,0,5.8,CLEAR,3,7
2026-08-08 05:00:00,Patancheru,5,5,1,0,7.2,CLEAR,1,7
2026-08-08 05:00:00,HITEC City Metro Stand 2,5,5,1,0,14.4,CLEAR,3,17
2026-08-08 06:00:00,Miyapur Metro,6,5,1,0,11.5,CLEAR,4,12
2026-08-08 06:00:00,BHEL,6,5,1,0,7.7,CLEAR,1,8
2026-08-08 06:00:00,Lingampally Station,6,5,1,0,13.4,CLEAR,3,15
2026-08-08 06:00:00,Nallagandla,6,5,1,0,8.6,CLEAR,5,10
2026-08-08 06:00:00,Tellapur,6,5,1,0,9.6,CLEAR,2,10
2026-08-08 06:00:00,Osman Nagar,6,5,1,0,5.8,CLEAR,0,5
2026-08-08 06:00:00,Patancheru,6,5,1,0,7.2,CLEAR,3,9
2026-08-08 06:00:00,HITEC City Metro Stand 2,6,5,1,0,14.4,CLEAR,5,15
2026-08-08 07:00:00,Miyapur Metro,7,5,1,0,11.5,CLEAR,5,13
2026-08-08 07:00:00,BHEL,7,5,1,0,7.7,CLEAR,0,7
2026-08-08 07:00:00,Lingampally Station,7,5,1,0,13.4,CLEAR,3,15
2026-08-08 07:00:00,Nallagandla,7,5,1,0,8.6,CLEAR,4,10
2026-08-08 07:00:00,Tellapur,7,5,1,0,9.6,CLEAR,5,11
2026-08-08 07:00:00,Osman Nagar,7,5,1,0,5.8,CLEAR,1,6
2026-08-08 07:00:00,Patancheru,7,5,1,0,7.2,CLEAR,4,8
2026-08-08 07:00:00,HITEC City Metro Stand 2,7,5,1,0,14.4,CLEAR,4,17
2026-08-08 08:00:00,Miyapur Metro,8,5,1,1,21.1,CLEAR,4,32
2026-08-08 08:00:00,BHEL,8,5,1,1,14.1,CLEAR,6,31
2026-08-08 08:00:00,Lingampally Station,8,5,1,1,24.6,CLEAR,5,55
2026-08-08 08:00:00,Nallagandla,8,5,1,1,15.8,CLEAR,4,36
2026-08-08 08:00:00,Tellapur,8,5,1,1,17.6,CLEAR,6,42
2026-08-08 08:00:00,Osman Nagar,8,5,1,1,10.6,CLEAR,2,20
2026-08-08 08:00:00,Patancheru,8,5,1,1,13.2,CLEAR,1,20
2026-08-08 08:00:00,HITEC City Metro Stand 2,8,5,1,1,26.4,CLEAR,9,67
2026-08-08 09:00:00,Miyapur Metro,9,5,1,1,21.1,CLEAR,4,39
2026-08-08 09:00:00,BHEL,9,5,1,1,14.1,CLEAR,6,27
2026-08-08 09:00:00,Lingampally Station,9,5,1,1,24.6,CLEAR,4,51
2026-08-08 09:00:00,Nallagandla,9,5,1,1,15.8,CLEAR,3,35
2026-08-08 09:00:00,Tellapur,9,5,1,1,17.6,CLEAR,7,41
2026-08-08 09:00:00,Osman Nagar,9,5,1,1,10.6,CLEAR,1,19
2026-08-08 09:00:00,Patancheru,9,5,1,1,13.2,CLEAR,2,21
2026-08-08 09:00:00,HITEC City Metro Stand 2,9,5,1,1,26.4,CLEAR,6,63
2026-08-08 10:00:00,Miyapur Metro,10,5,1,1,21.1,CLEAR,8,34
2026-08-08 10:00:00,BHEL,10,5,1,1,14.1,CLEAR,5,26
2026-08-08 10:00:00,Lingampally Station,10,5,1,1,24.6,CLEAR,6,51
2026-08-08 10:00:00,Nallagandla,10,5,1,1,15.8,CLEAR,5,32
2026-08-08 10:00:00,Tellapur,10,5,1,1,17.6,CLEAR,4,38
2026-08-08 10:00:00,Osman Nagar,10,5,1,1,10.6,CLEAR,2,21
2026-08-08 10:00:00,Patancheru,10,5,1,1,13.2,CLEAR,4,24
2026-08-08 10:00:00,HITEC City Metro Stand 2,10,5,1,1,26.4,CLEAR,9,72
2026-08-08 11:00:00,Miyapur Metro,11,5,1,1,21.1,CLEAR,8,39
2026-08-08 11:00:00,BHEL,11,5,1,1,14.1,CLEAR,3,27
2026-08-08 11:00:00,Lingampally Station,11,5,1,1,24.6,CLEAR,7,57
2026-08-08 11:00:00,Nallagandla,11,5,1,1,15.8,CLEAR,4,34
2026-08-08 11:00:00,Tellapur,11,5,1,1,17.6,CLEAR,3,39
2026-08-08 11:00:00,Osman Nagar,11,5,1,1,10.6,CLEAR,2,21
2026-08-08 11:00:00,Patancheru,11,5,1,1,13.2,CLEAR,5,21
2026-08-08 11:00:00,HITEC City Metro Stand 2,11,5,1,1,26.4,CLEAR,10,68
2026-08-08 12:00:00,Miyapur Metro,12,5,1,0,16.3,CLEAR,6,21
2026-08-08 12:00:00,BHEL,12,5,1,0,10.9,CLEAR,6,12
2026-08-08 12:00:00,Lingampally Station,12,5,1,0,19.0,CLEAR,6,21
2026-08-08 12:00:00,Nallagandla,12,5,1,0,12.2,CLEAR,5,15
2026-08-08 12:00:00,Tellapur,12,5,1,0,13.6,CLEAR,2,16
2026-08-08 12:00:00,Osman Nagar,12,5,1,0,8.2,CLEAR,1,9
2026-08-08 12:00:00,Patancheru,12,5,1,0,10.2,CLEAR,5,12
2026-08-08 12:00:00,HITEC City Metro Stand 2,12,5,1,0,20.4,CLEAR,7,25
2026-08-08 13:00:00,Miyapur Metro,13,5,1,0,16.3,CLEAR,3,18
2026-08-08 13:00:00,BHEL,13,5,1,0,10.9,CLEAR,5,13
2026-08-08 13:00:00,Lingampally Station,13,5,1,0,19.0,CLEAR,7,20
2026-08-08 13:00:00,Nallagandla,13,5,1,0,12.2,CLEAR,5,16
2026-08-08 13:00:00,Tellapur,13,5,1,0,13.6,CLEAR,4,16
2026-08-08 13:00:00,Osman Nagar,13,5,1,0,8.2,CLEAR,1,10
2026-08-08 13:00:00,Patancheru,13,5,1,0,10.2,CLEAR,5,12
2026-08-08 13:00:00,HITEC City Metro Stand 2,13,5,1,0,20.4,CLEAR,5,23
2026-08-08 14:00:00,Miyapur Metro,14,5,1,0,16.3,CLEAR,3,17
2026-08-08 14:00:00,BHEL,14,5,1,0,10.9,CLEAR,2,12
2026-08-08 14:00:00,Lingampally Station,14,5,1,0,19.0,CLEAR,3,22
2026-08-08 14:00:00,Nallagandla,14,5,1,0,12.2,CLEAR,2,12
2026-08-08 14:00:00,Tellapur,14,5,1,0,13.6,CLEAR,5,17
2026-08-08 14:00:00,Osman Nagar,14,5,1,0,8.2,CLEAR,4,10
2026-08-08 14:00:00,Patancheru,14,5,1,0,10.2,CLEAR,1,11
2026-08-08 14:00:00,HITEC City Metro Stand 2,14,5,1,0,20.4,CLEAR,8,25
2026-08-08 15:00:00,Miyapur Metro,15,5,1,0,16.3,CLEAR,6,20
2026-08-08 15:00:00,BHEL,15,5,1,0,10.9,CLEAR,6,13
2026-08-08 15:00:00,Lingampally Station,15,5,1,0,19.0,CLEAR,7,22
2026-08-08 15:00:00,Nallagandla,15,5,1,0,12.2,CLEAR,2,13
2026-08-08 15:00:00,Tellapur,15,5,1,0,13.6,CLEAR,2,14
2026-08-08 15:00:00,Osman Nagar,15,5,1,0,8.2,CLEAR,5,11
2026-08-08 15:00:00,Patancheru,15,5,1,0,10.2,CLEAR,5,13
2026-08-08 15:00:00,HITEC City Metro Stand 2,15,5,1,0,20.4,CLEAR,4,24
2026-08-08 16:00:00,Miyapur Metro,16,5,1,0,16.3,CLEAR,6,20
2026-08-08 16:00:00,BHEL,16,5,1,0,10.9,CLEAR,5,12
2026-08-08 16:00:00,Lingampally Station,16,5,1,0,19.0,CLEAR,6,20
2026-08-08 16:00:00,Nallagandla,16,5,1,0,12.2,CLEAR,3,14
2026-08-08 16:00:00,Tellapur,16,5,1,0,13.6,CLEAR,2,15
2026-08-08 16:00:00,Osman Nagar,16,5,1,0,8.2,CLEAR,5,11
2026-08-08 16:00:00,Patancheru,16,5,1,0,10.2,CLEAR,3,13
2026-08-08 16:00:00,HITEC City Metro Stand 2,16,5,1,0,20.4,CLEAR,8,22
2026-08-08 17:00:00,Miyapur Metro,17,5,1,1,25.0,CLEAR,7,63
2026-08-08 17:00:00,BHEL,17,5,1,1,16.6,CLEAR,7,26
2026-08-08 17:00:00,Lingampally Station,17,5,1,1,29.1,CLEAR,8,77
2026-08-08 17:00:00,Nallagandla,17,5,1,1,18.7,CLEAR,3,35
2026-08-08 17:00:00,Tellapur,17,5,1,1,20.8,CLEAR,4,43
2026-08-08 17:00:00,Osman Nagar,17,5,1,1,12.5,CLEAR,2,20
2026-08-08 17:00:00,Patancheru,17,5,1,1,15.6,CLEAR,2,27
2026-08-08 17:00:00,HITEC City Metro Stand 2,17,5,1,1,31.2,CLEAR,9,89
2026-08-08 18:00:00,Miyapur Metro,18,5,1,1,25.0,CLEAR,6,55
2026-08-08 18:00:00,BHEL,18,5,1,1,16.6,CLEAR,3,24
2026-08-08 18:00:00,Lingampally Station,18,5,1,1,29.1,CLEAR,7,65
2026-08-08 18:00:00,Nallagandla,18,5,1,1,18.7,CLEAR,3,33
2026-08-08 18:00:00,Tellapur,18,5,1,1,20.8,CLEAR,7,44
2026-08-08 18:00:00,Osman Nagar,18,5,1,1,12.5,CLEAR,6,20
2026-08-08 18:00:00,Patancheru,18,5,1,1,15.6,CLEAR,4,27
2026-08-08 18:00:00,HITEC City Metro Stand 2,18,5,1,1,31.2,CLEAR,6,81
2026-08-08 19:00:00,Miyapur Metro,19,5,1,1,25.0,CLEAR,9,61
2026-08-08 19:00:00,BHEL,19,5,1,1,16.6,CLEAR,6,26
2026-08-08 19:00:00,Lingampally Station,19,5,1,1,29.1,CLEAR,6,75
2026-08-08 19:00:00,Nallagandla,19,5,1,1,18.7,CLEAR,4,32
2026-08-08 19:00:00,Tellapur,19,5,1,1,20.8,CLEAR,8,38
2026-08-08 19:00:00,Osman Nagar,19,5,1,1,12.5,CLEAR,2,18
2026-08-08 19:00:00,Patancheru,19,5,1,1,15.6,CLEAR,6,28
2026-08-08 19:00:00,HITEC City Metro Stand 2,19,5,1,1,31.2,CLEAR,10,76
2026-08-08 20:00:00,Miyapur Metro,20,5,1,1,25.0,CLEAR,7,60
2026-08-08 20:00:00,BHEL,20,5,1,1,16.6,CLEAR,5,25
2026-08-08 20:00:00,Lingampally Station,20,5,1,1,29.1,CLEAR,10,67
2026-08-08 20:00:00,Nallagandla,20,5,1,1,18.7,CLEAR,7,33
2026-08-08 20:00:00,Tellapur,20,5,1,1,20.8,CLEAR,4,37
2026-08-08 20:00:00,Osman Nagar,20,5,1,1,12.5,CLEAR,2,19
2026-08-08 20:00:00,Patancheru,20,5,1,1,15.6,CLEAR,6,29
2026-08-08 20:00:00,HITEC City Metro Stand 2,20,5,1,1,31.2,CLEAR,7,78
2026-08-08 21:00:00,Miyapur Metro,21,5,1,1,25.0,CLEAR,5,52
2026-08-08 21:00:00,BHEL,21,5,1,1,16.6,CLEAR,5,29
2026-08-08 21:00:00,Lingampally Station,21,5,1,1,29.1,CLEAR,6,68
2026-08-08 21:00:00,Nallagandla,21,5,1,1,18.7,CLEAR,5,33
2026-08-08 21:00:00,Tellapur,21,5,1,1,20.8,CLEAR,7,41
2026-08-08 21:00:00,Osman Nagar,21,5,1,1,12.5,CLEAR,2,17
2026-08-08 21:00:00,Patancheru,21,5,1,1,15.6,CLEAR,3,25
2026-08-08 21:00:00,HITEC City Metro Stand 2,21,5,1,1,31.2,CLEAR,6,87
2026-08-08 22:00:00,Miyapur Metro,22,5,1,0,7.7,CLEAR,1,8
2026-08-08 22:00:00,BHEL,22,5,1,0,5.1,CLEAR,2,6
2026-08-08 22:00:00,Lingampally Station,22,5,1,0,9.0,CLEAR,1,10
2026-08-08 22:00:00,Nallagandla,22,5,1,0,5.8,CLEAR,0,6
2026-08-08 22:00:00,Tellapur,22,5,1,0,6.4,CLEAR,1,7
2026-08-08 22:00:00,Osman Nagar,22,5,1,0,3.8,CLEAR,0,4
2026-08-08 22:00:00,Patancheru,22,5,1,0,4.8,CLEAR,0,5
2026-08-08 22:00:00,HITEC City Metro Stand 2,22,5,1,0,9.6,CLEAR,1,11
2026-08-08 23:00:00,Miyapur Metro,23,5,1,0,7.7,CLEAR,3,8
2026-08-08 23:00:00,BHEL,23,5,1,0,5.1,CLEAR,1,6
2026-08-08 23:00:00,Lingampally Station,23,5,1,0,9.0,CLEAR,5,11
2026-08-08 23:00:00,Nallagandla,23,5,1,0,5.8,CLEAR,2,7
2026-08-08 23:00:00,Tellapur,23,5,1,0,6.4,CLEAR,4,8
2026-08-08 23:00:00,Osman Nagar,23,5,1,0,3.8,CLEAR,2,5
2026-08-08 23:00:00,Patancheru,23,5,1,0,4.8,CLEAR,2,6
2026-08-08 23:00:00,HITEC City Metro Stand 2,23,5,1,0,9.6,CLEAR,3,10
2026-08-09 00:00:00,Miyapur Metro,0,6,1,0,2.9,CLEAR,2,4
2026-08-09 00:00:00,BHEL,0,6,1,0,1.9,CLEAR,3,3
2026-08-09 00:00:00,Lingampally Station,0,6,1,0,3.4,CLEAR,2,4
2026-08-09 00:00:00,Nallagandla,0,6,1,0,2.2,CLEAR,0,2
2026-08-09 00:00:00,Tellapur,0,6,1,0,2.4,CLEAR,0,3
2026-08-09 00:00:00,Osman Nagar,0,6,1,0,1.4,CLEAR,3,3
2026-08-09 00:00:00,Patancheru,0,6,1,0,1.8,CLEAR,0,2
2026-08-09 00:00:00,HITEC City Metro Stand 2,0,6,1,0,3.6,CLEAR,4,5
2026-08-09 01:00:00,Miyapur Metro,1,6,1,0,2.9,CLEAR,4,5
2026-08-09 01:00:00,BHEL,1,6,1,0,1.9,CLEAR,3,3
2026-08-09 01:00:00,Lingampally Station,1,6,1,0,3.4,CLEAR,3,5
2026-08-09 01:00:00,Nallagandla,1,6,1,0,2.2,CLEAR,0,2
2026-08-09 01:00:00,Tellapur,1,6,1,0,2.4,CLEAR,1,3
2026-08-09 01:00:00,Osman Nagar,1,6,1,0,1.4,CLEAR,0,1
2026-08-09 01:00:00,Patancheru,1,6,1,0,1.8,CLEAR,3,3
2026-08-09 01:00:00,HITEC City Metro Stand 2,1,6,1,0,3.6,CLEAR,2,4
2026-08-09 02:00:00,Miyapur Metro,2,6,1,0,2.9,CLEAR,1,3
2026-08-09 02:00:00,BHEL,2,6,1,0,1.9,CLEAR,0,2
2026-08-09 02:00:00,Lingampally Station,2,6,1,0,3.4,CLEAR,3,5
2026-08-09 02:00:00,Nallagandla,2,6,1,0,2.2,CLEAR,3,3
2026-08-09 02:00:00,Tellapur,2,6,1,0,2.4,CLEAR,0,2
2026-08-09 02:00:00,Osman Nagar,2,6,1,0,1.4,CLEAR,1,2
2026-08-09 02:00:00,Patancheru,2,6,1,0,1.8,CLEAR,1,2
2026-08-09 02:00:00,HITEC City Metro Stand 2,2,6,1,0,3.6,CLEAR,1,4
2026-08-09 03:00:00,Miyapur Metro,3,6,1,0,2.9,CLEAR,0,3
2026-08-09 03:00:00,BHEL,3,6,1,0,1.9,CLEAR,0,2
2026-08-09 03:00:00,Lingampally Station,3,6,1,0,3.4,CLEAR,2,4
2026-08-09 03:00:00,Nallagandla,3,6,1,0,2.2,CLEAR,3,3
2026-08-09 03:00:00,Tellapur,3,6,1,0,2.4,CLEAR,0,3
2026-08-09 03:00:00,Osman Nagar,3,6,1,0,1.4,CLEAR,3,3
2026-08-09 03:00:00,Patancheru,3,6,1,0,1.8,CLEAR,0,2
2026-08-09 03:00:00,HITEC City Metro Stand 2,3,6,1,0,3.6,CLEAR,0,3
2026-08-09 04:00:00,Miyapur Metro,4,6,1,0,2.9,CLEAR,1,3
2026-08-09 04:00:00,BHEL,4,6,1,0,1.9,CLEAR,0,2
2026-08-09 04:00:00,Lingampally Station,4,6,1,0,3.4,CLEAR,0,4
2026-08-09 04:00:00,Nallagandla,4,6,1,0,2.2,CLEAR,1,3
2026-08-09 04:00:00,Tellapur,4,6,1,0,2.4,CLEAR,0,2
2026-08-09 04:00:00,Osman Nagar,4,6,1,0,1.4,CLEAR,2,2
2026-08-09 04:00:00,Patancheru,4,6,1,0,1.8,CLEAR,0,2
2026-08-09 04:00:00,HITEC City Metro Stand 2,4,6,1,0,3.6,CLEAR,3,5
2026-08-09 05:00:00,Miyapur Metro,5,6,1,0,11.5,CLEAR,5,14
2026-08-09 05:00:00,BHEL,5,6,1,0,7.7,CLEAR,3,8
2026-08-09 05:00:00,Lingampally Station,5,6,1,0,13.4,CLEAR,3,15
2026-08-09 05:00:00,Nallagandla,5,6,1,0,8.6,CLEAR,1,10
2026-08-09 05:00:00,Tellapur,5,6,1,0,9.6,CLEAR,5,11
2026-08-09 05:00:00,Osman Nagar,5,6,1,0,5.8,CLEAR,0,6
2026-08-09 05:00:00,Patancheru,5,6,1,0,7.2,CLEAR,4,8
2026-08-09 05:00:00,HITEC City Metro Stand 2,5,6,1,0,14.4,CLEAR,4,17
2026-08-09 06:00:00,Miyapur Metro,6,6,1,0,11.5,CLEAR,4,13
2026-08-09 06:00:00,BHEL,6,6,1,0,7.7,CLEAR,4,9
2026-08-09 06:00:00,Lingampally Station,6,6,1,0,13.4,CLEAR,5,14
2026-08-09 06:00:00,Nallagandla,6,6,1,0,8.6,CLEAR,0,8
2026-08-09 06:00:00,Tellapur,6,6,1,0,9.6,CLEAR,3,10
2026-08-09 06:00:00,Osman Nagar,6,6,1,0,5.8,CLEAR,4,8
2026-08-09 06:00:00,Patancheru,6,6,1,0,7.2,CLEAR,2,8
2026-08-09 06:00:00,HITEC City Metro Stand 2,6,6,1,0,14.4,CLEAR,6,18
2026-08-09 07:00:00,Miyapur Metro,7,6,1,0,11.5,CLEAR,4,13
2026-08-09 07:00:00,BHEL,7,6,1,0,7.7,CLEAR,2,8
2026-08-09 07:00:00,Lingampally Station,7,6,1,0,13.4,CLEAR,4,17
2026-08-09 07:00:00,Nallagandla,7,6,1,0,8.6,CLEAR,4,11
2026-08-09 07:00:00,Tellapur,7,6,1,0,9.6,CLEAR,4,11
2026-08-09 07:00:00,Osman Nagar,7,6,1,0,5.8,CLEAR,1,6
2026-08-09 07:00:00,Patancheru,7,6,1,0,7.2,CLEAR,4,9
2026-08-09 07:00:00,HITEC City Metro Stand 2,7,6,1,0,14.4,CLEAR,2,17
2026-08-09 08:00:00,Miyapur Metro,8,6,1,1,21.1,CLEAR,7,38
2026-08-09 08:00:00,BHEL,8,6,1,1,14.1,CLEAR,2,25
2026-08-09 08:00:00,Lingampally Station,8,6,1,1,24.6,CLEAR,8,51
2026-08-09 08:00:00,Nallagandla,8,6,1,1,15.8,CLEAR,7,37
2026-08-09 08:00:00,Tellapur,8,6,1,1,17.6,CLEAR,5,40
2026-08-09 08:00:00,Osman Nagar,8,6,1,1,10.6,CLEAR,2,18
2026-08-09 08:00:00,Patancheru,8,6,1,1,13.2,CLEAR,4,24
2026-08-09 08:00:00,HITEC City Metro Stand 2,8,6,1,1,26.4,CLEAR,9,66
2026-08-09 09:00:00,Miyapur Metro,9,6,1,1,21.1,CLEAR,4,36
2026-08-09 09:00:00,BHEL,9,6,1,1,14.1,CLEAR,5,30
2026-08-09 09:00:00,Lingampally Station,9,6,1,1,24.6,CLEAR,6,54
2026-08-09 09:00:00,Nallagandla,9,6,1,1,15.8,CLEAR,5,34
2026-08-09 09:00:00,Tellapur,9,6,1,1,17.6,CLEAR,3,37
2026-08-09 09:00:00,Osman Nagar,9,6,1,1,10.6,CLEAR,6,21
2026-08-09 09:00:00,Patancheru,9,6,1,1,13.2,CLEAR,6,23
2026-08-09 09:00:00,HITEC City Metro Stand 2,9,6,1,1,26.4,CLEAR,8,73
2026-08-09 10:00:00,Miyapur Metro,10,6,1,1,21.1,CLEAR,5,33
2026-08-09 10:00:00,BHEL,10,6,1,1,14.1,CLEAR,5,30
2026-08-09 10:00:00,Lingampally Station,10,6,1,1,24.6,CLEAR,8,56
2026-08-09 10:00:00,Nallagandla,10,6,1,1,15.8,CLEAR,5,37
2026-08-09 10:00:00,Tellapur,10,6,1,1,17.6,CLEAR,6,43
2026-08-09 10:00:00,Osman Nagar,10,6,1,1,10.6,CLEAR,4,22
2026-08-09 10:00:00,Patancheru,10,6,1,1,13.2,CLEAR,3,22
2026-08-09 10:00:00,HITEC City Metro Stand 2,10,6,1,1,26.4,CLEAR,7,60
2026-08-09 11:00:00,Miyapur Metro,11,6,1,1,21.1,CLEAR,7,37
2026-08-09 11:00:00,BHEL,11,6,1,1,14.1,CLEAR,2,28
2026-08-09 11:00:00,Lingampally Station,11,6,1,1,24.6,CLEAR,5,52
2026-08-09 11:00:00,Nallagandla,11,6,1,1,15.8,CLEAR,6,39
2026-08-09 11:00:00,Tellapur,11,6,1,1,17.6,CLEAR,6,42
2026-08-09 11:00:00,Osman Nagar,11,6,1,1,10.6,CLEAR,5,22
2026-08-09 11:00:00,Patancheru,11,6,1,1,13.2,CLEAR,6,22
2026-08-09 11:00:00,HITEC City Metro Stand 2,11,6,1,1,26.4,CLEAR,5,61
2026-08-09 12:00:00,Miyapur Metro,12,6,1,0,16.3,CLEAR,3,19
2026-08-09 12:00:00,BHEL,12,6,1,0,10.9,CLEAR,5,12
2026-08-09 12:00:00,Lingampally Station,12,6,1,0,19.0,CLEAR,6,21
2026-08-09 12:00:00,Nallagandla,12,6,1,0,12.2,CLEAR,1,12
2026-08-09 12:00:00,Tellapur,12,6,1,0,13.6,CLEAR,5,15
2026-08-09 12:00:00,Osman Nagar,12,6,1,0,8.2,CLEAR,4,10
2026-08-09 12:00:00,Patancheru,12,6,1,0,10.2,CLEAR,2,11
2026-08-09 12:00:00,HITEC City Metro Stand 2,12,6,1,0,20.4,CLEAR,7,23
2026-08-09 13:00:00,Miyapur Metro,13,6,1,0,16.3,CLEAR,6,19
2026-08-09 13:00:00,BHEL,13,6,1,0,10.9,CLEAR,5,12
2026-08-09 13:00:00,Lingampally Station,13,6,1,0,19.0,CLEAR,7,22
2026-08-09 13:00:00,Nallagandla,13,6,1,0,12.2,CLEAR,5,14
2026-08-09 13:00:00,Tellapur,13,6,1,0,13.6,CLEAR,3,14
2026-08-09 13:00:00,Osman Nagar,13,6,1,0,8.2,CLEAR,4,9
2026-08-09 13:00:00,Patancheru,13,6,1,0,10.2,CLEAR,2,11
2026-08-09 13:00:00,HITEC City Metro Stand 2,13,6,1,0,20.4,CLEAR,6,25
2026-08-09 14:00:00,Miyapur Metro,14,6,1,0,16.3,CLEAR,4,17
2026-08-09 14:00:00,BHEL,14,6,1,0,10.9,CLEAR,4,13
2026-08-09 14:00:00,Lingampally Station,14,6,1,0,19.0,CLEAR,5,22
2026-08-09 14:00:00,Nallagandla,14,6,1,0,12.2,CLEAR,2,13
2026-08-09 14:00:00,Tellapur,14,6,1,0,13.6,CLEAR,1,13
2026-08-09 14:00:00,Osman Nagar,14,6,1,0,8.2,CLEAR,4,9
2026-08-09 14:00:00,Patancheru,14,6,1,0,10.2,CLEAR,4,12
2026-08-09 14:00:00,HITEC City Metro Stand 2,14,6,1,0,20.4,CLEAR,7,22
2026-08-09 15:00:00,Miyapur Metro,15,6,1,0,16.3,CLEAR,5,19
2026-08-09 15:00:00,BHEL,15,6,1,0,10.9,CLEAR,3,13
2026-08-09 15:00:00,Lingampally Station,15,6,1,0,19.0,CLEAR,5,19
2026-08-09 15:00:00,Nallagandla,15,6,1,0,12.2,CLEAR,2,13
2026-08-09 15:00:00,Tellapur,15,6,1,0,13.6,CLEAR,1,14
2026-08-09 15:00:00,Osman Nagar,15,6,1,0,8.2,CLEAR,4,9
2026-08-09 15:00:00,Patancheru,15,6,1,0,10.2,CLEAR,4,12
2026-08-09 15:00:00,HITEC City Metro Stand 2,15,6,1,0,20.4,CLEAR,4,23
2026-08-09 16:00:00,Miyapur Metro,16,6,1,0,16.3,CLEAR,4,17
2026-08-09 16:00:00,BHEL,16,6,1,0,10.9,CLEAR,3,12
2026-08-09 16:00:00,Lingampally Station,16,6,1,0,19.0,CLEAR,4,22
2026-08-09 16:00:00,Nallagandla,16,6,1,0,12.2,CLEAR,3,13
2026-08-09 16:00:00,Tellapur,16,6,1,0,13.6,CLEAR,5,16
2026-08-09 16:00:00,Osman Nagar,16,6,1,0,8.2,CLEAR,2,10
2026-08-09 16:00:00,Patancheru,16,6,1,0,10.2,CLEAR,6,12
2026-08-09 16:00:00,HITEC City Metro Stand 2,16,6,1,0,20.4,CLEAR,8,23
2026-08-09 17:00:00,Miyapur Metro,17,6,1,1,25.0,CLEAR,5,63
2026-08-09 17:00:00,BHEL,17,6,1,1,16.6,CLEAR,7,27
2026-08-09 17:00:00,Lingampally Station,17,6,1,1,29.1,CLEAR,6,73
2026-08-09 17:00:00,Nallagandla,17,6,1,1,18.7,CLEAR,3,35
2026-08-09 17:00:00,Tellapur,17,6,1,1,20.8,CLEAR,6,37
2026-08-09 17:00:00,Osman Nagar,17,6,1,1,12.5,CLEAR,3,19
2026-08-09 17:00:00,Patancheru,17,6,1,1,15.6,CLEAR,2,28
2026-08-09 17:00:00,HITEC City Metro Stand 2,17,6,1,1,31.2,CLEAR,7,82
2026-08-09 18:00:00,Miyapur Metro,18,6,1,1,25.0,CLEAR,4,63
2026-08-09 18:00:00,BHEL,18,6,1,1,16.6,CLEAR,5,28
2026-08-09 18:00:00,Lingampally Station,18,6,1,1,29.1,CLEAR,5,72
2026-08-09 18:00:00,Nallagandla,18,6,1,1,18.7,CLEAR,5,33
2026-08-09 18:00:00,Tellapur,18,6,1,1,20.8,CLEAR,6,40
2026-08-09 18:00:00,Osman Nagar,18,6,1,1,12.5,CLEAR,2,19
2026-08-09 18:00:00,Patancheru,18,6,1,1,15.6,CLEAR,5,26
2026-08-09 18:00:00,HITEC City Metro Stand 2,18,6,1,1,31.2,CLEAR,9,85
2026-08-09 19:00:00,Miyapur Metro,19,6,1,1,25.0,CLEAR,6,59
2026-08-09 19:00:00,BHEL,19,6,1,1,16.6,CLEAR,3,28
2026-08-09 19:00:00,Lingampally Station,19,6,1,1,29.1,CLEAR,6,73
2026-08-09 19:00:00,Nallagandla,19,6,1,1,18.7,CLEAR,3,31
2026-08-09 19:00:00,Tellapur,19,6,1,1,20.8,CLEAR,4,37
2026-08-09 19:00:00,Osman Nagar,19,6,1,1,12.5,CLEAR,2,18
2026-08-09 19:00:00,Patancheru,19,6,1,1,15.6,CLEAR,5,26
2026-08-09 19:00:00,HITEC City Metro Stand 2,19,6,1,1,31.2,CLEAR,9,79
2026-08-09 20:00:00,Miyapur Metro,20,6,1,1,25.0,CLEAR,4,57
2026-08-09 20:00:00,BHEL,20,6,1,1,16.6,CLEAR,3,29
2026-08-09 20:00:00,Lingampally Station,20,6,1,1,29.1,CLEAR,7,63
2026-08-09 20:00:00,Nallagandla,20,6,1,1,18.7,CLEAR,6,37
2026-08-09 20:00:00,Tellapur,20,6,1,1,20.8,CLEAR,7,42
2026-08-09 20:00:00,Osman Nagar,20,6,1,1,12.5,CLEAR,2,17
2026-08-09 20:00:00,Patancheru,20,6,1,1,15.6,CLEAR,4,28
2026-08-09 20:00:00,HITEC City Metro Stand 2,20,6,1,1,31.2,CLEAR,6,77
2026-08-09 21:00:00,Miyapur Metro,21,6,1,1,25.0,CLEAR,5,63
2026-08-09 21:00:00,BHEL,21,6,1,1,16.6,CLEAR,4,27
2026-08-09 21:00:00,Lingampally Station,21,6,1,1,29.1,CLEAR,6,65
2026-08-09 21:00:00,Nallagandla,21,6,1,1,18.7,CLEAR,3,32
2026-08-09 21:00:00,Tellapur,21,6,1,1,20.8,CLEAR,7,39
2026-08-09 21:00:00,Osman Nagar,21,6,1,1,12.5,CLEAR,5,18
2026-08-09 21:00:00,Patancheru,21,6,1,1,15.6,CLEAR,6,25
2026-08-09 21:00:00,HITEC City Metro Stand 2,21,6,1,1,31.2,CLEAR,10,86
2026-08-09 22:00:00,Miyapur Metro,22,6,1,0,7.7,CLEAR,1,8
2026-08-09 22:00:00,BHEL,22,6,1,0,5.1,CLEAR,1,6
2026-08-09 22:00:00,Lingampally Station,22,6,1,0,9.0,CLEAR,5,10
2026-08-09 22:00:00,Nallagandla,22,6,1,0,5.8,CLEAR,4,7
2026-08-09 22:00:00,Tellapur,22,6,1,0,6.4,CLEAR,2,8
2026-08-09 22:00:00,Osman Nagar,22,6,1,0,3.8,CLEAR,0,4
2026-08-09 22:00:00,Patancheru,22,6,1,0,4.8,CLEAR,3,6
2026-08-09 22:00:00,HITEC City Metro Stand 2,22,6,1,0,9.6,CLEAR,4,12
2026-08-09 23:00:00,Miyapur Metro,23,6,1,0,7.7,CLEAR,0,8
2026-08-09 23:00:00,BHEL,23,6,1,0,5.1,CLEAR,0,6
2026-08-09 23:00:00,Lingampally Station,23,6,1,0,9.0,CLEAR,1,9
2026-08-09 23:00:00,Nallagandla,23,6,1,0,5.8,CLEAR,2,7
2026-08-09 23:00:00,Tellapur,23,6,1,0,6.4,CLEAR,3,7
2026-08-09 23:00:00,Osman Nagar,23,6,1,0,3.8,CLEAR,1,4
2026-08-09 23:00:00,Patancheru,23,6,1,0,4.8,CLEAR,0,5
2026-08-09 23:00:00,HITEC City Metro Stand 2,23,6,1,0,9.6,CLEAR,5,13
2026-08-10 00:00:00,Miyapur Metro,0,0,0,0,3.6,CLOUDY,4,5
2026-08-10 00:00:00,BHEL,0,0,0,0,2.4,CLOUDY,1,3
2026-08-10 00:00:00,Lingampally Station,0,0,0,0,4.2,CLOUDY,0,4
2026-08-10 00:00:00,Nallagandla,0,0,0,0,2.7,CLOUDY,2,4
2026-08-10 00:00:00,Tellapur,0,0,0,0,3.0,CLOUDY,3,4
2026-08-10 00:00:00,Osman Nagar,0,0,0,0,1.8,CLOUDY,1,3
2026-08-10 00:00:00,Patancheru,0,0,0,0,2.2,CLOUDY,2,3
2026-08-10 00:00:00,HITEC City Metro Stand 2,0,0,0,0,4.5,CLOUDY,2,6
2026-08-10 01:00:00,Miyapur Metro,1,0,0,0,3.6,CLOUDY,0,4
2026-08-10 01:00:00,BHEL,1,0,0,0,2.4,CLOUDY,0,2
2026-08-10 01:00:00,Lingampally Station,1,0,0,0,4.2,CLOUDY,2,5
2026-08-10 01:00:00,Nallagandla,1,0,0,0,2.7,CLOUDY,3,4
2026-08-10 01:00:00,Tellapur,1,0,0,0,3.0,CLOUDY,4,4
2026-08-10 01:00:00,Osman Nagar,1,0,0,0,1.8,CLOUDY,2,3
2026-08-10 01:00:00,Patancheru,1,0,0,0,2.2,CLOUDY,3,4
2026-08-10 01:00:00,HITEC City Metro Stand 2,1,0,0,0,4.5,CLOUDY,3,6
2026-08-10 02:00:00,Miyapur Metro,2,0,0,0,3.6,CLOUDY,1,4
2026-08-10 02:00:00,BHEL,2,0,0,0,2.4,CLOUDY,3,3
2026-08-10 02:00:00,Lingampally Station,2,0,0,0,4.2,CLOUDY,0,5
2026-08-10 02:00:00,Nallagandla,2,0,0,0,2.7,CLOUDY,1,3
2026-08-10 02:00:00,Tellapur,2,0,0,0,3.0,CLOUDY,1,4
2026-08-10 02:00:00,Osman Nagar,2,0,0,0,1.8,CLOUDY,1,2
2026-08-10 02:00:00,Patancheru,2,0,0,0,2.2,CLOUDY,1,3
2026-08-10 02:00:00,HITEC City Metro Stand 2,2,0,0,0,4.5,CLOUDY,2,6
2026-08-10 03:00:00,Miyapur Metro,3,0,0,0,3.6,CLOUDY,0,4
2026-08-10 03:00:00,BHEL,3,0,0,0,2.4,CLOUDY,1,3
2026-08-10 03:00:00,Lingampally Station,3,0,0,0,4.2,CLOUDY,0,5
2026-08-10 03:00:00,Nallagandla,3,0,0,0,2.7,CLOUDY,2,4
2026-08-10 03:00:00,Tellapur,3,0,0,0,3.0,CLOUDY,1,3
2026-08-10 03:00:00,Osman Nagar,3,0,0,0,1.8,CLOUDY,2,3
2026-08-10 03:00:00,Patancheru,3,0,0,0,2.2,CLOUDY,0,2
2026-08-10 03:00:00,HITEC City Metro Stand 2,3,0,0,0,4.5,CLOUDY,0,5
2026-08-10 04:00:00,Miyapur Metro,4,0,0,0,3.6,CLOUDY,2,5
2026-08-10 04:00:00,BHEL,4,0,0,0,2.4,CLOUDY,1,3
2026-08-10 04:00:00,Lingampally Station,4,0,0,0,4.2,CLOUDY,3,5
2026-08-10 04:00:00,Nallagandla,4,0,0,0,2.7,CLOUDY,2,3
2026-08-10 04:00:00,Tellapur,4,0,0,0,3.0,CLOUDY,0,3
2026-08-10 04:00:00,Osman Nagar,4,0,0,0,1.8,CLOUDY,3,3
2026-08-10 04:00:00,Patancheru,4,0,0,0,2.2,CLOUDY,1,3
2026-08-10 04:00:00,HITEC City Metro Stand 2,4,0,0,0,4.5,CLOUDY,0,4
2026-08-10 05:00:00,Miyapur Metro,5,0,0,0,14.4,CLOUDY,2,17
2026-08-10 05:00:00,BHEL,5,0,0,0,9.6,CLOUDY,4,11
2026-08-10 05:00:00,Lingampally Station,5,0,0,0,16.8,CLOUDY,5,19
2026-08-10 05:00:00,Nallagandla,5,0,0,0,10.8,CLOUDY,5,13
2026-08-10 05:00:00,Tellapur,5,0,0,0,12.0,CLOUDY,3,15
2026-08-10 05:00:00,Osman Nagar,5,0,0,0,7.2,CLOUDY,3,8
2026-08-10 05:00:00,Patancheru,5,0,0,0,9.0,CLOUDY,2,11
2026-08-10 05:00:00,HITEC City Metro Stand 2,5,0,0,0,18.0,CLOUDY,7,22
2026-08-10 06:00:00,Miyapur Metro,6,0,0,0,14.4,CLOUDY,5,17
2026-08-10 06:00:00,BHEL,6,0,0,0,9.6,CLOUDY,4,13
2026-08-10 06:00:00,Lingampally Station,6,0,0,0,16.8,CLOUDY,3,19
2026-08-10 06:00:00,Nallagandla,6,0,0,0,10.8,CLOUDY,3,12
2026-08-10 06:00:00,Tellapur,6,0,0,0,12.0,CLOUDY,6,16
2026-08-10 06:00:00,Osman Nagar,6,0,0,0,7.2,CLOUDY,2,8
2026-08-10 06:00:00,Patancheru,6,0,0,0,9.0,CLOUDY,5,11
2026-08-10 06:00:00,HITEC City Metro Stand 2,6,0,0,0,18.0,CLOUDY,5,22
2026-08-10 07:00:00,Miyapur Metro,7,0,0,0,14.4,CLOUDY,2,16
2026-08-10 07:00:00,BHEL,7,0,0,0,9.6,CLOUDY,3,12
2026-08-10 07:00:00,Lingampally Station,7,0,0,0,16.8,CLOUDY,5,19
2026-08-10 07:00:00,Nallagandla,7,0,0,0,10.8,CLOUDY,6,15
2026-08-10 07:00:00,Tellapur,7,0,0,0,12.0,CLOUDY,5,14
2026-08-10 07:00:00,Osman Nagar,7,0,0,0,7.2,CLOUDY,5,10
2026-08-10 07:00:00,Patancheru,7,0,0,0,9.0,CLOUDY,3,10
2026-08-10 07:00:00,HITEC City Metro Stand 2,7,0,0,0,18.0,CLOUDY,5,22
2026-08-10 08:00:00,Miyapur Metro,8,0,0,1,45.6,CLOUDY,13,79
2026-08-10 08:00:00,BHEL,8,0,0,1,30.4,CLOUDY,9,66
2026-08-10 08:00:00,Lingampally Station,8,0,0,1,53.2,CLOUDY,15,130
2026-08-10 08:00:00,Nallagandla,8,0,0,1,34.2,CLOUDY,10,75
2026-08-10 08:00:00,Tellapur,8,0,0,1,38.0,CLOUDY,11,89
2026-08-10 08:00:00,Osman Nagar,8,0,0,1,22.8,CLOUDY,5,45
2026-08-10 08:00:00,Patancheru,8,0,0,1,28.5,CLOUDY,10,54
2026-08-10 08:00:00,HITEC City Metro Stand 2,8,0,0,1,57.0,CLOUDY,17,152
2026-08-10 09:00:00,Miyapur Metro,9,0,0,1,45.6,CLOUDY,13,80
2026-08-10 09:00:00,BHEL,9,0,0,1,30.4,CLOUDY,6,59
2026-08-10 09:00:00,Lingampally Station,9,0,0,1,53.2,CLOUDY,14,120
2026-08-10 09:00:00,Nallagandla,9,0,0,1,34.2,CLOUDY,10,79
2026-08-10 09:00:00,Tellapur,9,0,0,1,38.0,CLOUDY,11,100
2026-08-10 09:00:00,Osman Nagar,9,0,0,1,22.8,CLOUDY,5,46
2026-08-10 09:00:00,Patancheru,9,0,0,1,28.5,CLOUDY,9,52
2026-08-10 09:00:00,HITEC City Metro Stand 2,9,0,0,1,57.0,CLOUDY,12,139
2026-08-10 10:00:00,Miyapur Metro,10,0,0,1,45.6,CLOUDY,13,78
2026-08-10 10:00:00,BHEL,10,0,0,1,30.4,CLOUDY,9,57
2026-08-10 10:00:00,Lingampally Station,10,0,0,1,53.2,CLOUDY,13,112
2026-08-10 10:00:00,Nallagandla,10,0,0,1,34.2,CLOUDY,11,84
2026-08-10 10:00:00,Tellapur,10,0,0,1,38.0,CLOUDY,9,97
2026-08-10 10:00:00,Osman Nagar,10,0,0,1,22.8,CLOUDY,4,46
2026-08-10 10:00:00,Patancheru,10,0,0,1,28.5,CLOUDY,6,55
2026-08-10 10:00:00,HITEC City Metro Stand 2,10,0,0,1,57.0,CLOUDY,16,163
2026-08-10 11:00:00,Miyapur Metro,11,0,0,1,45.6,CLOUDY,13,84
2026-08-10 11:00:00,BHEL,11,0,0,1,30.4,CLOUDY,7,64
2026-08-10 11:00:00,Lingampally Station,11,0,0,1,53.2,CLOUDY,15,114
2026-08-10 11:00:00,Nallagandla,11,0,0,1,34.2,CLOUDY,10,87
2026-08-10 11:00:00,Tellapur,11,0,0,1,38.0,CLOUDY,9,101
2026-08-10 11:00:00,Osman Nagar,11,0,0,1,22.8,CLOUDY,9,43
2026-08-10 11:00:00,Patancheru,11,0,0,1,28.5,CLOUDY,8,46
2026-08-10 11:00:00,HITEC City Metro Stand 2,11,0,0,1,57.0,CLOUDY,14,154
2026-08-10 12:00:00,Miyapur Metro,12,0,0,0,20.4,CLOUDY,7,26
2026-08-10 12:00:00,BHEL,12,0,0,0,13.6,CLOUDY,6,18
2026-08-10 12:00:00,Lingampally Station,12,0,0,0,23.8,CLOUDY,7,29
2026-08-10 12:00:00,Nallagandla,12,0,0,0,15.3,CLOUDY,6,19
2026-08-10 12:00:00,Tellapur,12,0,0,0,17.0,CLOUDY,5,21
2026-08-10 12:00:00,Osman Nagar,12,0,0,0,10.2,CLOUDY,5,12
2026-08-10 12:00:00,Patancheru,12,0,0,0,12.8,CLOUDY,2,15
2026-08-10 12:00:00,HITEC City Metro Stand 2,12,0,0,0,25.5,CLOUDY,5,27
2026-08-10 13:00:00,Miyapur Metro,13,0,0,0,20.4,CLOUDY,6,23
2026-08-10 13:00:00,BHEL,13,0,0,0,13.6,CLOUDY,4,16
2026-08-10 13:00:00,Lingampally Station,13,0,0,0,23.8,CLOUDY,5,28
2026-08-10 13:00:00,Nallagandla,13,0,0,0,15.3,CLOUDY,3,17
2026-08-10 13:00:00,Tellapur,13,0,0,0,17.0,CLOUDY,6,19
2026-08-10 13:00:00,Osman Nagar,13,0,0,0,10.2,CLOUDY,1,11
2026-08-10 13:00:00,Patancheru,13,0,0,0,12.8,CLOUDY,1,15
2026-08-10 13:00:00,HITEC City Metro Stand 2,13,0,0,0,25.5,CLOUDY,7,31
2026-08-10 14:00:00,Miyapur Metro,14,0,0,0,20.4,CLOUDY,6,24
2026-08-10 14:00:00,BHEL,14,0,0,0,13.6,CLOUDY,3,17
2026-08-10 14:00:00,Lingampally Station,14,0,0,0,23.8,CLOUDY,6,26
2026-08-10 14:00:00,Nallagandla,14,0,0,0,15.3,CLOUDY,3,16
2026-08-10 14:00:00,Tellapur,14,0,0,0,17.0,CLOUDY,5,20
2026-08-10 14:00:00,Osman Nagar,14,0,0,0,10.2,CLOUDY,3,11
2026-08-10 14:00:00,Patancheru,14,0,0,0,12.8,CLOUDY,2,14
2026-08-10 14:00:00,HITEC City Metro Stand 2,14,0,0,0,25.5,CLOUDY,6,29
2026-08-10 15:00:00,Miyapur Metro,15,0,0,0,20.4,CLOUDY,4,24
2026-08-10 15:00:00,BHEL,15,0,0,0,13.6,CLOUDY,4,18
2026-08-10 15:00:00,Lingampally Station,15,0,0,0,23.8,CLOUDY,8,31
2026-08-10 15:00:00,Nallagandla,15,0,0,0,15.3,CLOUDY,2,18
2026-08-10 15:00:00,Tellapur,15,0,0,0,17.0,CLOUDY,4,21
2026-08-10 15:00:00,Osman Nagar,15,0,0,0,10.2,CLOUDY,4,13
2026-08-10 15:00:00,Patancheru,15,0,0,0,12.8,CLOUDY,6,17
2026-08-10 15:00:00,HITEC City Metro Stand 2,15,0,0,0,25.5,CLOUDY,6,32
2026-08-10 16:00:00,Miyapur Metro,16,0,0,0,20.4,CLOUDY,8,24
2026-08-10 16:00:00,BHEL,16,0,0,0,13.6,CLOUDY,4,15
2026-08-10 16:00:00,Lingampally Station,16,0,0,0,23.8,CLOUDY,9,31
2026-08-10 16:00:00,Nallagandla,16,0,0,0,15.3,CLOUDY,4,19
2026-08-10 16:00:00,Tellapur,16,0,0,0,17.0,CLOUDY,4,18
2026-08-10 16:00:00,Osman Nagar,16,0,0,0,10.2,CLOUDY,5,12
2026-08-10 16:00:00,Patancheru,16,0,0,0,12.8,CLOUDY,4,16
2026-08-10 16:00:00,HITEC City Metro Stand 2,16,0,0,0,25.5,CLOUDY,5,32
2026-08-10 17:00:00,Miyapur Metro,17,0,0,1,50.4,CLOUDY,13,110
2026-08-10 17:00:00,BHEL,17,0,0,1,33.6,CLOUDY,7,58
2026-08-10 17:00:00,Lingampally Station,17,0,0,1,58.8,CLOUDY,17,162
2026-08-10 17:00:00,Nallagandla,17,0,0,1,37.8,CLOUDY,10,66
2026-08-10 17:00:00,Tellapur,17,0,0,1,42.0,CLOUDY,11,88
2026-08-10 17:00:00,Osman Nagar,17,0,0,1,25.2,CLOUDY,9,43
2026-08-10 17:00:00,Patancheru,17,0,0,1,31.5,CLOUDY,9,62
2026-08-10 17:00:00,HITEC City Metro Stand 2,17,0,0,1,63.0,CLOUDY,17,161
2026-08-10 18:00:00,Miyapur Metro,18,0,0,1,50.4,CLOUDY,13,118
2026-08-10 18:00:00,BHEL,18,0,0,1,33.6,CLOUDY,7,51
2026-08-10 18:00:00,Lingampally Station,18,0,0,1,58.8,CLOUDY,17,152
2026-08-10 18:00:00,Nallagandla,18,0,0,1,37.8,CLOUDY,10,68
2026-08-10 18:00:00,Tellapur,18,0,0,1,42.0,CLOUDY,10,82
2026-08-10 18:00:00,Osman Nagar,18,0,0,1,25.2,CLOUDY,7,40
2026-08-10 18:00:00,Patancheru,18,0,0,1,31.5,CLOUDY,6,58
2026-08-10 18:00:00,HITEC City Metro Stand 2,18,0,0,1,63.0,CLOUDY,16,179
2026-08-10 19:00:00,Miyapur Metro,19,0,0,1,50.4,CLOUDY,14,130
2026-08-10 19:00:00,BHEL,19,0,0,1,33.6,CLOUDY,9,59
2026-08-10 19:00:00,Lingampally Station,19,0,0,1,58.8,CLOUDY,13,162
2026-08-10 19:00:00,Nallagandla,19,0,0,1,37.8,CLOUDY,8,76
2026-08-10 19:00:00,Tellapur,19,0,0,1,42.0,CLOUDY,10,77
2026-08-10 19:00:00,Osman Nagar,19,0,0,1,25.2,CLOUDY,8,40
2026-08-10 19:00:00,Patancheru,19,0,0,1,31.5,CLOUDY,8,59
2026-08-10 19:00:00,HITEC City Metro Stand 2,19,0,0,1,63.0,CLOUDY,16,175
2026-08-10 20:00:00,Miyapur Metro,20,0,0,1,50.4,CLOUDY,11,119
2026-08-10 20:00:00,BHEL,20,0,0,1,33.6,CLOUDY,10,58
2026-08-10 20:00:00,Lingampally Station,20,0,0,1,58.8,CLOUDY,18,140
2026-08-10 20:00:00,Nallagandla,20,0,0,1,37.8,CLOUDY,11,79
2026-08-10 20:00:00,Tellapur,20,0,0,1,42.0,CLOUDY,12,89
2026-08-10 20:00:00,Osman Nagar,20,0,0,1,25.2,CLOUDY,6,43
2026-08-10 20:00:00,Patancheru,20,0,0,1,31.5,CLOUDY,9,58
2026-08-10 20:00:00,HITEC City Metro Stand 2,20,0,0,1,63.0,CLOUDY,14,155
2026-08-10 21:00:00,Miyapur Metro,21,0,0,1,50.4,CLOUDY,14,124
2026-08-10 21:00:00,BHEL,21,0,0,1,33.6,CLOUDY,11,56
2026-08-10 21:00:00,Lingampally Station,21,0,0,1,58.8,CLOUDY,16,162
2026-08-10 21:00:00,Nallagandla,21,0,0,1,37.8,CLOUDY,9,70
2026-08-10 21:00:00,Tellapur,21,0,0,1,42.0,CLOUDY,12,85
2026-08-10 21:00:00,Osman Nagar,21,0,0,1,25.2,CLOUDY,5,37
2026-08-10 21:00:00,Patancheru,21,0,0,1,31.5,CLOUDY,10,54
2026-08-10 21:00:00,HITEC City Metro Stand 2,21,0,0,1,63.0,CLOUDY,15,184
2026-08-10 22:00:00,Miyapur Metro,22,0,0,0,9.6,CLOUDY,5,13
2026-08-10 22:00:00,BHEL,22,0,0,0,6.4,CLOUDY,4,9
2026-08-10 22:00:00,Lingampally Station,22,0,0,0,11.2,CLOUDY,3,13
2026-08-10 22:00:00,Nallagandla,22,0,0,0,7.2,CLOUDY,1,7
2026-08-10 22:00:00,Tellapur,22,0,0,0,8.0,CLOUDY,0,9
2026-08-10 22:00:00,Osman Nagar,22,0,0,0,4.8,CLOUDY,2,6
2026-08-10 22:00:00,Patancheru,22,0,0,0,6.0,CLOUDY,0,7
2026-08-10 22:00:00,HITEC City Metro Stand 2,22,0,0,0,12.0,CLOUDY,2,14
2026-08-10 23:00:00,Miyapur Metro,23,0,0,0,9.6,CLOUDY,5,12
2026-08-10 23:00:00,BHEL,23,0,0,0,6.4,CLOUDY,2,8
2026-08-10 23:00:00,Lingampally Station,23,0,0,0,11.2,CLOUDY,2,13
2026-08-10 23:00:00,Nallagandla,23,0,0,0,7.2,CLOUDY,3,9
2026-08-10 23:00:00,Tellapur,23,0,0,0,8.0,CLOUDY,2,9
2026-08-10 23:00:00,Osman Nagar,23,0,0,0,4.8,CLOUDY,0,5
2026-08-10 23:00:00,Patancheru,23,0,0,0,6.0,CLOUDY,1,7
2026-08-10 23:00:00,HITEC City Metro Stand 2,23,0,0,0,12.0,CLOUDY,3,15
2026-08-11 00:00:00,Miyapur Metro,0,1,0,0,3.6,CLOUDY,3,5
2026-08-11 00:00:00,BHEL,0,1,0,0,2.4,CLOUDY,1,3
2026-08-11 00:00:00,Lingampally Station,0,1,0,0,4.2,CLOUDY,1,5
2026-08-11 00:00:00,Nallagandla,0,1,0,0,2.7,CLOUDY,0,3
2026-08-11 00:00:00,Tellapur,0,1,0,0,3.0,CLOUDY,3,5
2026-08-11 00:00:00,Osman Nagar,0,1,0,0,1.8,CLOUDY,0,2
2026-08-11 00:00:00,Patancheru,0,1,0,0,2.2,CLOUDY,0,3
2026-08-11 00:00:00,HITEC City Metro Stand 2,0,1,0,0,4.5,CLOUDY,0,4
2026-08-11 01:00:00,Miyapur Metro,1,1,0,0,3.6,CLOUDY,0,4
2026-08-11 01:00:00,BHEL,1,1,0,0,2.4,CLOUDY,0,3
2026-08-11 01:00:00,Lingampally Station,1,1,0,0,4.2,CLOUDY,1,5
2026-08-11 01:00:00,Nallagandla,1,1,0,0,2.7,CLOUDY,3,4
2026-08-11 01:00:00,Tellapur,1,1,0,0,3.0,CLOUDY,1,4
2026-08-11 01:00:00,Osman Nagar,1,1,0,0,1.8,CLOUDY,1,2
2026-08-11 01:00:00,Patancheru,1,1,0,0,2.2,CLOUDY,0,2
2026-08-11 01:00:00,HITEC City Metro Stand 2,1,1,0,0,4.5,CLOUDY,3,6
2026-08-11 02:00:00,Miyapur Metro,2,1,0,0,3.6,CLOUDY,0,4
2026-08-11 02:00:00,BHEL,2,1,0,0,2.4,CLOUDY,1,3
2026-08-11 02:00:00,Lingampally Station,2,1,0,0,4.2,CLOUDY,2,5
2026-08-11 02:00:00,Nallagandla,2,1,0,0,2.7,CLOUDY,3,4
2026-08-11 02:00:00,Tellapur,2,1,0,0,3.0,CLOUDY,2,4
2026-08-11 02:00:00,Osman Nagar,2,1,0,0,1.8,CLOUDY,1,2
2026-08-11 02:00:00,Patancheru,2,1,0,0,2.2,CLOUDY,0,3
2026-08-11 02:00:00,HITEC City Metro Stand 2,2,1,0,0,4.5,CLOUDY,2,6
2026-08-11 03:00:00,Miyapur Metro,3,1,0,0,3.6,CLOUDY,3,5
2026-08-11 03:00:00,BHEL,3,1,0,0,2.4,CLOUDY,0,2
2026-08-11 03:00:00,Lingampally Station,3,1,0,0,4.2,CLOUDY,1,4
2026-08-11 03:00:00,Nallagandla,3,1,0,0,2.7,CLOUDY,1,3
2026-08-11 03:00:00,Tellapur,3,1,0,0,3.0,CLOUDY,0,3
2026-08-11 03:00:00,Osman Nagar,3,1,0,0,1.8,CLOUDY,0,2
2026-08-11 03:00:00,Patancheru,3,1,0,0,2.2,CLOUDY,1,3
2026-08-11 03:00:00,HITEC City Metro Stand 2,3,1,0,0,4.5,CLOUDY,4,6
2026-08-11 04:00:00,Miyapur Metro,4,1,0,0,3.6,CLOUDY,2,5
2026-08-11 04:00:00,BHEL,4,1,0,0,2.4,CLOUDY,3,4
2026-08-11 04:00:00,Lingampally Station,4,1,0,0,4.2,CLOUDY,0,4
2026-08-11 04:00:00,Nallagandla,4,1,0,0,2.7,CLOUDY,0,3
2026-08-11 04:00:00,Tellapur,4,1,0,0,3.0,CLOUDY,1,4
2026-08-11 04:00:00,Osman Nagar,4,1,0,0,1.8,CLOUDY,3,3
2026-08-11 04:00:00,Patancheru,4,1,0,0,2.2,CLOUDY,0,3
2026-08-11 04:00:00,HITEC City Metro Stand 2,4,1,0,0,4.5,CLOUDY,2,5
2026-08-11 05:00:00,Miyapur Metro,5,1,0,0,14.4,CLOUDY,6,18
2026-08-11 05:00:00,BHEL,5,1,0,0,9.6,CLOUDY,3,12
2026-08-11 05:00:00,Lingampally Station,5,1,0,0,16.8,CLOUDY,5,18
2026-08-11 05:00:00,Nallagandla,5,1,0,0,10.8,CLOUDY,2,11
2026-08-11 05:00:00,Tellapur,5,1,0,0,12.0,CLOUDY,4,14
2026-08-11 05:00:00,Osman Nagar,5,1,0,0,7.2,CLOUDY,1,8
2026-08-11 05:00:00,Patancheru,5,1,0,0,9.0,CLOUDY,4,10
2026-08-11 05:00:00,HITEC City Metro Stand 2,5,1,0,0,18.0,CLOUDY,4,22
2026-08-11 06:00:00,Miyapur Metro,6,1,0,0,14.4,CLOUDY,5,17
2026-08-11 06:00:00,BHEL,6,1,0,0,9.6,CLOUDY,3,11
2026-08-11 06:00:00,Lingampally Station,6,1,0,0,16.8,CLOUDY,3,20
2026-08-11 06:00:00,Nallagandla,6,1,0,0,10.8,CLOUDY,1,11
2026-08-11 06:00:00,Tellapur,6,1,0,0,12.0,CLOUDY,4,13
2026-08-11 06:00:00,Osman Nagar,6,1,0,0,7.2,CLOUDY,3,8
2026-08-11 06:00:00,Patancheru,6,1,0,0,9.0,CLOUDY,3,10
2026-08-11 06:00:00,HITEC City Metro Stand 2,6,1,0,0,18.0,CLOUDY,4,19
2026-08-11 07:00:00,Miyapur Metro,7,1,0,0,14.4,CLOUDY,6,18
2026-08-11 07:00:00,BHEL,7,1,0,0,9.6,CLOUDY,3,10
2026-08-11 07:00:00,Lingampally Station,7,1,0,0,16.8,CLOUDY,6,21
2026-08-11 07:00:00,Nallagandla,7,1,0,0,10.8,CLOUDY,2,11
2026-08-11 07:00:00,Tellapur,7,1,0,0,12.0,CLOUDY,3,15
2026-08-11 07:00:00,Osman Nagar,7,1,0,0,7.2,CLOUDY,4,9
2026-08-11 07:00:00,Patancheru,7,1,0,0,9.0,CLOUDY,4,11
2026-08-11 07:00:00,HITEC City Metro Stand 2,7,1,0,0,18.0,CLOUDY,6,23
2026-08-11 08:00:00,Miyapur Metro,8,1,0,1,45.6,CLOUDY,10,84
2026-08-11 08:00:00,BHEL,8,1,0,1,30.4,CLOUDY,7,64
2026-08-11 08:00:00,Lingampally Station,8,1,0,1,53.2,CLOUDY,13,117
2026-08-11 08:00:00,Nallagandla,8,1,0,1,34.2,CLOUDY,10,76
2026-08-11 08:00:00,Tellapur,8,1,0,1,38.0,CLOUDY,9,85
2026-08-11 08:00:00,Osman Nagar,8,1,0,1,22.8,CLOUDY,5,46
2026-08-11 08:00:00,Patancheru,8,1,0,1,28.5,CLOUDY,8,51
2026-08-11 08:00:00,HITEC City Metro Stand 2,8,1,0,1,57.0,CLOUDY,13,138
2026-08-11 09:00:00,Miyapur Metro,9,1,0,1,45.6,CLOUDY,12,84
2026-08-11 09:00:00,BHEL,9,1,0,1,30.4,CLOUDY,6,64
2026-08-11 09:00:00,Lingampally Station,9,1,0,1,53.2,CLOUDY,14,109
2026-08-11 09:00:00,Nallagandla,9,1,0,1,34.2,CLOUDY,9,74
2026-08-11 09:00:00,Tellapur,9,1,0,1,38.0,CLOUDY,11,99
2026-08-11 09:00:00,Osman Nagar,9,1,0,1,22.8,CLOUDY,8,47
2026-08-11 09:00:00,Patancheru,9,1,0,1,28.5,CLOUDY,8,52
2026-08-11 09:00:00,HITEC City Metro Stand 2,9,1,0,1,57.0,CLOUDY,14,136
2026-08-11 10:00:00,Miyapur Metro,10,1,0,1,45.6,CLOUDY,12,78
2026-08-11 10:00:00,BHEL,10,1,0,1,30.4,CLOUDY,10,66
2026-08-11 10:00:00,Lingampally Station,10,1,0,1,53.2,CLOUDY,13,120
2026-08-11 10:00:00,Nallagandla,10,1,0,1,34.2,CLOUDY,10,85
2026-08-11 10:00:00,Tellapur,10,1,0,1,38.0,CLOUDY,11,85
2026-08-11 10:00:00,Osman Nagar,10,1,0,1,22.8,CLOUDY,4,43
2026-08-11 10:00:00,Patancheru,10,1,0,1,28.5,CLOUDY,6,55
2026-08-11 10:00:00,HITEC City Metro Stand 2,10,1,0,1,57.0,CLOUDY,14,163
2026-08-11 11:00:00,Miyapur Metro,11,1,0,1,45.6,CLOUDY,11,77
2026-08-11 11:00:00,BHEL,11,1,0,1,30.4,CLOUDY,9,65
2026-08-11 11:00:00,Lingampally Station,11,1,0,1,53.2,CLOUDY,14,109
2026-08-11 11:00:00,Nallagandla,11,1,0,1,34.2,CLOUDY,7,82
2026-08-11 11:00:00,Tellapur,11,1,0,1,38.0,CLOUDY,11,90
2026-08-11 11:00:00,Osman Nagar,11,1,0,1,22.8,CLOUDY,6,40
2026-08-11 11:00:00,Patancheru,11,1,0,1,28.5,CLOUDY,8,49
2026-08-11 11:00:00,HITEC City Metro Stand 2,11,1,0,1,57.0,CLOUDY,17,149
2026-08-11 12:00:00,Miyapur Metro,12,1,0,0,20.4,CLOUDY,5,23
2026-08-11 12:00:00,BHEL,12,1,0,0,13.6,CLOUDY,5,17
2026-08-11 12:00:00,Lingampally Station,12,1,0,0,23.8,CLOUDY,6,29
2026-08-11 12:00:00,Nallagandla,12,1,0,0,15.3,CLOUDY,4,17
2026-08-11 12:00:00,Tellapur,12,1,0,0,17.0,CLOUDY,5,19
2026-08-11 12:00:00,Osman Nagar,12,1,0,0,10.2,CLOUDY,2,11
2026-08-11 12:00:00,Patancheru,12,1,0,0,12.8,CLOUDY,5,16
2026-08-11 12:00:00,HITEC City Metro Stand 2,12,1,0,0,25.5,CLOUDY,9,32
2026-08-11 13:00:00,Miyapur Metro,13,1,0,0,20.4,CLOUDY,7,24
2026-08-11 13:00:00,BHEL,13,1,0,0,13.6,CLOUDY,5,15
2026-08-11 13:00:00,Lingampally Station,13,1,0,0,23.8,CLOUDY,5,27
2026-08-11 13:00:00,Nallagandla,13,1,0,0,15.3,CLOUDY,4,18
2026-08-11 13:00:00,Tellapur,13,1,0,0,17.0,CLOUDY,6,21
2026-08-11 13:00:00,Osman Nagar,13,1,0,0,10.2,CLOUDY,1,12
2026-08-11 13:00:00,Patancheru,13,1,0,0,12.8,CLOUDY,1,13
2026-08-11 13:00:00,HITEC City Metro Stand 2,13,1,0,0,25.5,CLOUDY,5,32
2026-08-11 14:00:00,Miyapur Metro,14,1,0,0,20.4,CLOUDY,5,22
2026-08-11 14:00:00,BHEL,14,1,0,0,13.6,CLOUDY,3,14
2026-08-11 14:00:00,Lingampally Station,14,1,0,0,23.8,CLOUDY,4,26
2026-08-11 14:00:00,Nallagandla,14,1,0,0,15.3,CLOUDY,7,19
2026-08-11 14:00:00,Tellapur,14,1,0,0,17.0,CLOUDY,5,21
2026-08-11 14:00:00,Osman Nagar,14,1,0,0,10.2,CLOUDY,4,13
2026-08-11 14:00:00,Patancheru,14,1,0,0,12.8,CLOUDY,5,16
2026-08-11 14:00:00,HITEC City Metro Stand 2,14,1,0,0,25.5,CLOUDY,7,28
2026-08-11 15:00:00,Miyapur Metro,15,1,0,0,20.4,CLOUDY,6,25
2026-08-11 15:00:00,BHEL,15,1,0,0,13.6,CLOUDY,3,14
2026-08-11 15:00:00,Lingampally Station,15,1,0,0,23.8,CLOUDY,7,28
2026-08-11 15:00:00,Nallagandla,15,1,0,0,15.3,CLOUDY,3,16
2026-08-11 15:00:00,Tellapur,15,1,0,0,17.0,CLOUDY,2,18
2026-08-11 15:00:00,Osman Nagar,15,1,0,0,10.2,CLOUDY,1,10
2026-08-11 15:00:00,Patancheru,15,1,0,0,12.8,CLOUDY,6,17
2026-08-11 15:00:00,HITEC City Metro Stand 2,15,1,0,0,25.5,CLOUDY,6,29
2026-08-11 16:00:00,Miyapur Metro,16,1,0,0,20.4,CLOUDY,6,24
2026-08-11 16:00:00,BHEL,16,1,0,0,13.6,CLOUDY,5,15
2026-08-11 16:00:00,Lingampally Station,16,1,0,0,23.8,CLOUDY,4,26
2026-08-11 16:00:00,Nallagandla,16,1,0,0,15.3,CLOUDY,6,20
2026-08-11 16:00:00,Tellapur,16,1,0,0,17.0,CLOUDY,4,21
2026-08-11 16:00:00,Osman Nagar,16,1,0,0,10.2,CLOUDY,2,12
2026-08-11 16:00:00,Patancheru,16,1,0,0,12.8,CLOUDY,2,16
2026-08-11 16:00:00,HITEC City Metro Stand 2,16,1,0,0,25.5,CLOUDY,7,28
2026-08-11 17:00:00,Miyapur Metro,17,1,0,1,50.4,CLOUDY,13,113
2026-08-11 17:00:00,BHEL,17,1,0,1,33.6,CLOUDY,7,54
2026-08-11 17:00:00,Lingampally Station,17,1,0,1,58.8,CLOUDY,17,160
2026-08-11 17:00:00,Nallagandla,17,1,0,1,37.8,CLOUDY,12,79
2026-08-11 17:00:00,Tellapur,17,1,0,1,42.0,CLOUDY,13,87
2026-08-11 17:00:00,Osman Nagar,17,1,0,1,25.2,CLOUDY,8,44
2026-08-11 17:00:00,Patancheru,17,1,0,1,31.5,CLOUDY,9,60
2026-08-11 17:00:00,HITEC City Metro Stand 2,17,1,0,1,63.0,CLOUDY,18,191
2026-08-11 18:00:00,Miyapur Metro,18,1,0,1,50.4,CLOUDY,13,122
2026-08-11 18:00:00,BHEL,18,1,0,1,33.6,CLOUDY,9,52
2026-08-11 18:00:00,Lingampally Station,18,1,0,1,58.8,CLOUDY,13,135
2026-08-11 18:00:00,Nallagandla,18,1,0,1,37.8,CLOUDY,11,80
2026-08-11 18:00:00,Tellapur,18,1,0,1,42.0,CLOUDY,12,80
2026-08-11 18:00:00,Osman Nagar,18,1,0,1,25.2,CLOUDY,6,44
2026-08-11 18:00:00,Patancheru,18,1,0,1,31.5,CLOUDY,8,51
2026-08-11 18:00:00,HITEC City Metro Stand 2,18,1,0,1,63.0,CLOUDY,18,165
2026-08-11 19:00:00,Miyapur Metro,19,1,0,1,50.4,CLOUDY,11,126
2026-08-11 19:00:00,BHEL,19,1,0,1,33.6,CLOUDY,11,53
2026-08-11 19:00:00,Lingampally Station,19,1,0,1,58.8,CLOUDY,17,149
2026-08-11 19:00:00,Nallagandla,19,1,0,1,37.8,CLOUDY,9,78
2026-08-11 19:00:00,Tellapur,19,1,0,1,42.0,CLOUDY,10,92
2026-08-11 19:00:00,Osman Nagar,19,1,0,1,25.2,CLOUDY,8,44
2026-08-11 19:00:00,Patancheru,19,1,0,1,31.5,CLOUDY,8,53
2026-08-11 19:00:00,HITEC City Metro Stand 2,19,1,0,1,63.0,CLOUDY,17,187
2026-08-11 20:00:00,Miyapur Metro,20,1,0,1,50.4,CLOUDY,12,115
2026-08-11 20:00:00,BHEL,20,1,0,1,33.6,CLOUDY,8,58
2026-08-11 20:00:00,Lingampally Station,20,1,0,1,58.8,CLOUDY,13,136
2026-08-11 20:00:00,Nallagandla,20,1,0,1,37.8,CLOUDY,12,76
2026-08-11 20:00:00,Tellapur,20,1,0,1,42.0,CLOUDY,12,87
2026-08-11 20:00:00,Osman Nagar,20,1,0,1,25.2,CLOUDY,8,41
2026-08-11 20:00:00,Patancheru,20,1,0,1,31.5,CLOUDY,6,56
2026-08-11 20:00:00,HITEC City Metro Stand 2,20,1,0,1,63.0,CLOUDY,17,174
2026-08-11 21:00:00,Miyapur Metro,21,1,0,1,50.4,CLOUDY,16,134
2026-08-11 21:00:00,BHEL,21,1,0,1,33.6,CLOUDY,11,58
2026-08-11 21:00:00,Lingampally Station,21,1,0,1,58.8,CLOUDY,18,164
2026-08-11 21:00:00,Nallagandla,21,1,0,1,37.8,CLOUDY,9,68
2026-08-11 21:00:00,Tellapur,21,1,0,1,42.0,CLOUDY,11,77
2026-08-11 21:00:00,Osman Nagar,21,1,0,1,25.2,CLOUDY,8,40
2026-08-11 21:00:00,Patancheru,21,1,0,1,31.5,CLOUDY,9,57
2026-08-11 21:00:00,HITEC City Metro Stand 2,21,1,0,1,63.0,CLOUDY,16,180
2026-08-11 22:00:00,Miyapur Metro,22,1,0,0,9.6,CLOUDY,1,12
2026-08-11 22:00:00,BHEL,22,1,0,0,6.4,CLOUDY,3,8
2026-08-11 22:00:00,Lingampally Station,22,1,0,0,11.2,CLOUDY,4,12
2026-08-11 22:00:00,Nallagandla,22,1,0,0,7.2,CLOUDY,1,8
2026-08-11 22:00:00,Tellapur,22,1,0,0,8.0,CLOUDY,2,9
2026-08-11 22:00:00,Osman Nagar,22,1,0,0,4.8,CLOUDY,0,5
2026-08-11 22:00:00,Patancheru,22,1,0,0,6.0,CLOUDY,1,7
2026-08-11 22:00:00,HITEC City Metro Stand 2,22,1,0,0,12.0,CLOUDY,4,14
2026-08-11 23:00:00,Miyapur Metro,23,1,0,0,9.6,CLOUDY,3,11
2026-08-11 23:00:00,BHEL,23,1,0,0,6.4,CLOUDY,3,8
2026-08-11 23:00:00,Lingampally Station,23,1,0,0,11.2,CLOUDY,5,13
2026-08-11 23:00:00,Nallagandla,23,1,0,0,7.2,CLOUDY,1,7
2026-08-11 23:00:00,Tellapur,23,1,0,0,8.0,CLOUDY,3,9
2026-08-11 23:00:00,Osman Nagar,23,1,0,0,4.8,CLOUDY,0,5
2026-08-11 23:00:00,Patancheru,23,1,0,0,6.0,CLOUDY,1,7
2026-08-11 23:00:00,HITEC City Metro Stand 2,23,1,0,0,12.0,CLOUDY,3,13
2026-08-12 00:00:00,Miyapur Metro,0,2,0,0,3.6,CLEAR,0,4
2026-08-12 00:00:00,BHEL,0,2,0,0,2.4,CLEAR,0,2
2026-08-12 00:00:00,Lingampally Station,0,2,0,0,4.2,CLEAR,4,6
2026-08-12 00:00:00,Nallagandla,0,2,0,0,2.7,CLEAR,1,3
2026-08-12 00:00:00,Tellapur,0,2,0,0,3.0,CLEAR,3,4
2026-08-12 00:00:00,Osman Nagar,0,2,0,0,1.8,CLEAR,1,2
2026-08-12 00:00:00,Patancheru,0,2,0,0,2.2,CLEAR,1,3
2026-08-12 00:00:00,HITEC City Metro Stand 2,0,2,0,0,4.5,CLEAR,0,5
2026-08-12 01:00:00,Miyapur Metro,1,2,0,0,3.6,CLEAR,1,4
2026-08-12 01:00:00,BHEL,1,2,0,0,2.4,CLEAR,1,3
2026-08-12 01:00:00,Lingampally Station,1,2,0,0,4.2,CLEAR,1,5
2026-08-12 01:00:00,Nallagandla,1,2,0,0,2.7,CLEAR,3,4
2026-08-12 01:00:00,Tellapur,1,2,0,0,3.0,CLEAR,0,3
2026-08-12 01:00:00,Osman Nagar,1,2,0,0,1.8,CLEAR,3,3
2026-08-12 01:00:00,Patancheru,1,2,0,0,2.2,CLEAR,0,2
2026-08-12 01:00:00,HITEC City Metro Stand 2,1,2,0,0,4.5,CLEAR,2,5
2026-08-12 02:00:00,Miyapur Metro,2,2,0,0,3.6,CLEAR,3,5
2026-08-12 02:00:00,BHEL,2,2,0,0,2.4,CLEAR,2,3
2026-08-12 02:00:00,Lingampally Station,2,2,0,0,4.2,CLEAR,3,6
2026-08-12 02:00:00,Nallagandla,2,2,0,0,2.7,CLEAR,1,3
2026-08-12 02:00:00,Tellapur,2,2,0,0,3.0,CLEAR,2,4
2026-08-12 02:00:00,Osman Nagar,2,2,0,0,1.8,CLEAR,0,2
2026-08-12 02:00:00,Patancheru,2,2,0,0,2.2,CLEAR,0,2
2026-08-12 02:00:00,HITEC City Metro Stand 2,2,2,0,0,4.5,CLEAR,2,6
2026-08-12 03:00:00,Miyapur Metro,3,2,0,0,3.6,CLEAR,0,3
2026-08-12 03:00:00,BHEL,3,2,0,0,2.4,CLEAR,0,2
2026-08-12 03:00:00,Lingampally Station,3,2,0,0,4.2,CLEAR,1,4
2026-08-12 03:00:00,Nallagandla,3,2,0,0,2.7,CLEAR,2,3
2026-08-12 03:00:00,Tellapur,3,2,0,0,3.0,CLEAR,1,4
2026-08-12 03:00:00,Osman Nagar,3,2,0,0,1.8,CLEAR,0,2
2026-08-12 03:00:00,Patancheru,3,2,0,0,2.2,CLEAR,3,3
2026-08-12 03:00:00,HITEC City Metro Stand 2,3,2,0,0,4.5,CLEAR,0,4
2026-08-12 04:00:00,Miyapur Metro,4,2,0,0,3.6,CLEAR,3,5
2026-08-12 04:00:00,BHEL,4,2,0,0,2.4,CLEAR,3,4
2026-08-12 04:00:00,Lingampally Station,4,2,0,0,4.2,CLEAR,0,4
2026-08-12 04:00:00,Nallagandla,4,2,0,0,2.7,CLEAR,0,2
2026-08-12 04:00:00,Tellapur,4,2,0,0,3.0,CLEAR,3,4
2026-08-12 04:00:00,Osman Nagar,4,2,0,0,1.8,CLEAR,0,2
2026-08-12 04:00:00,Patancheru,4,2,0,0,2.2,CLEAR,2,3
2026-08-12 04:00:00,HITEC City Metro Stand 2,4,2,0,0,4.5,CLEAR,0,4
2026-08-12 05:00:00,Miyapur Metro,5,2,0,0,14.4,CLEAR,5,18
2026-08-12 05:00:00,BHEL,5,2,0,0,9.6,CLEAR,2,10
2026-08-12 05:00:00,Lingampally Station,5,2,0,0,16.8,CLEAR,4,19
2026-08-12 05:00:00,Nallagandla,5,2,0,0,10.8,CLEAR,1,12
2026-08-12 05:00:00,Tellapur,5,2,0,0,12.0,CLEAR,1,13
2026-08-12 05:00:00,Osman Nagar,5,2,0,0,7.2,CLEAR,4,9
2026-08-12 05:00:00,Patancheru,5,2,0,0,9.0,CLEAR,3,11
2026-08-12 05:00:00,HITEC City Metro Stand 2,5,2,0,0,18.0,CLEAR,5,19
2026-08-12 06:00:00,Miyapur Metro,6,2,0,0,14.4,CLEAR,4,18
2026-08-12 06:00:00,BHEL,6,2,0,0,9.6,CLEAR,4,11
2026-08-12 06:00:00,Lingampally Station,6,2,0,0,16.8,CLEAR,5,19
2026-08-12 06:00:00,Nallagandla,6,2,0,0,10.8,CLEAR,4,13
2026-08-12 06:00:00,Tellapur,6,2,0,0,12.0,CLEAR,4,14
2026-08-12 06:00:00,Osman Nagar,6,2,0,0,7.2,CLEAR,1,7
2026-08-12 06:00:00,Patancheru,6,2,0,0,9.0,CLEAR,3,11
2026-08-12 06:00:00,HITEC City Metro Stand 2,6,2,0,0,18.0,CLEAR,5,20
2026-08-12 07:00:00,Miyapur Metro,7,2,0,0,14.4,CLEAR,3,15
2026-08-12 07:00:00,BHEL,7,2,0,0,9.6,CLEAR,0,10
2026-08-12 07:00:00,Lingampally Station,7,2,0,0,16.8,CLEAR,6,19
2026-08-12 07:00:00,Nallagandla,7,2,0,0,10.8,CLEAR,3,11
2026-08-12 07:00:00,Tellapur,7,2,0,0,12.0,CLEAR,6,16
2026-08-12 07:00:00,Osman Nagar,7,2,0,0,7.2,CLEAR,2,7
2026-08-12 07:00:00,Patancheru,7,2,0,0,9.0,CLEAR,2,9
2026-08-12 07:00:00,HITEC City Metro Stand 2,7,2,0,0,18.0,CLEAR,4,18
2026-08-12 08:00:00,Miyapur Metro,8,2,0,1,45.6,CLEAR,11,77
2026-08-12 08:00:00,BHEL,8,2,0,1,30.4,CLEAR,8,57
2026-08-12 08:00:00,Lingampally Station,8,2,0,1,53.2,CLEAR,12,118
2026-08-12 08:00:00,Nallagandla,8,2,0,1,34.2,CLEAR,8,74
2026-08-12 08:00:00,Tellapur,8,2,0,1,38.0,CLEAR,9,87
2026-08-12 08:00:00,Osman Nagar,8,2,0,1,22.8,CLEAR,5,43
2026-08-12 08:00:00,Patancheru,8,2,0,1,28.5,CLEAR,10,53
2026-08-12 08:00:00,HITEC City Metro Stand 2,8,2,0,1,57.0,CLEAR,16,138
2026-08-12 09:00:00,Miyapur Metro,9,2,0,1,45.6,CLEAR,13,84
2026-08-12 09:00:00,BHEL,9,2,0,1,30.4,CLEAR,8,63
2026-08-12 09:00:00,Lingampally Station,9,2,0,1,53.2,CLEAR,12,107
2026-08-12 09:00:00,Nallagandla,9,2,0,1,34.2,CLEAR,10,78
2026-08-12 09:00:00,Tellapur,9,2,0,1,38.0,CLEAR,9,90
2026-08-12 09:00:00,Osman Nagar,9,2,0,1,22.8,CLEAR,5,37
2026-08-12 09:00:00,Patancheru,9,2,0,1,28.5,CLEAR,5,48
2026-08-12 09:00:00,HITEC City Metro Stand 2,9,2,0,1,57.0,CLEAR,13,131
2026-08-12 10:00:00,Miyapur Metro,10,2,0,1,45.6,CLEAR,11,82
2026-08-12 10:00:00,BHEL,10,2,0,1,30.4,CLEAR,9,56
2026-08-12 10:00:00,Lingampally Station,10,2,0,1,53.2,CLEAR,12,112
2026-08-12 10:00:00,Nallagandla,10,2,0,1,34.2,CLEAR,8,73
2026-08-12 10:00:00,Tellapur,10,2,0,1,38.0,CLEAR,11,98
2026-08-12 10:00:00,Osman Nagar,10,2,0,1,22.8,CLEAR,6,44
2026-08-12 10:00:00,Patancheru,10,2,0,1,28.5,CLEAR,7,52
2026-08-12 10:00:00,HITEC City Metro Stand 2,10,2,0,1,57.0,CLEAR,17,132
2026-08-12 11:00:00,Miyapur Metro,11,2,0,1,45.6,CLEAR,13,72
2026-08-12 11:00:00,BHEL,11,2,0,1,30.4,CLEAR,8,55
2026-08-12 11:00:00,Lingampally Station,11,2,0,1,53.2,CLEAR,16,121
2026-08-12 11:00:00,Nallagandla,11,2,0,1,34.2,CLEAR,11,71
2026-08-12 11:00:00,Tellapur,11,2,0,1,38.0,CLEAR,11,84
2026-08-12 11:00:00,Osman Nagar,11,2,0,1,22.8,CLEAR,8,42
2026-08-12 11:00:00,Patancheru,11,2,0,1,28.5,CLEAR,9,45
2026-08-12 11:00:00,HITEC City Metro Stand 2,11,2,0,1,57.0,CLEAR,15,152
2026-08-12 12:00:00,Miyapur Metro,12,2,0,0,20.4,CLEAR,6,25
2026-08-12 12:00:00,BHEL,12,2,0,0,13.6,CLEAR,4,16
2026-08-12 12:00:00,Lingampally Station,12,2,0,0,23.8,CLEAR,6,26
2026-08-12 12:00:00,Nallagandla,12,2,0,0,15.3,CLEAR,5,16
2026-08-12 12:00:00,Tellapur,12,2,0,0,17.0,CLEAR,7,20
2026-08-12 12:00:00,Osman Nagar,12,2,0,0,10.2,CLEAR,2,11
2026-08-12 12:00:00,Patancheru,12,2,0,0,12.8,CLEAR,2,15
2026-08-12 12:00:00,HITEC City Metro Stand 2,12,2,0,0,25.5,CLEAR,9,28
2026-08-12 13:00:00,Miyapur Metro,13,2,0,0,20.4,CLEAR,4,23
2026-08-12 13:00:00,BHEL,13,2,0,0,13.6,CLEAR,3,14
2026-08-12 13:00:00,Lingampally Station,13,2,0,0,23.8,CLEAR,5,24
2026-08-12 13:00:00,Nallagandla,13,2,0,0,15.3,CLEAR,6,16
2026-08-12 13:00:00,Tellapur,13,2,0,0,17.0,CLEAR,2,19
2026-08-12 13:00:00,Osman Nagar,13,2,0,0,10.2,CLEAR,3,12
2026-08-12 13:00:00,Patancheru,13,2,0,0,12.8,CLEAR,3,13
2026-08-12 13:00:00,HITEC City Metro Stand 2,13,2,0,0,25.5,CLEAR,5,25
2026-08-12 14:00:00,Miyapur Metro,14,2,0,0,20.4,CLEAR,6,25
2026-08-12 14:00:00,BHEL,14,2,0,0,13.6,CLEAR,6,17
2026-08-12 14:00:00,Lingampally Station,14,2,0,0,23.8,CLEAR,4,26
2026-08-12 14:00:00,Nallagandla,14,2,0,0,15.3,CLEAR,5,18
2026-08-12 14:00:00,Tellapur,14,2,0,0,17.0,CLEAR,3,17
2026-08-12 14:00:00,Osman Nagar,14,2,0,0,10.2,CLEAR,5,13
2026-08-12 14:00:00,Patancheru,14,2,0,0,12.8,CLEAR,5,16
2026-08-12 14:00:00,HITEC City Metro Stand 2,14,2,0,0,25.5,CLEAR,7,27
2026-08-12 15:00:00,Miyapur Metro,15,2,0,0,20.4,CLEAR,7,23
2026-08-12 15:00:00,BHEL,15,2,0,0,13.6,CLEAR,2,16
2026-08-12 15:00:00,Lingampally Station,15,2,0,0,23.8,CLEAR,6,26
2026-08-12 15:00:00,Nallagandla,15,2,0,0,15.3,CLEAR,3,17
2026-08-12 15:00:00,Tellapur,15,2,0,0,17.0,CLEAR,3,17
2026-08-12 15:00:00,Osman Nagar,15,2,0,0,10.2,CLEAR,2,12
2026-08-12 15:00:00,Patancheru,15,2,0,0,12.8,CLEAR,3,15
2026-08-12 15:00:00,HITEC City Metro Stand 2,15,2,0,0,25.5,CLEAR,9,30
2026-08-12 16:00:00,Miyapur Metro,16,2,0,0,20.4,CLEAR,3,20
2026-08-12 16:00:00,BHEL,16,2,0,0,13.6,CLEAR,3,14
2026-08-12 16:00:00,Lingampally Station,16,2,0,0,23.8,CLEAR,6,24
2026-08-12 16:00:00,Nallagandla,16,2,0,0,15.3,CLEAR,5,17
2026-08-12 16:00:00,Tellapur,16,2,0,0,17.0,CLEAR,3,17
2026-08-12 16:00:00,Osman Nagar,16,2,0,0,10.2,CLEAR,5,13
2026-08-12 16:00:00,Patancheru,16,2,0,0,12.8,CLEAR,2,14
2026-08-12 16:00:00,HITEC City Metro Stand 2,16,2,0,0,25.5,CLEAR,8,29
2026-08-12 17:00:00,Miyapur Metro,17,2,0,1,50.4,CLEAR,13,118
2026-08-12 17:00:00,BHEL,17,2,0,1,33.6,CLEAR,9,55
2026-08-12 17:00:00,Lingampally Station,17,2,0,1,58.8,CLEAR,16,138
2026-08-12 17:00:00,Nallagandla,17,2,0,1,37.8,CLEAR,11,64
2026-08-12 17:00:00,Tellapur,17,2,0,1,42.0,CLEAR,11,74
2026-08-12 17:00:00,Osman Nagar,17,2,0,1,25.2,CLEAR,8,36
2026-08-12 17:00:00,Patancheru,17,2,0,1,31.5,CLEAR,10,52
2026-08-12 17:00:00,HITEC City Metro Stand 2,17,2,0,1,63.0,CLEAR,16,152
2026-08-12 18:00:00,Miyapur Metro,18,2,0,1,50.4,CLEAR,13,125
2026-08-12 18:00:00,BHEL,18,2,0,1,33.6,CLEAR,10,55
2026-08-12 18:00:00,Lingampally Station,18,2,0,1,58.8,CLEAR,16,136
2026-08-12 18:00:00,Nallagandla,18,2,0,1,37.8,CLEAR,9,70
2026-08-12 18:00:00,Tellapur,18,2,0,1,42.0,CLEAR,9,87
2026-08-12 18:00:00,Osman Nagar,18,2,0,1,25.2,CLEAR,5,38
2026-08-12 18:00:00,Patancheru,18,2,0,1,31.5,CLEAR,10,50
2026-08-12 18:00:00,HITEC City Metro Stand 2,18,2,0,1,63.0,CLEAR,18,151
2026-08-12 19:00:00,Miyapur Metro,19,2,0,1,50.4,CLEAR,13,128
2026-08-12 19:00:00,BHEL,19,2,0,1,33.6,CLEAR,8,53
2026-08-12 19:00:00,Lingampally Station,19,2,0,1,58.8,CLEAR,16,153
2026-08-12 19:00:00,Nallagandla,19,2,0,1,37.8,CLEAR,9,62
2026-08-12 19:00:00,Tellapur,19,2,0,1,42.0,CLEAR,9,77
2026-08-12 19:00:00,Osman Nagar,19,2,0,1,25.2,CLEAR,9,43
2026-08-12 19:00:00,Patancheru,19,2,0,1,31.5,CLEAR,6,56
2026-08-12 19:00:00,HITEC City Metro Stand 2,19,2,0,1,63.0,CLEAR,16,155
2026-08-12 20:00:00,Miyapur Metro,20,2,0,1,50.4,CLEAR,13,111
2026-08-12 20:00:00,BHEL,20,2,0,1,33.6,CLEAR,10,51
2026-08-12 20:00:00,Lingampally Station,20,2,0,1,58.8,CLEAR,16,140
2026-08-12 20:00:00,Nallagandla,20,2,0,1,37.8,CLEAR,8,70
2026-08-12 20:00:00,Tellapur,20,2,0,1,42.0,CLEAR,10,80
2026-08-12 20:00:00,Osman Nagar,20,2,0,1,25.2,CLEAR,8,42
2026-08-12 20:00:00,Patancheru,20,2,0,1,31.5,CLEAR,7,50
2026-08-12 20:00:00,HITEC City Metro Stand 2,20,2,0,1,63.0,CLEAR,16,160
2026-08-12 21:00:00,Miyapur Metro,21,2,0,1,50.4,CLEAR,11,129
2026-08-12 21:00:00,BHEL,21,2,0,1,33.6,CLEAR,9,53
2026-08-12 21:00:00,Lingampally Station,21,2,0,1,58.8,CLEAR,14,157
2026-08-12 21:00:00,Nallagandla,21,2,0,1,37.8,CLEAR,9,67
2026-08-12 21:00:00,Tellapur,21,2,0,1,42.0,CLEAR,12,80
2026-08-12 21:00:00,Osman Nagar,21,2,0,1,25.2,CLEAR,8,40
2026-08-12 21:00:00,Patancheru,21,2,0,1,31.5,CLEAR,9,51
2026-08-12 21:00:00,HITEC City Metro Stand 2,21,2,0,1,63.0,CLEAR,18,181
2026-08-12 22:00:00,Miyapur Metro,22,2,0,0,9.6,CLEAR,2,11
2026-08-12 22:00:00,BHEL,22,2,0,0,6.4,CLEAR,2,7
2026-08-12 22:00:00,Lingampally Station,22,2,0,0,11.2,CLEAR,4,14
2026-08-12 22:00:00,Nallagandla,22,2,0,0,7.2,CLEAR,3,8
2026-08-12 22:00:00,Tellapur,22,2,0,0,8.0,CLEAR,5,10
2026-08-12 22:00:00,Osman Nagar,22,2,0,0,4.8,CLEAR,1,5
2026-08-12 22:00:00,Patancheru,22,2,0,0,6.0,CLEAR,4,7
2026-08-12 22:00:00,HITEC City Metro Stand 2,22,2,0,0,12.0,CLEAR,5,15
2026-08-12 23:00:00,Miyapur Metro,23,2,0,0,9.6,CLEAR,2,11
2026-08-12 23:00:00,BHEL,23,2,0,0,6.4,CLEAR,2,8
2026-08-12 23:00:00,Lingampally Station,23,2,0,0,11.2,CLEAR,2,11
2026-08-12 23:00:00,Nallagandla,23,2,0,0,7.2,CLEAR,2,7
2026-08-12 23:00:00,Tellapur,23,2,0,0,8.0,CLEAR,2,9
2026-08-12 23:00:00,Osman Nagar,23,2,0,0,4.8,CLEAR,0,5
2026-08-12 23:00:00,Patancheru,23,2,0,0,6.0,CLEAR,0,6
2026-08-12 23:00:00,HITEC City Metro Stand 2,23,2,0,0,12.0,CLEAR,6,15
2026-08-13 00:00:00,Miyapur Metro,0,3,0,0,3.6,CLEAR,3,5
2026-08-13 00:00:00,BHEL,0,3,0,0,2.4,CLEAR,3,4
2026-08-13 00:00:00,Lingampally Station,0,3,0,0,4.2,CLEAR,2,5
2026-08-13 00:00:00,Nallagandla,0,3,0,0,2.7,CLEAR,2,3
2026-08-13 00:00:00,Tellapur,0,3,0,0,3.0,CLEAR,2,4
2026-08-13 00:00:00,Osman Nagar,0,3,0,0,1.8,CLEAR,0,2
2026-08-13 00:00:00,Patancheru,0,3,0,0,2.2,CLEAR,2,3
2026-08-13 00:00:00,HITEC City Metro Stand 2,0,3,0,0,4.5,CLEAR,3,6
2026-08-13 01:00:00,Miyapur Metro,1,3,0,0,3.6,CLEAR,3,5
2026-08-13 01:00:00,BHEL,1,3,0,0,2.4,CLEAR,0,3
2026-08-13 01:00:00,Lingampally Station,1,3,0,0,4.2,CLEAR,2,5
2026-08-13 01:00:00,Nallagandla,1,3,0,0,2.7,CLEAR,3,4
2026-08-13 01:00:00,Tellapur,1,3,0,0,3.0,CLEAR,0,3
2026-08-13 01:00:00,Osman Nagar,1,3,0,0,1.8,CLEAR,1,2
2026-08-13 01:00:00,Patancheru,1,3,0,0,2.2,CLEAR,1,2
2026-08-13 01:00:00,HITEC City Metro Stand 2,1,3,0,0,4.5,CLEAR,0,5
2026-08-13 02:00:00,Miyapur Metro,2,3,0,0,3.6,CLEAR,1,4
2026-08-13 02:00:00,BHEL,2,3,0,0,2.4,CLEAR,2,3
2026-08-13 02:00:00,Lingampally Station,2,3,0,0,4.2,CLEAR,0,4
2026-08-13 02:00:00,Nallagandla,2,3,0,0,2.7,CLEAR,1,3
2026-08-13 02:00:00,Tellapur,2,3,0,0,3.0,CLEAR,0,3
2026-08-13 02:00:00,Osman Nagar,2,3,0,0,1.8,CLEAR,0,2
2026-08-13 02:00:00,Patancheru,2,3,0,0,2.2,CLEAR,0,2
2026-08-13 02:00:00,HITEC City Metro Stand 2,2,3,0,0,4.5,CLEAR,3,5
2026-08-13 03:00:00,Miyapur Metro,3,3,0,0,3.6,CLEAR,0,4
2026-08-13 03:00:00,BHEL,3,3,0,0,2.4,CLEAR,1,3
2026-08-13 03:00:00,Lingampally Station,3,3,0,0,4.2,CLEAR,0,4
2026-08-13 03:00:00,Nallagandla,3,3,0,0,2.7,CLEAR,2,3
2026-08-13 03:00:00,Tellapur,3,3,0,0,3.0,CLEAR,0,3
2026-08-13 03:00:00,Osman Nagar,3,3,0,0,1.8,CLEAR,0,2
2026-08-13 03:00:00,Patancheru,3,3,0,0,2.2,CLEAR,0,2
2026-08-13 03:00:00,HITEC City Metro Stand 2,3,3,0,0,4.5,CLEAR,1,5
2026-08-13 04:00:00,Miyapur Metro,4,3,0,0,3.6,CLEAR,1,4
2026-08-13 04:00:00,BHEL,4,3,0,0,2.4,CLEAR,0,2
2026-08-13 04:00:00,Lingampally Station,4,3,0,0,4.2,CLEAR,4,6
2026-08-13 04:00:00,Nallagandla,4,3,0,0,2.7,CLEAR,4,4
2026-08-13 04:00:00,Tellapur,4,3,0,0,3.0,CLEAR,0,3
2026-08-13 04:00:00,Osman Nagar,4,3,0,0,1.8,CLEAR,3,3
2026-08-13 04:00:00,Patancheru,4,3,0,0,2.2,CLEAR,0,2
2026-08-13 04:00:00,HITEC City Metro Stand 2,4,3,0,0,4.5,CLEAR,3,5
2026-08-13 05:00:00,Miyapur Metro,5,3,0,0,14.4,CLEAR,2,17
2026-08-13 05:00:00,BHEL,5,3,0,0,9.6,CLEAR,5,12
2026-08-13 05:00:00,Lingampally Station,5,3,0,0,16.8,CLEAR,6,18
2026-08-13 05:00:00,Nallagandla,5,3,0,0,10.8,CLEAR,4,12
2026-08-13 05:00:00,Tellapur,5,3,0,0,12.0,CLEAR,3,12
2026-08-13 05:00:00,Osman Nagar,5,3,0,0,7.2,CLEAR,1,8
2026-08-13 05:00:00,Patancheru,5,3,0,0,9.0,CLEAR,1,10
2026-08-13 05:00:00,HITEC City Metro Stand 2,5,3,0,0,18.0,CLEAR,4,20
2026-08-13 06:00:00,Miyapur Metro,6,3,0,0,14.4,CLEAR,5,15
2026-08-13 06:00:00,BHEL,6,3,0,0,9.6,CLEAR,4,10
2026-08-13 06:00:00,Lingampally Station,6,3,0,0,16.8,CLEAR,5,20
2026-08-13 06:00:00,Nallagandla,6,3,0,0,10.8,CLEAR,1,11
2026-08-13 06:00:00,Tellapur,6,3,0,0,12.0,CLEAR,2,14
2026-08-13 06:00:00,Osman Nagar,6,3,0,0,7.2,CLEAR,3,8
2026-08-13 06:00:00,Patancheru,6,3,0,0,9.0,CLEAR,4,10
2026-08-13 06:00:00,HITEC City Metro Stand 2,6,3,0,0,18.0,CLEAR,4,19
2026-08-13 07:00:00,Miyapur Metro,7,3,0,0,14.4,CLEAR,6,17
2026-08-13 07:00:00,BHEL,7,3,0,0,9.6,CLEAR,5,11
2026-08-13 07:00:00,Lingampally Station,7,3,0,0,16.8,CLEAR,7,20
2026-08-13 07:00:00,Nallagandla,7,3,0,0,10.8,CLEAR,2,11
2026-08-13 07:00:00,Tellapur,7,3,0,0,12.0,CLEAR,6,13
2026-08-13 07:00:00,Osman Nagar,7,3,0,0,7.2,CLEAR,1,8
2026-08-13 07:00:00,Patancheru,7,3,0,0,9.0,CLEAR,3,10
2026-08-13 07:00:00,HITEC City Metro Stand 2,7,3,0,0,18.0,CLEAR,5,20
2026-08-13 08:00:00,Miyapur Metro,8,3,0,1,45.6,CLEAR,14,72
2026-08-13 08:00:00,BHEL,8,3,0,1,30.4,CLEAR,7,58
2026-08-13 08:00:00,Lingampally Station,8,3,0,1,53.2,CLEAR,13,110
2026-08-13 08:00:00,Nallagandla,8,3,0,1,34.2,CLEAR,7,73
2026-08-13 08:00:00,Tellapur,8,3,0,1,38.0,CLEAR,9,90
2026-08-13 08:00:00,Osman Nagar,8,3,0,1,22.8,CLEAR,5,45
2026-08-13 08:00:00,Patancheru,8,3,0,1,28.5,CLEAR,8,52
2026-08-13 08:00:00,HITEC City Metro Stand 2,8,3,0,1,57.0,CLEAR,15,156
2026-08-13 09:00:00,Miyapur Metro,9,3,0,1,45.6,CLEAR,14,84
2026-08-13 09:00:00,BHEL,9,3,0,1,30.4,CLEAR,6,58
2026-08-13 09:00:00,Lingampally Station,9,3,0,1,53.2,CLEAR,13,105
2026-08-13 09:00:00,Nallagandla,9,3,0,1,34.2,CLEAR,11,79
2026-08-13 09:00:00,Tellapur,9,3,0,1,38.0,CLEAR,8,85
2026-08-13 09:00:00,Osman Nagar,9,3,0,1,22.8,CLEAR,9,44
2026-08-13 09:00:00,Patancheru,9,3,0,1,28.5,CLEAR,8,47
2026-08-13 09:00:00,HITEC City Metro Stand 2,9,3,0,1,57.0,CLEAR,13,133
2026-08-13 10:00:00,Miyapur Metro,10,3,0,1,45.6,CLEAR,14,86
2026-08-13 10:00:00,BHEL,10,3,0,1,30.4,CLEAR,7,59
2026-08-13 10:00:00,Lingampally Station,10,3,0,1,53.2,CLEAR,12,104
2026-08-13 10:00:00,Nallagandla,10,3,0,1,34.2,CLEAR,9,81
2026-08-13 10:00:00,Tellapur,10,3,0,1,38.0,CLEAR,12,86
2026-08-13 10:00:00,Osman Nagar,10,3,0,1,22.8,CLEAR,7,42
2026-08-13 10:00:00,Patancheru,10,3,0,1,28.5,CLEAR,6,53
2026-08-13 10:00:00,HITEC City Metro Stand 2,10,3,0,1,57.0,CLEAR,17,134
2026-08-13 11:00:00,Miyapur Metro,11,3,0,1,45.6,CLEAR,14,86
2026-08-13 11:00:00,BHEL,11,3,0,1,30.4,CLEAR,7,59
2026-08-13 11:00:00,Lingampally Station,11,3,0,1,53.2,CLEAR,16,105
2026-08-13 11:00:00,Nallagandla,11,3,0,1,34.2,CLEAR,8,82
2026-08-13 11:00:00,Tellapur,11,3,0,1,38.0,CLEAR,11,94
2026-08-13 11:00:00,Osman Nagar,11,3,0,1,22.8,CLEAR,8,42
2026-08-13 11:00:00,Patancheru,11,3,0,1,28.5,CLEAR,7,48
2026-08-13 11:00:00,HITEC City Metro Stand 2,11,3,0,1,57.0,CLEAR,17,157
2026-08-13 12:00:00,Miyapur Metro,12,3,0,0,20.4,CLEAR,8,23
2026-08-13 12:00:00,BHEL,12,3,0,0,13.6,CLEAR,5,15
2026-08-13 12:00:00,Lingampally Station,12,3,0,0,23.8,CLEAR,5,27
2026-08-13 12:00:00,Nallagandla,12,3,0,0,15.3,CLEAR,5,17
2026-08-13 12:00:00,Tellapur,12,3,0,0,17.0,CLEAR,5,18
2026-08-13 12:00:00,Osman Nagar,12,3,0,0,10.2,CLEAR,2,12
2026-08-13 12:00:00,Patancheru,12,3,0,0,12.8,CLEAR,3,15
2026-08-13 12:00:00,HITEC City Metro Stand 2,12,3,0,0,25.5,CLEAR,7,29
2026-08-13 13:00:00,Miyapur Metro,13,3,0,0,20.4,CLEAR,6,24
2026-08-13 13:00:00,BHEL,13,3,0,0,13.6,CLEAR,3,16
2026-08-13 13:00:00,Lingampally Station,13,3,0,0,23.8,CLEAR,6,25
2026-08-13 13:00:00,Nallagandla,13,3,0,0,15.3,CLEAR,3,15
2026-08-13 13:00:00,Tellapur,13,3,0,0,17.0,CLEAR,6,18
2026-08-13 13:00:00,Osman Nagar,13,3,0,0,10.2,CLEAR,2,11
2026-08-13 13:00:00,Patancheru,13,3,0,0,12.8,CLEAR,5,16
2026-08-13 13:00:00,HITEC City Metro Stand 2,13,3,0,0,25.5,CLEAR,8,27
2026-08-13 14:00:00,Miyapur Metro,14,3,0,0,20.4,CLEAR,8,26
2026-08-13 14:00:00,BHEL,14,3,0,0,13.6,CLEAR,6,16
2026-08-13 14:00:00,Lingampally Station,14,3,0,0,23.8,CLEAR,6,26
2026-08-13 14:00:00,Nallagandla,14,3,0,0,15.3,CLEAR,3,16
2026-08-13 14:00:00,Tellapur,14,3,0,0,17.0,CLEAR,2,19
2026-08-13 14:00:00,Osman Nagar,14,3,0,0,10.2,CLEAR,2,11
2026-08-13 14:00:00,Patancheru,14,3,0,0,12.8,CLEAR,4,15
2026-08-13 14:00:00,HITEC City Metro Stand 2,14,3,0,0,25.5,CLEAR,7,29
2026-08-13 15:00:00,Miyapur Metro,15,3,0,0,20.4,CLEAR,7,25
2026-08-13 15:00:00,BHEL,15,3,0,0,13.6,CLEAR,4,15
2026-08-13 15:00:00,Lingampally Station,15,3,0,0,23.8,CLEAR,8,25
2026-08-13 15:00:00,Nallagandla,15,3,0,0,15.3,CLEAR,7,18
2026-08-13 15:00:00,Tellapur,15,3,0,0,17.0,CLEAR,4,20
2026-08-13 15:00:00,Osman Nagar,15,3,0,0,10.2,CLEAR,3,12
2026-08-13 15:00:00,Patancheru,15,3,0,0,12.8,CLEAR,4,13
2026-08-13 15:00:00,HITEC City Metro Stand 2,15,3,0,0,25.5,CLEAR,6,28
2026-08-13 16:00:00,Miyapur Metro,16,3,0,0,20.4,CLEAR,5,24
2026-08-13 16:00:00,BHEL,16,3,0,0,13.6,CLEAR,4,15
2026-08-13 16:00:00,Lingampally Station,16,3,0,0,23.8,CLEAR,7,25
2026-08-13 16:00:00,Nallagandla,16,3,0,0,15.3,CLEAR,4,16
2026-08-13 16:00:00,Tellapur,16,3,0,0,17.0,CLEAR,6,19
2026-08-13 16:00:00,Osman Nagar,16,3,0,0,10.2,CLEAR,4,11
2026-08-13 16:00:00,Patancheru,16,3,0,0,12.8,CLEAR,5,16
2026-08-13 16:00:00,HITEC City Metro Stand 2,16,3,0,0,25.5,CLEAR,8,27
2026-08-13 17:00:00,Miyapur Metro,17,3,0,1,50.4,CLEAR,13,116
2026-08-13 17:00:00,BHEL,17,3,0,1,33.6,CLEAR,7,55
2026-08-13 17:00:00,Lingampally Station,17,3,0,1,58.8,CLEAR,16,134
2026-08-13 17:00:00,Nallagandla,17,3,0,1,37.8,CLEAR,10,65
2026-08-13 17:00:00,Tellapur,17,3,0,1,42.0,CLEAR,12,88
2026-08-13 17:00:00,Osman Nagar,17,3,0,1,25.2,CLEAR,8,41
2026-08-13 17:00:00,Patancheru,17,3,0,1,31.5,CLEAR,6,49
2026-08-13 17:00:00,HITEC City Metro Stand 2,17,3,0,1,63.0,CLEAR,16,161
2026-08-13 18:00:00,Miyapur Metro,18,3,0,1,50.4,CLEAR,13,114
2026-08-13 18:00:00,BHEL,18,3,0,1,33.6,CLEAR,10,55
2026-08-13 18:00:00,Lingampally Station,18,3,0,1,58.8,CLEAR,17,140
2026-08-13 18:00:00,Nallagandla,18,3,0,1,37.8,CLEAR,9,72
2026-08-13 18:00:00,Tellapur,18,3,0,1,42.0,CLEAR,13,83
2026-08-13 18:00:00,Osman Nagar,18,3,0,1,25.2,CLEAR,8,36
2026-08-13 18:00:00,Patancheru,18,3,0,1,31.5,CLEAR,10,51
2026-08-13 18:00:00,HITEC City Metro Stand 2,18,3,0,1,63.0,CLEAR,17,163
2026-08-13 19:00:00,Miyapur Metro,19,3,0,1,50.4,CLEAR,12,123
2026-08-13 19:00:00,BHEL,19,3,0,1,33.6,CLEAR,9,56
2026-08-13 19:00:00,Lingampally Station,19,3,0,1,58.8,CLEAR,13,131
2026-08-13 19:00:00,Nallagandla,19,3,0,1,37.8,CLEAR,8,70
2026-08-13 19:00:00,Tellapur,19,3,0,1,42.0,CLEAR,10,80
2026-08-13 19:00:00,Osman Nagar,19,3,0,1,25.2,CLEAR,9,40
2026-08-13 19:00:00,Patancheru,19,3,0,1,31.5,CLEAR,6,58
2026-08-13 19:00:00,HITEC City Metro Stand 2,19,3,0,1,63.0,CLEAR,15,168
2026-08-13 20:00:00,Miyapur Metro,20,3,0,1,50.4,CLEAR,13,115
2026-08-13 20:00:00,BHEL,20,3,0,1,33.6,CLEAR,7,55
2026-08-13 20:00:00,Lingampally Station,20,3,0,1,58.8,CLEAR,14,144
2026-08-13 20:00:00,Nallagandla,20,3,0,1,37.8,CLEAR,11,70
2026-08-13 20:00:00,Tellapur,20,3,0,1,42.0,CLEAR,13,74
2026-08-13 20:00:00,Osman Nagar,20,3,0,1,25.2,CLEAR,5,39
2026-08-13 20:00:00,Patancheru,20,3,0,1,31.5,CLEAR,6,57
2026-08-13 20:00:00,HITEC City Metro Stand 2,20,3,0,1,63.0,CLEAR,17,178
2026-08-13 21:00:00,Miyapur Metro,21,3,0,1,50.4,CLEAR,12,127
2026-08-13 21:00:00,BHEL,21,3,0,1,33.6,CLEAR,7,53
2026-08-13 21:00:00,Lingampally Station,21,3,0,1,58.8,CLEAR,14,147
2026-08-13 21:00:00,Nallagandla,21,3,0,1,37.8,CLEAR,11,72
2026-08-13 21:00:00,Tellapur,21,3,0,1,42.0,CLEAR,11,86
2026-08-13 21:00:00,Osman Nagar,21,3,0,1,25.2,CLEAR,5,37
2026-08-13 21:00:00,Patancheru,21,3,0,1,31.5,CLEAR,9,59
2026-08-13 21:00:00,HITEC City Metro Stand 2,21,3,0,1,63.0,CLEAR,14,158
2026-08-13 22:00:00,Miyapur Metro,22,3,0,0,9.6,CLEAR,2,10
2026-08-13 22:00:00,BHEL,22,3,0,0,6.4,CLEAR,0,6
2026-08-13 22:00:00,Lingampally Station,22,3,0,0,11.2,CLEAR,4,12
2026-08-13 22:00:00,Nallagandla,22,3,0,0,7.2,CLEAR,0,8
2026-08-13 22:00:00,Tellapur,22,3,0,0,8.0,CLEAR,1,9
2026-08-13 22:00:00,Osman Nagar,22,3,0,0,4.8,CLEAR,2,6
2026-08-13 22:00:00,Patancheru,22,3,0,0,6.0,CLEAR,3,7
2026-08-13 22:00:00,HITEC City Metro Stand 2,22,3,0,0,12.0,CLEAR,5,14
2026-08-13 23:00:00,Miyapur Metro,23,3,0,0,9.6,CLEAR,5,12
2026-08-13 23:00:00,BHEL,23,3,0,0,6.4,CLEAR,3,8
2026-08-13 23:00:00,Lingampally Station,23,3,0,0,11.2,CLEAR,6,13
2026-08-13 23:00:00,Nallagandla,23,3,0,0,7.2,CLEAR,3,8
2026-08-13 23:00:00,Tellapur,23,3,0,0,8.0,CLEAR,3,10
2026-08-13 23:00:00,Osman Nagar,23,3,0,0,4.8,CLEAR,1,5
2026-08-13 23:00:00,Patancheru,23,3,0,0,6.0,CLEAR,2,7
2026-08-13 23:00:00,HITEC City Metro Stand 2,23,3,0,0,12.0,CLEAR,4,14
2026-08-14 00:00:00,Miyapur Metro,0,4,0,0,3.6,CLOUDY,2,5
2026-08-14 00:00:00,BHEL,0,4,0,0,2.4,CLOUDY,3,3
2026-08-14 00:00:00,Lingampally Station,0,4,0,0,4.2,CLOUDY,0,5
2026-08-14 00:00:00,Nallagandla,0,4,0,0,2.7,CLOUDY,0,3
2026-08-14 00:00:00,Tellapur,0,4,0,0,3.0,CLOUDY,3,5
2026-08-14 00:00:00,Osman Nagar,0,4,0,0,1.8,CLOUDY,1,2
2026-08-14 00:00:00,Patancheru,0,4,0,0,2.2,CLOUDY,1,3
2026-08-14 00:00:00,HITEC City Metro Stand 2,0,4,0,0,4.5,CLOUDY,0,4
2026-08-14 01:00:00,Miyapur Metro,1,4,0,0,3.6,CLOUDY,0,4
2026-08-14 01:00:00,BHEL,1,4,0,0,2.4,CLOUDY,0,3
2026-08-14 01:00:00,Lingampally Station,1,4,0,0,4.2,CLOUDY,1,4
2026-08-14 01:00:00,Nallagandla,1,4,0,0,2.7,CLOUDY,2,4
2026-08-14 01:00:00,Tellapur,1,4,0,0,3.0,CLOUDY,2,4
2026-08-14 01:00:00,Osman Nagar,1,4,0,0,1.8,CLOUDY,0,2
2026-08-14 01:00:00,Patancheru,1,4,0,0,2.2,CLOUDY,0,2
2026-08-14 01:00:00,HITEC City Metro Stand 2,1,4,0,0,4.5,CLOUDY,2,6
2026-08-14 02:00:00,Miyapur Metro,2,4,0,0,3.6,CLOUDY,3,5
2026-08-14 02:00:00,BHEL,2,4,0,0,2.4,CLOUDY,1,3
2026-08-14 02:00:00,Lingampally Station,2,4,0,0,4.2,CLOUDY,4,6
2026-08-14 02:00:00,Nallagandla,2,4,0,0,2.7,CLOUDY,0,3
2026-08-14 02:00:00,Tellapur,2,4,0,0,3.0,CLOUDY,1,4
2026-08-14 02:00:00,Osman Nagar,2,4,0,0,1.8,CLOUDY,3,3
2026-08-14 02:00:00,Patancheru,2,4,0,0,2.2,CLOUDY,2,3
2026-08-14 02:00:00,HITEC City Metro Stand 2,2,4,0,0,4.5,CLOUDY,2,5
2026-08-14 03:00:00,Miyapur Metro,3,4,0,0,3.6,CLOUDY,2,5
2026-08-14 03:00:00,BHEL,3,4,0,0,2.4,CLOUDY,3,4
2026-08-14 03:00:00,Lingampally Station,3,4,0,0,4.2,CLOUDY,4,6
2026-08-14 03:00:00,Nallagandla,3,4,0,0,2.7,CLOUDY,0,3
2026-08-14 03:00:00,Tellapur,3,4,0,0,3.0,CLOUDY,2,4
2026-08-14 03:00:00,Osman Nagar,3,4,0,0,1.8,CLOUDY,1,2
2026-08-14 03:00:00,Patancheru,3,4,0,0,2.2,CLOUDY,2,3
2026-08-14 03:00:00,HITEC City Metro Stand 2,3,4,0,0,4.5,CLOUDY,3,6
2026-08-14 04:00:00,Miyapur Metro,4,4,0,0,3.6,CLOUDY,0,3
2026-08-14 04:00:00,BHEL,4,4,0,0,2.4,CLOUDY,1,3
2026-08-14 04:00:00,Lingampally Station,4,4,0,0,4.2,CLOUDY,0,4
2026-08-14 04:00:00,Nallagandla,4,4,0,0,2.7,CLOUDY,3,4
2026-08-14 04:00:00,Tellapur,4,4,0,0,3.0,CLOUDY,0,3
2026-08-14 04:00:00,Osman Nagar,4,4,0,0,1.8,CLOUDY,2,3
2026-08-14 04:00:00,Patancheru,4,4,0,0,2.2,CLOUDY,3,4
2026-08-14 04:00:00,HITEC City Metro Stand 2,4,4,0,0,4.5,CLOUDY,0,5
2026-08-14 05:00:00,Miyapur Metro,5,4,0,0,14.4,CLOUDY,4,16
2026-08-14 05:00:00,BHEL,5,4,0,0,9.6,CLOUDY,5,13
2026-08-14 05:00:00,Lingampally Station,5,4,0,0,16.8,CLOUDY,5,21
2026-08-14 05:00:00,Nallagandla,5,4,0,0,10.8,CLOUDY,1,13
2026-08-14 05:00:00,Tellapur,5,4,0,0,12.0,CLOUDY,5,16
2026-08-14 05:00:00,Osman Nagar,5,4,0,0,7.2,CLOUDY,3,8
2026-08-14 05:00:00,Patancheru,5,4,0,0,9.0,CLOUDY,4,11
2026-08-14 05:00:00,HITEC City Metro Stand 2,5,4,0,0,18.0,CLOUDY,6,22
2026-08-14 06:00:00,Miyapur Metro,6,4,0,0,14.4,CLOUDY,2,18
2026-08-14 06:00:00,BHEL,6,4,0,0,9.6,CLOUDY,4,12
2026-08-14 06:00:00,Lingampally Station,6,4,0,0,16.8,CLOUDY,3,19
2026-08-14 06:00:00,Nallagandla,6,4,0,0,10.8,CLOUDY,1,12
2026-08-14 06:00:00,Tellapur,6,4,0,0,12.0,CLOUDY,4,14
2026-08-14 06:00:00,Osman Nagar,6,4,0,0,7.2,CLOUDY,3,9
2026-08-14 06:00:00,Patancheru,6,4,0,0,9.0,CLOUDY,5,11
2026-08-14 06:00:00,HITEC City Metro Stand 2,6,4,0,0,18.0,CLOUDY,3,19
2026-08-14 07:00:00,Miyapur Metro,7,4,0,0,14.4,CLOUDY,3,16
2026-08-14 07:00:00,BHEL,7,4,0,0,9.6,CLOUDY,1,10
2026-08-14 07:00:00,Lingampally Station,7,4,0,0,16.8,CLOUDY,4,18
2026-08-14 07:00:00,Nallagandla,7,4,0,0,10.8,CLOUDY,4,13
2026-08-14 07:00:00,Tellapur,7,4,0,0,12.0,CLOUDY,2,13
2026-08-14 07:00:00,Osman Nagar,7,4,0,0,7.2,CLOUDY,1,7
2026-08-14 07:00:00,Patancheru,7,4,0,0,9.0,CLOUDY,4,11
2026-08-14 07:00:00,HITEC City Metro Stand 2,7,4,0,0,18.0,CLOUDY,4,19
2026-08-14 08:00:00,Miyapur Metro,8,4,0,1,45.6,CLOUDY,12,79
2026-08-14 08:00:00,BHEL,8,4,0,1,30.4,CLOUDY,8,57
2026-08-14 08:00:00,Lingampally Station,8,4,0,1,53.2,CLOUDY,14,123
2026-08-14 08:00:00,Nallagandla,8,4,0,1,34.2,CLOUDY,7,72
2026-08-14 08:00:00,Tellapur,8,4,0,1,38.0,CLOUDY,10,86
2026-08-14 08:00:00,Osman Nagar,8,4,0,1,22.8,CLOUDY,7,45
2026-08-14 08:00:00,Patancheru,8,4,0,1,28.5,CLOUDY,9,54
2026-08-14 08:00:00,HITEC City Metro Stand 2,8,4,0,1,57.0,CLOUDY,15,145
2026-08-14 09:00:00,Miyapur Metro,9,4,0,1,45.6,CLOUDY,13,86
2026-08-14 09:00:00,BHEL,9,4,0,1,30.4,CLOUDY,9,62
2026-08-14 09:00:00,Lingampally Station,9,4,0,1,53.2,CLOUDY,16,126
2026-08-14 09:00:00,Nallagandla,9,4,0,1,34.2,CLOUDY,9,74
2026-08-14 09:00:00,Tellapur,9,4,0,1,38.0,CLOUDY,12,102
2026-08-14 09:00:00,Osman Nagar,9,4,0,1,22.8,CLOUDY,6,43
2026-08-14 09:00:00,Patancheru,9,4,0,1,28.5,CLOUDY,9,54
2026-08-14 09:00:00,HITEC City Metro Stand 2,9,4,0,1,57.0,CLOUDY,15,143
2026-08-14 10:00:00,Miyapur Metro,10,4,0,1,45.6,CLOUDY,11,88
2026-08-14 10:00:00,BHEL,10,4,0,1,30.4,CLOUDY,9,67
2026-08-14 10:00:00,Lingampally Station,10,4,0,1,53.2,CLOUDY,13,123
2026-08-14 10:00:00,Nallagandla,10,4,0,1,34.2,CLOUDY,10,85
2026-08-14 10:00:00,Tellapur,10,4,0,1,38.0,CLOUDY,12,93
2026-08-14 10:00:00,Osman Nagar,10,4,0,1,22.8,CLOUDY,4,42
2026-08-14 10:00:00,Patancheru,10,4,0,1,28.5,CLOUDY,7,51
2026-08-14 10:00:00,HITEC City Metro Stand 2,10,4,0,1,57.0,CLOUDY,13,159
2026-08-14 11:00:00,Miyapur Metro,11,4,0,1,45.6,CLOUDY,12,76
2026-08-14 11:00:00,BHEL,11,4,0,1,30.4,CLOUDY,6,64
2026-08-14 11:00:00,Lingampally Station,11,4,0,1,53.2,CLOUDY,15,115
2026-08-14 11:00:00,Nallagandla,11,4,0,1,34.2,CLOUDY,10,85
2026-08-14 11:00:00,Tellapur,11,4,0,1,38.0,CLOUDY,10,91
2026-08-14 11:00:00,Osman Nagar,11,4,0,1,22.8,CLOUDY,6,45
2026-08-14 11:00:00,Patancheru,11,4,0,1,28.5,CLOUDY,8,57
2026-08-14 11:00:00,HITEC City Metro Stand 2,11,4,0,1,57.0,CLOUDY,14,146
2026-08-14 12:00:00,Miyapur Metro,12,4,0,0,20.4,CLOUDY,7,25
2026-08-14 12:00:00,BHEL,12,4,0,0,13.6,CLOUDY,5,16
2026-08-14 12:00:00,Lingampally Station,12,4,0,0,23.8,CLOUDY,8,29
2026-08-14 12:00:00,Nallagandla,12,4,0,0,15.3,CLOUDY,3,18
2026-08-14 12:00:00,Tellapur,12,4,0,0,17.0,CLOUDY,3,21
2026-08-14 12:00:00,Osman Nagar,12,4,0,0,10.2,CLOUDY,3,12
2026-08-14 12:00:00,Patancheru,12,4,0,0,12.8,CLOUDY,4,15
2026-08-14 12:00:00,HITEC City Metro Stand 2,12,4,0,0,25.5,CLOUDY,7,32
2026-08-14 13:00:00,Miyapur Metro,13,4,0,0,20.4,CLOUDY,4,25
2026-08-14 13:00:00,BHEL,13,4,0,0,13.6,CLOUDY,2,14
2026-08-14 13:00:00,Lingampally Station,13,4,0,0,23.8,CLOUDY,8,30
2026-08-14 13:00:00,Nallagandla,13,4,0,0,15.3,CLOUDY,4,18
2026-08-14 13:00:00,Tellapur,13,4,0,0,17.0,CLOUDY,6,19
2026-08-14 13:00:00,Osman Nagar,13,4,0,0,10.2,CLOUDY,5,14
2026-08-14 13:00:00,Patancheru,13,4,0,0,12.8,CLOUDY,6,16
2026-08-14 13:00:00,HITEC City Metro Stand 2,13,4,0,0,25.5,CLOUDY,4,27
2026-08-14 14:00:00,Miyapur Metro,14,4,0,0,20.4,CLOUDY,4,23
2026-08-14 14:00:00,BHEL,14,4,0,0,13.6,CLOUDY,3,16
2026-08-14 14:00:00,Lingampally Station,14,4,0,0,23.8,CLOUDY,5,28
2026-08-14 14:00:00,Nallagandla,14,4,0,0,15.3,CLOUDY,3,18
2026-08-14 14:00:00,Tellapur,14,4,0,0,17.0,CLOUDY,7,20
2026-08-14 14:00:00,Osman Nagar,14,4,0,0,10.2,CLOUDY,5,13
2026-08-14 14:00:00,Patancheru,14,4,0,0,12.8,CLOUDY,6,16
2026-08-14 14:00:00,HITEC City Metro Stand 2,14,4,0,0,25.5,CLOUDY,5,26
2026-08-14 15:00:00,Miyapur Metro,15,4,0,0,20.4,CLOUDY,8,24
2026-08-14 15:00:00,BHEL,15,4,0,0,13.6,CLOUDY,2,15
2026-08-14 15:00:00,Lingampally Station,15,4,0,0,23.8,CLOUDY,6,28
2026-08-14 15:00:00,Nallagandla,15,4,0,0,15.3,CLOUDY,2,18
2026-08-14 15:00:00,Tellapur,15,4,0,0,17.0,CLOUDY,6,20
2026-08-14 15:00:00,Osman Nagar,15,4,0,0,10.2,CLOUDY,5,14
2026-08-14 15:00:00,Patancheru,15,4,0,0,12.8,CLOUDY,2,15
2026-08-14 15:00:00,HITEC City Metro Stand 2,15,4,0,0,25.5,CLOUDY,6,28
2026-08-14 16:00:00,Miyapur Metro,16,4,0,0,20.4,CLOUDY,5,23
2026-08-14 16:00:00,BHEL,16,4,0,0,13.6,CLOUDY,4,17
2026-08-14 16:00:00,Lingampally Station,16,4,0,0,23.8,CLOUDY,6,26
2026-08-14 16:00:00,Nallagandla,16,4,0,0,15.3,CLOUDY,4,19
2026-08-14 16:00:00,Tellapur,16,4,0,0,17.0,CLOUDY,6,19
2026-08-14 16:00:00,Osman Nagar,16,4,0,0,10.2,CLOUDY,6,14
2026-08-14 16:00:00,Patancheru,16,4,0,0,12.8,CLOUDY,2,13
2026-08-14 16:00:00,HITEC City Metro Stand 2,16,4,0,0,25.5,CLOUDY,4,30
2026-08-14 17:00:00,Miyapur Metro,17,4,0,1,50.4,CLOUDY,13,121
2026-08-14 17:00:00,BHEL,17,4,0,1,33.6,CLOUDY,11,53
2026-08-14 17:00:00,Lingampally Station,17,4,0,1,58.8,CLOUDY,16,147
2026-08-14 17:00:00,Nallagandla,17,4,0,1,37.8,CLOUDY,10,76
2026-08-14 17:00:00,Tellapur,17,4,0,1,42.0,CLOUDY,12,84
2026-08-14 17:00:00,Osman Nagar,17,4,0,1,25.2,CLOUDY,5,39
2026-08-14 17:00:00,Patancheru,17,4,0,1,31.5,CLOUDY,9,56
2026-08-14 17:00:00,HITEC City Metro Stand 2,17,4,0,1,63.0,CLOUDY,16,162
2026-08-14 18:00:00,Miyapur Metro,18,4,0,1,50.4,CLOUDY,14,125
2026-08-14 18:00:00,BHEL,18,4,0,1,33.6,CLOUDY,11,55
2026-08-14 18:00:00,Lingampally Station,18,4,0,1,58.8,CLOUDY,15,147
2026-08-14 18:00:00,Nallagandla,18,4,0,1,37.8,CLOUDY,10,70
2026-08-14 18:00:00,Tellapur,18,4,0,1,42.0,CLOUDY,13,87
2026-08-14 18:00:00,Osman Nagar,18,4,0,1,25.2,CLOUDY,8,37
2026-08-14 18:00:00,Patancheru,18,4,0,1,31.5,CLOUDY,8,59
2026-08-14 18:00:00,HITEC City Metro Stand 2,18,4,0,1,63.0,CLOUDY,14,181
2026-08-14 19:00:00,Miyapur Metro,19,4,0,1,50.4,CLOUDY,16,136
2026-08-14 19:00:00,BHEL,19,4,0,1,33.6,CLOUDY,10,57
2026-08-14 19:00:00,Lingampally Station,19,4,0,1,58.8,CLOUDY,13,161
2026-08-14 19:00:00,Nallagandla,19,4,0,1,37.8,CLOUDY,8,71
2026-08-14 19:00:00,Tellapur,19,4,0,1,42.0,CLOUDY,12,93
2026-08-14 19:00:00,Osman Nagar,19,4,0,1,25.2,CLOUDY,5,41
2026-08-14 19:00:00,Patancheru,19,4,0,1,31.5,CLOUDY,10,55
2026-08-14 19:00:00,HITEC City Metro Stand 2,19,4,0,1,63.0,CLOUDY,14,167
2026-08-14 20:00:00,Miyapur Metro,20,4,0,1,50.4,CLOUDY,14,122
2026-08-14 20:00:00,BHEL,20,4,0,1,33.6,CLOUDY,9,57
2026-08-14 20:00:00,Lingampally Station,20,4,0,1,58.8,CLOUDY,16,147
2026-08-14 20:00:00,Nallagandla,20,4,0,1,37.8,CLOUDY,12,77
2026-08-14 20:00:00,Tellapur,20,4,0,1,42.0,CLOUDY,10,76
2026-08-14 20:00:00,Osman Nagar,20,4,0,1,25.2,CLOUDY,9,43
2026-08-14 20:00:00,Patancheru,20,4,0,1,31.5,CLOUDY,10,58
2026-08-14 20:00:00,HITEC City Metro Stand 2,20,4,0,1,63.0,CLOUDY,14,172
2026-08-14 21:00:00,Miyapur Metro,21,4,0,1,50.4,CLOUDY,11,111
2026-08-14 21:00:00,BHEL,21,4,0,1,33.6,CLOUDY,11,61
2026-08-14 21:00:00,Lingampally Station,21,4,0,1,58.8,CLOUDY,16,143
2026-08-14 21:00:00,Nallagandla,21,4,0,1,37.8,CLOUDY,8,71
2026-08-14 21:00:00,Tellapur,21,4,0,1,42.0,CLOUDY,13,81
2026-08-14 21:00:00,Osman Nagar,21,4,0,1,25.2,CLOUDY,5,38
2026-08-14 21:00:00,Patancheru,21,4,0,1,31.5,CLOUDY,10,52
2026-08-14 21:00:00,HITEC City Metro Stand 2,21,4,0,1,63.0,CLOUDY,14,161
2026-08-14 22:00:00,Miyapur Metro,22,4,0,0,9.6,CLOUDY,3,11
2026-08-14 22:00:00,BHEL,22,4,0,0,6.4,CLOUDY,2,8
2026-08-14 22:00:00,Lingampally Station,22,4,0,0,11.2,CLOUDY,2,13
2026-08-14 22:00:00,Nallagandla,22,4,0,0,7.2,CLOUDY,2,9
2026-08-14 22:00:00,Tellapur,22,4,0,0,8.0,CLOUDY,4,10
2026-08-14 22:00:00,Osman Nagar,22,4,0,0,4.8,CLOUDY,0,5
2026-08-14 22:00:00,Patancheru,22,4,0,0,6.0,CLOUDY,4,7
2026-08-14 22:00:00,HITEC City Metro Stand 2,22,4,0,0,12.0,CLOUDY,3,15
2026-08-14 23:00:00,Miyapur Metro,23,4,0,0,9.6,CLOUDY,4,11
2026-08-14 23:00:00,BHEL,23,4,0,0,6.4,CLOUDY,2,8
2026-08-14 23:00:00,Lingampally Station,23,4,0,0,11.2,CLOUDY,2,13
2026-08-14 23:00:00,Nallagandla,23,4,0,0,7.2,CLOUDY,2,9
2026-08-14 23:00:00,Tellapur,23,4,0,0,8.0,CLOUDY,4,9
2026-08-14 23:00:00,Osman Nagar,23,4,0,0,4.8,CLOUDY,0,5
2026-08-14 23:00:00,Patancheru,23,4,0,0,6.0,CLOUDY,1,7
2026-08-14 23:00:00,HITEC City Metro Stand 2,23,4,0,0,12.0,CLOUDY,5,15
2026-08-15 00:00:00,Miyapur Metro,0,5,1,0,2.9,CLEAR,2,4
2026-08-15 00:00:00,BHEL,0,5,1,0,1.9,CLEAR,0,2
2026-08-15 00:00:00,Lingampally Station,0,5,1,0,3.4,CLEAR,0,4
2026-08-15 00:00:00,Nallagandla,0,5,1,0,2.2,CLEAR,1,3
2026-08-15 00:00:00,Tellapur,0,5,1,0,2.4,CLEAR,3,4
2026-08-15 00:00:00,Osman Nagar,0,5,1,0,1.4,CLEAR,0,2
2026-08-15 00:00:00,Patancheru,0,5,1,0,1.8,CLEAR,2,3
2026-08-15 00:00:00,HITEC City Metro Stand 2,0,5,1,0,3.6,CLEAR,1,4
2026-08-15 01:00:00,Miyapur Metro,1,5,1,0,2.9,CLEAR,3,4
2026-08-15 01:00:00,BHEL,1,5,1,0,1.9,CLEAR,0,2
2026-08-15 01:00:00,Lingampally Station,1,5,1,0,3.4,CLEAR,2,4
2026-08-15 01:00:00,Nallagandla,1,5,1,0,2.2,CLEAR,2,3
2026-08-15 01:00:00,Tellapur,1,5,1,0,2.4,CLEAR,2,3
2026-08-15 01:00:00,Osman Nagar,1,5,1,0,1.4,CLEAR,0,1
2026-08-15 01:00:00,Patancheru,1,5,1,0,1.8,CLEAR,2,2
2026-08-15 01:00:00,HITEC City Metro Stand 2,1,5,1,0,3.6,CLEAR,2,5
2026-08-15 02:00:00,Miyapur Metro,2,5,1,0,2.9,CLEAR,3,4
2026-08-15 02:00:00,BHEL,2,5,1,0,1.9,CLEAR,0,2
2026-08-15 02:00:00,Lingampally Station,2,5,1,0,3.4,CLEAR,1,4
2026-08-15 02:00:00,Nallagandla,2,5,1,0,2.2,CLEAR,0,2
2026-08-15 02:00:00,Tellapur,2,5,1,0,2.4,CLEAR,0,2
2026-08-15 02:00:00,Osman Nagar,2,5,1,0,1.4,CLEAR,3,3
2026-08-15 02:00:00,Patancheru,2,5,1,0,1.8,CLEAR,3,3
2026-08-15 02:00:00,HITEC City Metro Stand 2,2,5,1,0,3.6,CLEAR,2,5
2026-08-15 03:00:00,Miyapur Metro,3,5,1,0,2.9,CLEAR,0,3
2026-08-15 03:00:00,BHEL,3,5,1,0,1.9,CLEAR,0,2
2026-08-15 03:00:00,Lingampally Station,3,5,1,0,3.4,CLEAR,3,5
2026-08-15 03:00:00,Nallagandla,3,5,1,0,2.2,CLEAR,3,4
2026-08-15 03:00:00,Tellapur,3,5,1,0,2.4,CLEAR,2,3
2026-08-15 03:00:00,Osman Nagar,3,5,1,0,1.4,CLEAR,1,2
2026-08-15 03:00:00,Patancheru,3,5,1,0,1.8,CLEAR,2,3
2026-08-15 03:00:00,HITEC City Metro Stand 2,3,5,1,0,3.6,CLEAR,0,4
2026-08-15 04:00:00,Miyapur Metro,4,5,1,0,2.9,CLEAR,3,4
2026-08-15 04:00:00,BHEL,4,5,1,0,1.9,CLEAR,0,2
2026-08-15 04:00:00,Lingampally Station,4,5,1,0,3.4,CLEAR,0,4
2026-08-15 04:00:00,Nallagandla,4,5,1,0,2.2,CLEAR,0,2
2026-08-15 04:00:00,Tellapur,4,5,1,0,2.4,CLEAR,0,3
2026-08-15 04:00:00,Osman Nagar,4,5,1,0,1.4,CLEAR,0,1
2026-08-15 04:00:00,Patancheru,4,5,1,0,1.8,CLEAR,1,2
2026-08-15 04:00:00,HITEC City Metro Stand 2,4,5,1,0,3.6,CLEAR,2,4
2026-08-15 05:00:00,Miyapur Metro,5,5,1,0,11.5,CLEAR,3,12
2026-08-15 05:00:00,BHEL,5,5,1,0,7.7,CLEAR,4,9
2026-08-15 05:00:00,Lingampally Station,5,5,1,0,13.4,CLEAR,5,17
2026-08-15 05:00:00,Nallagandla,5,5,1,0,8.6,CLEAR,4,10
2026-08-15 05:00:00,Tellapur,5,5,1,0,9.6,CLEAR,1,10
2026-08-15 05:00:00,Osman Nagar,5,5,1,0,5.8,CLEAR,1,6
2026-08-15 05:00:00,Patancheru,5,5,1,0,7.2,CLEAR,4,8
2026-08-15 05:00:00,HITEC City Metro Stand 2,5,5,1,0,14.4,CLEAR,5,18
2026-08-15 06:00:00,Miyapur Metro,6,5,1,0,11.5,CLEAR,4,13
2026-08-15 06:00:00,BHEL,6,5,1,0,7.7,CLEAR,3,10
2026-08-15 06:00:00,Lingampally Station,6,5,1,0,13.4,CLEAR,4,15
2026-08-15 06:00:00,Nallagandla,6,5,1,0,8.6,CLEAR,5,11
2026-08-15 06:00:00,Tellapur,6,5,1,0,9.6,CLEAR,3,12
2026-08-15 06:00:00,Osman Nagar,6,5,1,0,5.8,CLEAR,3,7
2026-08-15 06:00:00,Patancheru,6,5,1,0,7.2,CLEAR,3,8
2026-08-15 06:00:00,HITEC City Metro Stand 2,6,5,1,0,14.4,CLEAR,6,18
2026-08-15 07:00:00,Miyapur Metro,7,5,1,0,11.5,CLEAR,3,13
2026-08-15 07:00:00,BHEL,7,5,1,0,7.7,CLEAR,5,10
2026-08-15 07:00:00,Lingampally Station,7,5,1,0,13.4,CLEAR,5,15
2026-08-15 07:00:00,Nallagandla,7,5,1,0,8.6,CLEAR,3,11
2026-08-15 07:00:00,Tellapur,7,5,1,0,9.6,CLEAR,1,10
2026-08-15 07:00:00,Osman Nagar,7,5,1,0,5.8,CLEAR,4,7
2026-08-15 07:00:00,Patancheru,7,5,1,0,7.2,CLEAR,2,8
2026-08-15 07:00:00,HITEC City Metro Stand 2,7,5,1,0,14.4,CLEAR,5,16
2026-08-15 08:00:00,Miyapur Metro,8,5,1,1,21.1,CLEAR,3,34
2026-08-15 08:00:00,BHEL,8,5,1,1,14.1,CLEAR,2,28
2026-08-15 08:00:00,Lingampally Station,8,5,1,1,24.6,CLEAR,9,55
2026-08-15 08:00:00,Nallagandla,8,5,1,1,15.8,CLEAR,4,32
2026-08-15 08:00:00,Tellapur,8,5,1,1,17.6,CLEAR,6,44
2026-08-15 08:00:00,Osman Nagar,8,5,1,1,10.6,CLEAR,1,17
2026-08-15 08:00:00,Patancheru,8,5,1,1,13.2,CLEAR,5,24
2026-08-15 08:00:00,HITEC City Metro Stand 2,8,5,1,1,26.4,CLEAR,7,61
2026-08-15 09:00:00,Miyapur Metro,9,5,1,1,21.1,CLEAR,6,35
2026-08-15 09:00:00,BHEL,9,5,1,1,14.1,CLEAR,4,29
2026-08-15 09:00:00,Lingampally Station,9,5,1,1,24.6,CLEAR,6,57
2026-08-15 09:00:00,Nallagandla,9,5,1,1,15.8,CLEAR,2,31
2026-08-15 09:00:00,Tellapur,9,5,1,1,17.6,CLEAR,6,38
2026-08-15 09:00:00,Osman Nagar,9,5,1,1,10.6,CLEAR,1,20
2026-08-15 09:00:00,Patancheru,9,5,1,1,13.2,CLEAR,5,23
2026-08-15 09:00:00,HITEC City Metro Stand 2,9,5,1,1,26.4,CLEAR,8,72
2026-08-15 10:00:00,Miyapur Metro,10,5,1,1,21.1,CLEAR,4,36
2026-08-15 10:00:00,BHEL,10,5,1,1,14.1,CLEAR,6,25
2026-08-15 10:00:00,Lingampally Station,10,5,1,1,24.6,CLEAR,5,53
2026-08-15 10:00:00,Nallagandla,10,5,1,1,15.8,CLEAR,4,38
2026-08-15 10:00:00,Tellapur,10,5,1,1,17.6,CLEAR,3,42
2026-08-15 10:00:00,Osman Nagar,10,5,1,1,10.6,CLEAR,1,17
2026-08-15 10:00:00,Patancheru,10,5,1,1,13.2,CLEAR,2,21
2026-08-15 10:00:00,HITEC City Metro Stand 2,10,5,1,1,26.4,CLEAR,9,67
2026-08-15 11:00:00,Miyapur Metro,11,5,1,1,21.1,CLEAR,4,36
2026-08-15 11:00:00,BHEL,11,5,1,1,14.1,CLEAR,6,26
2026-08-15 11:00:00,Lingampally Station,11,5,1,1,24.6,CLEAR,7,56
2026-08-15 11:00:00,Nallagandla,11,5,1,1,15.8,CLEAR,3,37
2026-08-15 11:00:00,Tellapur,11,5,1,1,17.6,CLEAR,5,44
2026-08-15 11:00:00,Osman Nagar,11,5,1,1,10.6,CLEAR,6,21
2026-08-15 11:00:00,Patancheru,11,5,1,1,13.2,CLEAR,3,25
2026-08-15 11:00:00,HITEC City Metro Stand 2,11,5,1,1,26.4,CLEAR,7,62
2026-08-15 12:00:00,Miyapur Metro,12,5,1,0,16.3,CLEAR,6,20
2026-08-15 12:00:00,BHEL,12,5,1,0,10.9,CLEAR,5,13
2026-08-15 12:00:00,Lingampally Station,12,5,1,0,19.0,CLEAR,4,19
2026-08-15 12:00:00,Nallagandla,12,5,1,0,12.2,CLEAR,2,13
2026-08-15 12:00:00,Tellapur,12,5,1,0,13.6,CLEAR,5,16
2026-08-15 12:00:00,Osman Nagar,12,5,1,0,8.2,CLEAR,2,10
2026-08-15 12:00:00,Patancheru,12,5,1,0,10.2,CLEAR,1,10
2026-08-15 12:00:00,HITEC City Metro Stand 2,12,5,1,0,20.4,CLEAR,7,24
2026-08-15 13:00:00,Miyapur Metro,13,5,1,0,16.3,CLEAR,6,17
2026-08-15 13:00:00,BHEL,13,5,1,0,10.9,CLEAR,3,11
2026-08-15 13:00:00,Lingampally Station,13,5,1,0,19.0,CLEAR,4,19
2026-08-15 13:00:00,Nallagandla,13,5,1,0,12.2,CLEAR,4,15
2026-08-15 13:00:00,Tellapur,13,5,1,0,13.6,CLEAR,3,16
2026-08-15 13:00:00,Osman Nagar,13,5,1,0,8.2,CLEAR,4,10
2026-08-15 13:00:00,Patancheru,13,5,1,0,10.2,CLEAR,2,11
2026-08-15 13:00:00,HITEC City Metro Stand 2,13,5,1,0,20.4,CLEAR,6,23
2026-08-15 14:00:00,Miyapur Metro,14,5,1,0,16.3,CLEAR,7,20
2026-08-15 14:00:00,BHEL,14,5,1,0,10.9,CLEAR,1,11
2026-08-15 14:00:00,Lingampally Station,14,5,1,0,19.0,CLEAR,5,23
2026-08-15 14:00:00,Nallagandla,14,5,1,0,12.2,CLEAR,4,15
2026-08-15 14:00:00,Tellapur,14,5,1,0,13.6,CLEAR,3,13
2026-08-15 14:00:00,Osman Nagar,14,5,1,0,8.2,CLEAR,1,8
2026-08-15 14:00:00,Patancheru,14,5,1,0,10.2,CLEAR,3,11
2026-08-15 14:00:00,HITEC City Metro Stand 2,14,5,1,0,20.4,CLEAR,5,24
2026-08-15 15:00:00,Miyapur Metro,15,5,1,0,16.3,CLEAR,5,17
2026-08-15 15:00:00,BHEL,15,5,1,0,10.9,CLEAR,5,13
2026-08-15 15:00:00,Lingampally Station,15,5,1,0,19.0,CLEAR,4,20
2026-08-15 15:00:00,Nallagandla,15,5,1,0,12.2,CLEAR,5,15
2026-08-15 15:00:00,Tellapur,15,5,1,0,13.6,CLEAR,6,16
2026-08-15 15:00:00,Osman Nagar,15,5,1,0,8.2,CLEAR,1,9
2026-08-15 15:00:00,Patancheru,15,5,1,0,10.2,CLEAR,1,11
2026-08-15 15:00:00,HITEC City Metro Stand 2,15,5,1,0,20.4,CLEAR,5,22
2026-08-15 16:00:00,Miyapur Metro,16,5,1,0,16.3,CLEAR,4,19
2026-08-15 16:00:00,BHEL,16,5,1,0,10.9,CLEAR,5,12
2026-08-15 16:00:00,Lingampally Station,16,5,1,0,19.0,CLEAR,6,23
2026-08-15 16:00:00,Nallagandla,16,5,1,0,12.2,CLEAR,2,14
2026-08-15 16:00:00,Tellapur,16,5,1,0,13.6,CLEAR,4,14
2026-08-15 16:00:00,Osman Nagar,16,5,1,0,8.2,CLEAR,5,11
2026-08-15 16:00:00,Patancheru,16,5,1,0,10.2,CLEAR,4,12
2026-08-15 16:00:00,HITEC City Metro Stand 2,16,5,1,0,20.4,CLEAR,4,23
2026-08-15 17:00:00,Miyapur Metro,17,5,1,1,25.0,CLEAR,6,61
2026-08-15 17:00:00,BHEL,17,5,1,1,16.6,CLEAR,4,25
2026-08-15 17:00:00,Lingampally Station,17,5,1,1,29.1,CLEAR,9,77
2026-08-15 17:00:00,Nallagandla,17,5,1,1,18.7,CLEAR,5,32
2026-08-15 17:00:00,Tellapur,17,5,1,1,20.8,CLEAR,6,40
2026-08-15 17:00:00,Osman Nagar,17,5,1,1,12.5,CLEAR,6,19
2026-08-15 17:00:00,Patancheru,17,5,1,1,15.6,CLEAR,7,28
2026-08-15 17:00:00,HITEC City Metro Stand 2,17,5,1,1,31.2,CLEAR,8,76
2026-08-15 18:00:00,Miyapur Metro,18,5,1,1,25.0,CLEAR,8,60
2026-08-15 18:00:00,BHEL,18,5,1,1,16.6,CLEAR,7,26
2026-08-15 18:00:00,Lingampally Station,18,5,1,1,29.1,CLEAR,6,73
2026-08-15 18:00:00,Nallagandla,18,5,1,1,18.7,CLEAR,3,31
2026-08-15 18:00:00,Tellapur,18,5,1,1,20.8,CLEAR,7,40
2026-08-15 18:00:00,Osman Nagar,18,5,1,1,12.5,CLEAR,2,18
2026-08-15 18:00:00,Patancheru,18,5,1,1,15.6,CLEAR,6,28
2026-08-15 18:00:00,HITEC City Metro Stand 2,18,5,1,1,31.2,CLEAR,10,85
2026-08-15 19:00:00,Miyapur Metro,19,5,1,1,25.0,CLEAR,7,54
2026-08-15 19:00:00,BHEL,19,5,1,1,16.6,CLEAR,7,30
2026-08-15 19:00:00,Lingampally Station,19,5,1,1,29.1,CLEAR,6,75
2026-08-15 19:00:00,Nallagandla,19,5,1,1,18.7,CLEAR,5,38
2026-08-15 19:00:00,Tellapur,19,5,1,1,20.8,CLEAR,6,43
2026-08-15 19:00:00,Osman Nagar,19,5,1,1,12.5,CLEAR,3,20
2026-08-15 19:00:00,Patancheru,19,5,1,1,15.6,CLEAR,6,26
2026-08-15 19:00:00,HITEC City Metro Stand 2,19,5,1,1,31.2,CLEAR,7,83
2026-08-15 20:00:00,Miyapur Metro,20,5,1,1,25.0,CLEAR,9,60
2026-08-15 20:00:00,BHEL,20,5,1,1,16.6,CLEAR,3,27
2026-08-15 20:00:00,Lingampally Station,20,5,1,1,29.1,CLEAR,5,77
2026-08-15 20:00:00,Nallagandla,20,5,1,1,18.7,CLEAR,3,33
2026-08-15 20:00:00,Tellapur,20,5,1,1,20.8,CLEAR,7,37
2026-08-15 20:00:00,Osman Nagar,20,5,1,1,12.5,CLEAR,4,19
2026-08-15 20:00:00,Patancheru,20,5,1,1,15.6,CLEAR,6,29
2026-08-15 20:00:00,HITEC City Metro Stand 2,20,5,1,1,31.2,CLEAR,8,78
2026-08-15 21:00:00,Miyapur Metro,21,5,1,1,25.0,CLEAR,7,52
2026-08-15 21:00:00,BHEL,21,5,1,1,16.6,CLEAR,6,30
2026-08-15 21:00:00,Lingampally Station,21,5,1,1,29.1,CLEAR,6,67
2026-08-15 21:00:00,Nallagandla,21,5,1,1,18.7,CLEAR,6,32
2026-08-15 21:00:00,Tellapur,21,5,1,1,20.8,CLEAR,6,39
2026-08-15 21:00:00,Osman Nagar,21,5,1,1,12.5,CLEAR,5,21
2026-08-15 21:00:00,Patancheru,21,5,1,1,15.6,CLEAR,6,25
2026-08-15 21:00:00,HITEC City Metro Stand 2,21,5,1,1,31.2,CLEAR,8,87
2026-08-15 22:00:00,Miyapur Metro,22,5,1,0,7.7,CLEAR,4,9
2026-08-15 22:00:00,BHEL,22,5,1,0,5.1,CLEAR,3,6
2026-08-15 22:00:00,Lingampally Station,22,5,1,0,9.0,CLEAR,3,11
2026-08-15 22:00:00,Nallagandla,22,5,1,0,5.8,CLEAR,4,7
2026-08-15 22:00:00,Tellapur,22,5,1,0,6.4,CLEAR,4,8
2026-08-15 22:00:00,Osman Nagar,22,5,1,0,3.8,CLEAR,0,4
2026-08-15 22:00:00,Patancheru,22,5,1,0,4.8,CLEAR,1,6
2026-08-15 22:00:00,HITEC City Metro Stand 2,22,5,1,0,9.6,CLEAR,3,12
2026-08-15 23:00:00,Miyapur Metro,23,5,1,0,7.7,CLEAR,4,9
2026-08-15 23:00:00,BHEL,23,5,1,0,5.1,CLEAR,4,7
2026-08-15 23:00:00,Lingampally Station,23,5,1,0,9.0,CLEAR,1,10
2026-08-15 23:00:00,Nallagandla,23,5,1,0,5.8,CLEAR,3,8
2026-08-15 23:00:00,Tellapur,23,5,1,0,6.4,CLEAR,0,6
2026-08-15 23:00:00,Osman Nagar,23,5,1,0,3.8,CLEAR,2,5
2026-08-15 23:00:00,Patancheru,23,5,1,0,4.8,CLEAR,0,5
2026-08-15 23:00:00,HITEC City Metro Stand 2,23,5,1,0,9.6,CLEAR,1,11
2026-08-16 00:00:00,Miyapur Metro,0,6,1,0,2.9,CLEAR,4,4
2026-08-16 00:00:00,BHEL,0,6,1,0,1.9,CLEAR,0,2
2026-08-16 00:00:00,Lingampally Station,0,6,1,0,3.4,CLEAR,4,5
2026-08-16 00:00:00,Nallagandla,0,6,1,0,2.2,CLEAR,3,3
2026-08-16 00:00:00,Tellapur,0,6,1,0,2.4,CLEAR,2,3
2026-08-16 00:00:00,Osman Nagar,0,6,1,0,1.4,CLEAR,0,1
2026-08-16 00:00:00,Patancheru,0,6,1,0,1.8,CLEAR,2,3
2026-08-16 00:00:00,HITEC City Metro Stand 2,0,6,1,0,3.6,CLEAR,0,4
2026-08-16 01:00:00,Miyapur Metro,1,6,1,0,2.9,CLEAR,1,3
2026-08-16 01:00:00,BHEL,1,6,1,0,1.9,CLEAR,0,2
2026-08-16 01:00:00,Lingampally Station,1,6,1,0,3.4,CLEAR,2,4
2026-08-16 01:00:00,Nallagandla,1,6,1,0,2.2,CLEAR,0,2
2026-08-16 01:00:00,Tellapur,1,6,1,0,2.4,CLEAR,3,4
2026-08-16 01:00:00,Osman Nagar,1,6,1,0,1.4,CLEAR,2,2
2026-08-16 01:00:00,Patancheru,1,6,1,0,1.8,CLEAR,0,2
2026-08-16 01:00:00,HITEC City Metro Stand 2,1,6,1,0,3.6,CLEAR,1,4
2026-08-16 02:00:00,Miyapur Metro,2,6,1,0,2.9,CLEAR,3,4
2026-08-16 02:00:00,BHEL,2,6,1,0,1.9,CLEAR,3,3
2026-08-16 02:00:00,Lingampally Station,2,6,1,0,3.4,CLEAR,0,4
2026-08-16 02:00:00,Nallagandla,2,6,1,0,2.2,CLEAR,1,3
2026-08-16 02:00:00,Tellapur,2,6,1,0,2.4,CLEAR,1,3
2026-08-16 02:00:00,Osman Nagar,2,6,1,0,1.4,CLEAR,0,2
2026-08-16 02:00:00,Patancheru,2,6,1,0,1.8,CLEAR,1,2
2026-08-16 02:00:00,HITEC City Metro Stand 2,2,6,1,0,3.6,CLEAR,1,4
2026-08-16 03:00:00,Miyapur Metro,3,6,1,0,2.9,CLEAR,2,4
2026-08-16 03:00:00,BHEL,3,6,1,0,1.9,CLEAR,0,2
2026-08-16 03:00:00,Lingampally Station,3,6,1,0,3.4,CLEAR,0,4
2026-08-16 03:00:00,Nallagandla,3,6,1,0,2.2,CLEAR,2,3
2026-08-16 03:00:00,Tellapur,3,6,1,0,2.4,CLEAR,0,3
2026-08-16 03:00:00,Osman Nagar,3,6,1,0,1.4,CLEAR,0,1
2026-08-16 03:00:00,Patancheru,3,6,1,0,1.8,CLEAR,2,3
2026-08-16 03:00:00,HITEC City Metro Stand 2,3,6,1,0,3.6,CLEAR,1,4
2026-08-16 04:00:00,Miyapur Metro,4,6,1,0,2.9,CLEAR,0,3
2026-08-16 04:00:00,BHEL,4,6,1,0,1.9,CLEAR,0,2
2026-08-16 04:00:00,Lingampally Station,4,6,1,0,3.4,CLEAR,1,4
2026-08-16 04:00:00,Nallagandla,4,6,1,0,2.2,CLEAR,2,3
2026-08-16 04:00:00,Tellapur,4,6,1,0,2.4,CLEAR,0,2
2026-08-16 04:00:00,Osman Nagar,4,6,1,0,1.4,CLEAR,0,2
2026-08-16 04:00:00,Patancheru,4,6,1,0,1.8,CLEAR,2,3
2026-08-16 04:00:00,HITEC City Metro Stand 2,4,6,1,0,3.6,CLEAR,4,6
2026-08-16 05:00:00,Miyapur Metro,5,6,1,0,11.5,CLEAR,4,14
2026-08-16 05:00:00,BHEL,5,6,1,0,7.7,CLEAR,1,8
2026-08-16 05:00:00,Lingampally Station,5,6,1,0,13.4,CLEAR,2,14
2026-08-16 05:00:00,Nallagandla,5,6,1,0,8.6,CLEAR,1,9
2026-08-16 05:00:00,Tellapur,5,6,1,0,9.6,CLEAR,1,10
2026-08-16 05:00:00,Osman Nagar,5,6,1,0,5.8,CLEAR,0,6
2026-08-16 05:00:00,Patancheru,5,6,1,0,7.2,CLEAR,2,8
2026-08-16 05:00:00,HITEC City Metro Stand 2,5,6,1,0,14.4,CLEAR,4,15
2026-08-16 06:00:00,Miyapur Metro,6,6,1,0,11.5,CLEAR,2,13
2026-08-16 06:00:00,BHEL,6,6,1,0,7.7,CLEAR,2,9
2026-08-16 06:00:00,Lingampally Station,6,6,1,0,13.4,CLEAR,2,14
2026-08-16 06:00:00,Nallagandla,6,6,1,0,8.6,CLEAR,2,9
2026-08-16 06:00:00,Tellapur,6,6,1,0,9.6,CLEAR,4,12
2026-08-16 06:00:00,Osman Nagar,6,6,1,0,5.8,CLEAR,1,7
2026-08-16 06:00:00,Patancheru,6,6,1,0,7.2,CLEAR,2,8
2026-08-16 06:00:00,HITEC City Metro Stand 2,6,6,1,0,14.4,CLEAR,6,18
2026-08-16 07:00:00,Miyapur Metro,7,6,1,0,11.5,CLEAR,4,12
2026-08-16 07:00:00,BHEL,7,6,1,0,7.7,CLEAR,3,10
2026-08-16 07:00:00,Lingampally Station,7,6,1,0,13.4,CLEAR,4,16
2026-08-16 07:00:00,Nallagandla,7,6,1,0,8.6,CLEAR,4,11
2026-08-16 07:00:00,Tellapur,7,6,1,0,9.6,CLEAR,1,10
2026-08-16 07:00:00,Osman Nagar,7,6,1,0,5.8,CLEAR,1,6
2026-08-16 07:00:00,Patancheru,7,6,1,0,7.2,CLEAR,4,9
2026-08-16 07:00:00,HITEC City Metro Stand 2,7,6,1,0,14.4,CLEAR,2,14
2026-08-16 08:00:00,Miyapur Metro,8,6,1,1,21.1,CLEAR,6,37
2026-08-16 08:00:00,BHEL,8,6,1,1,14.1,CLEAR,3,29
2026-08-16 08:00:00,Lingampally Station,8,6,1,1,24.6,CLEAR,6,47
2026-08-16 08:00:00,Nallagandla,8,6,1,1,15.8,CLEAR,5,35
2026-08-16 08:00:00,Tellapur,8,6,1,1,17.6,CLEAR,6,38
2026-08-16 08:00:00,Osman Nagar,8,6,1,1,10.6,CLEAR,3,18
2026-08-16 08:00:00,Patancheru,8,6,1,1,13.2,CLEAR,3,23
2026-08-16 08:00:00,HITEC City Metro Stand 2,8,6,1,1,26.4,CLEAR,9,73
2026-08-16 09:00:00,Miyapur Metro,9,6,1,1,21.1,CLEAR,5,33
2026-08-16 09:00:00,BHEL,9,6,1,1,14.1,CLEAR,6,27
2026-08-16 09:00:00,Lingampally Station,9,6,1,1,24.6,CLEAR,6,50
2026-08-16 09:00:00,Nallagandla,9,6,1,1,15.8,CLEAR,4,39
2026-08-16 09:00:00,Tellapur,9,6,1,1,17.6,CLEAR,7,38
2026-08-16 09:00:00,Osman Nagar,9,6,1,1,10.6,CLEAR,4,20
2026-08-16 09:00:00,Patancheru,9,6,1,1,13.2,CLEAR,6,25
2026-08-16 09:00:00,HITEC City Metro Stand 2,9,6,1,1,26.4,CLEAR,6,71
2026-08-16 10:00:00,Miyapur Metro,10,6,1,1,21.1,CLEAR,8,37
2026-08-16 10:00:00,BHEL,10,6,1,1,14.1,CLEAR,6,26
2026-08-16 10:00:00,Lingampally Station,10,6,1,1,24.6,CLEAR,7,48
2026-08-16 10:00:00,Nallagandla,10,6,1,1,15.8,CLEAR,3,35
2026-08-16 10:00:00,Tellapur,10,6,1,1,17.6,CLEAR,7,46
2026-08-16 10:00:00,Osman Nagar,10,6,1,1,10.6,CLEAR,1,20
2026-08-16 10:00:00,Patancheru,10,6,1,1,13.2,CLEAR,5,21
2026-08-16 10:00:00,HITEC City Metro Stand 2,10,6,1,1,26.4,CLEAR,7,73
2026-08-16 11:00:00,Miyapur Metro,11,6,1,1,21.1,CLEAR,5,37
2026-08-16 11:00:00,BHEL,11,6,1,1,14.1,CLEAR,5,29
2026-08-16 11:00:00,Lingampally Station,11,6,1,1,24.6,CLEAR,5,48
2026-08-16 11:00:00,Nallagandla,11,6,1,1,15.8,CLEAR,4,36
2026-08-16 11:00:00,Tellapur,11,6,1,1,17.6,CLEAR,3,43
2026-08-16 11:00:00,Osman Nagar,11,6,1,1,10.6,CLEAR,5,19
2026-08-16 11:00:00,Patancheru,11,6,1,1,13.2,CLEAR,4,23
2026-08-16 11:00:00,HITEC City Metro Stand 2,11,6,1,1,26.4,CLEAR,5,59
2026-08-16 12:00:00,Miyapur Metro,12,6,1,0,16.3,CLEAR,3,19
2026-08-16 12:00:00,BHEL,12,6,1,0,10.9,CLEAR,5,13
2026-08-16 12:00:00,Lingampally Station,12,6,1,0,19.0,CLEAR,6,23
2026-08-16 12:00:00,Nallagandla,12,6,1,0,12.2,CLEAR,3,14
2026-08-16 12:00:00,Tellapur,12,6,1,0,13.6,CLEAR,5,15
2026-08-16 12:00:00,Osman Nagar,12,6,1,0,8.2,CLEAR,1,8
2026-08-16 12:00:00,Patancheru,12,6,1,0,10.2,CLEAR,6,12
2026-08-16 12:00:00,HITEC City Metro Stand 2,12,6,1,0,20.4,CLEAR,7,24
2026-08-16 13:00:00,Miyapur Metro,13,6,1,0,16.3,CLEAR,5,20
2026-08-16 13:00:00,BHEL,13,6,1,0,10.9,CLEAR,4,13
2026-08-16 13:00:00,Lingampally Station,13,6,1,0,19.0,CLEAR,6,20
2026-08-16 13:00:00,Nallagandla,13,6,1,0,12.2,CLEAR,4,14
2026-08-16 13:00:00,Tellapur,13,6,1,0,13.6,CLEAR,6,15
2026-08-16 13:00:00,Osman Nagar,13,6,1,0,8.2,CLEAR,0,8
2026-08-16 13:00:00,Patancheru,13,6,1,0,10.2,CLEAR,5,11
2026-08-16 13:00:00,HITEC City Metro Stand 2,13,6,1,0,20.4,CLEAR,4,21
2026-08-16 14:00:00,Miyapur Metro,14,6,1,0,16.3,CLEAR,4,20
2026-08-16 14:00:00,BHEL,14,6,1,0,10.9,CLEAR,3,12
2026-08-16 14:00:00,Lingampally Station,14,6,1,0,19.0,CLEAR,5,23
2026-08-16 14:00:00,Nallagandla,14,6,1,0,12.2,CLEAR,4,15
2026-08-16 14:00:00,Tellapur,14,6,1,0,13.6,CLEAR,2,13
2026-08-16 14:00:00,Osman Nagar,14,6,1,0,8.2,CLEAR,4,10
2026-08-16 14:00:00,Patancheru,14,6,1,0,10.2,CLEAR,5,13
2026-08-16 14:00:00,HITEC City Metro Stand 2,14,6,1,0,20.4,CLEAR,7,23
2026-08-16 15:00:00,Miyapur Metro,15,6,1,0,16.3,CLEAR,6,20
2026-08-16 15:00:00,BHEL,15,6,1,0,10.9,CLEAR,1,12
2026-08-16 15:00:00,Lingampally Station,15,6,1,0,19.0,CLEAR,7,20
2026-08-16 15:00:00,Nallagandla,15,6,1,0,12.2,CLEAR,4,14
2026-08-16 15:00:00,Tellapur,15,6,1,0,13.6,CLEAR,4,15
2026-08-16 15:00:00,Osman Nagar,15,6,1,0,8.2,CLEAR,5,10
2026-08-16 15:00:00,Patancheru,15,6,1,0,10.2,CLEAR,1,10
2026-08-16 15:00:00,HITEC City Metro Stand 2,15,6,1,0,20.4,CLEAR,4,24
2026-08-16 16:00:00,Miyapur Metro,16,6,1,0,16.3,CLEAR,5,20
2026-08-16 16:00:00,BHEL,16,6,1,0,10.9,CLEAR,3,12
2026-08-16 16:00:00,Lingampally Station,16,6,1,0,19.0,CLEAR,6,23
2026-08-16 16:00:00,Nallagandla,16,6,1,0,12.2,CLEAR,2,13
2026-08-16 16:00:00,Tellapur,16,6,1,0,13.6,CLEAR,2,15
2026-08-16 16:00:00,Osman Nagar,16,6,1,0,8.2,CLEAR,5,10
2026-08-16 16:00:00,Patancheru,16,6,1,0,10.2,CLEAR,2,11
2026-08-16 16:00:00,HITEC City Metro Stand 2,16,6,1,0,20.4,CLEAR,7,25
2026-08-16 17:00:00,Miyapur Metro,17,6,1,1,25.0,CLEAR,7,62
2026-08-16 17:00:00,BHEL,17,6,1,1,16.6,CLEAR,4,28
2026-08-16 17:00:00,Lingampally Station,17,6,1,1,29.1,CLEAR,5,74
2026-08-16 17:00:00,Nallagandla,17,6,1,1,18.7,CLEAR,4,36
2026-08-16 17:00:00,Tellapur,17,6,1,1,20.8,CLEAR,4,37
2026-08-16 17:00:00,Osman Nagar,17,6,1,1,12.5,CLEAR,2,17
2026-08-16 17:00:00,Patancheru,17,6,1,1,15.6,CLEAR,2,27
2026-08-16 17:00:00,HITEC City Metro Stand 2,17,6,1,1,31.2,CLEAR,10,76
2026-08-16 18:00:00,Miyapur Metro,18,6,1,1,25.0,CLEAR,8,62
2026-08-16 18:00:00,BHEL,18,6,1,1,16.6,CLEAR,2,24
2026-08-16 18:00:00,Lingampally Station,18,6,1,1,29.1,CLEAR,9,71
2026-08-16 18:00:00,Nallagandla,18,6,1,1,18.7,CLEAR,3,31
2026-08-16 18:00:00,Tellapur,18,6,1,1,20.8,CLEAR,4,36
2026-08-16 18:00:00,Osman Nagar,18,6,1,1,12.5,CLEAR,4,20
2026-08-16 18:00:00,Patancheru,18,6,1,1,15.6,CLEAR,6,30
2026-08-16 18:00:00,HITEC City Metro Stand 2,18,6,1,1,31.2,CLEAR,7,88
2026-08-16 19:00:00,Miyapur Metro,19,6,1,1,25.0,CLEAR,5,56
2026-08-16 19:00:00,BHEL,19,6,1,1,16.6,CLEAR,3,28
2026-08-16 19:00:00,Lingampally Station,19,6,1,1,29.1,CLEAR,10,78
2026-08-16 19:00:00,Nallagandla,19,6,1,1,18.7,CLEAR,4,31
2026-08-16 19:00:00,Tellapur,19,6,1,1,20.8,CLEAR,6,42
2026-08-16 19:00:00,Osman Nagar,19,6,1,1,12.5,CLEAR,2,19
2026-08-16 19:00:00,Patancheru,19,6,1,1,15.6,CLEAR,2,26
2026-08-16 19:00:00,HITEC City Metro Stand 2,19,6,1,1,31.2,CLEAR,6,76
2026-08-16 20:00:00,Miyapur Metro,20,6,1,1,25.0,CLEAR,5,55
2026-08-16 20:00:00,BHEL,20,6,1,1,16.6,CLEAR,7,28
2026-08-16 20:00:00,Lingampally Station,20,6,1,1,29.1,CLEAR,10,66
2026-08-16 20:00:00,Nallagandla,20,6,1,1,18.7,CLEAR,4,34
2026-08-16 20:00:00,Tellapur,20,6,1,1,20.8,CLEAR,7,40
2026-08-16 20:00:00,Osman Nagar,20,6,1,1,12.5,CLEAR,4,19
2026-08-16 20:00:00,Patancheru,20,6,1,1,15.6,CLEAR,7,26
2026-08-16 20:00:00,HITEC City Metro Stand 2,20,6,1,1,31.2,CLEAR,8,80
2026-08-16 21:00:00,Miyapur Metro,21,6,1,1,25.0,CLEAR,5,54
2026-08-16 21:00:00,BHEL,21,6,1,1,16.6,CLEAR,3,29
2026-08-16 21:00:00,Lingampally Station,21,6,1,1,29.1,CLEAR,6,64
2026-08-16 21:00:00,Nallagandla,21,6,1,1,18.7,CLEAR,3,35
2026-08-16 21:00:00,Tellapur,21,6,1,1,20.8,CLEAR,7,41
2026-08-16 21:00:00,Osman Nagar,21,6,1,1,12.5,CLEAR,1,17
2026-08-16 21:00:00,Patancheru,21,6,1,1,15.6,CLEAR,2,25
2026-08-16 21:00:00,HITEC City Metro Stand 2,21,6,1,1,31.2,CLEAR,9,79
2026-08-16 22:00:00,Miyapur Metro,22,6,1,0,7.7,CLEAR,5,10
2026-08-16 22:00:00,BHEL,22,6,1,0,5.1,CLEAR,2,6
2026-08-16 22:00:00,Lingampally Station,22,6,1,0,9.0,CLEAR,5,10
2026-08-16 22:00:00,Nallagandla,22,6,1,0,5.8,CLEAR,0,6
2026-08-16 22:00:00,Tellapur,22,6,1,0,6.4,CLEAR,2,8
2026-08-16 22:00:00,Osman Nagar,22,6,1,0,3.8,CLEAR,0,4
2026-08-16 22:00:00,Patancheru,22,6,1,0,4.8,CLEAR,2,5
2026-08-16 22:00:00,HITEC City Metro Stand 2,22,6,1,0,9.6,CLEAR,3,11
2026-08-16 23:00:00,Miyapur Metro,23,6,1,0,7.7,CLEAR,0,7
2026-08-16 23:00:00,BHEL,23,6,1,0,5.1,CLEAR,1,6
2026-08-16 23:00:00,Lingampally Station,23,6,1,0,9.0,CLEAR,1,10
2026-08-16 23:00:00,Nallagandla,23,6,1,0,5.8,CLEAR,4,7
2026-08-16 23:00:00,Tellapur,23,6,1,0,6.4,CLEAR,4,8
2026-08-16 23:00:00,Osman Nagar,23,6,1,0,3.8,CLEAR,2,5
2026-08-16 23:00:00,Patancheru,23,6,1,0,4.8,CLEAR,0,5
2026-08-16 23:00:00,HITEC City Metro Stand 2,23,6,1,0,9.6,CLEAR,4,11
2026-08-17 00:00:00,Miyapur Metro,0,0,0,0,3.6,CLEAR,2,4
2026-08-17 00:00:00,BHEL,0,0,0,0,2.4,CLEAR,3,4
2026-08-17 00:00:00,Lingampally Station,0,0,0,0,4.2,CLEAR,1,5
2026-08-17 00:00:00,Nallagandla,0,0,0,0,2.7,CLEAR,2,3
2026-08-17 00:00:00,Tellapur,0,0,0,0,3.0,CLEAR,1,3
2026-08-17 00:00:00,Osman Nagar,0,0,0,0,1.8,CLEAR,2,2
2026-08-17 00:00:00,Patancheru,0,0,0,0,2.2,CLEAR,0,2
2026-08-17 00:00:00,HITEC City Metro Stand 2,0,0,0,0,4.5,CLEAR,2,5
2026-08-17 01:00:00,Miyapur Metro,1,0,0,0,3.6,CLEAR,0,3
2026-08-17 01:00:00,BHEL,1,0,0,0,2.4,CLEAR,0,3
2026-08-17 01:00:00,Lingampally Station,1,0,0,0,4.2,CLEAR,4,6
2026-08-17 01:00:00,Nallagandla,1,0,0,0,2.7,CLEAR,2,3
2026-08-17 01:00:00,Tellapur,1,0,0,0,3.0,CLEAR,2,4
2026-08-17 01:00:00,Osman Nagar,1,0,0,0,1.8,CLEAR,0,2
2026-08-17 01:00:00,Patancheru,1,0,0,0,2.2,CLEAR,2,3
2026-08-17 01:00:00,HITEC City Metro Stand 2,1,0,0,0,4.5,CLEAR,0,5
2026-08-17 02:00:00,Miyapur Metro,2,0,0,0,3.6,CLEAR,1,4
2026-08-17 02:00:00,BHEL,2,0,0,0,2.4,CLEAR,0,3
2026-08-17 02:00:00,Lingampally Station,2,0,0,0,4.2,CLEAR,2,5
2026-08-17 02:00:00,Nallagandla,2,0,0,0,2.7,CLEAR,0,3
2026-08-17 02:00:00,Tellapur,2,0,0,0,3.0,CLEAR,3,4
2026-08-17 02:00:00,Osman Nagar,2,0,0,0,1.8,CLEAR,0,2
2026-08-17 02:00:00,Patancheru,2,0,0,0,2.2,CLEAR,1,2
2026-08-17 02:00:00,HITEC City Metro Stand 2,2,0,0,0,4.5,CLEAR,2,6
2026-08-17 03:00:00,Miyapur Metro,3,0,0,0,3.6,CLEAR,0,4
2026-08-17 03:00:00,BHEL,3,0,0,0,2.4,CLEAR,1,3
2026-08-17 03:00:00,Lingampally Station,3,0,0,0,4.2,CLEAR,3,5
2026-08-17 03:00:00,Nallagandla,3,0,0,0,2.7,CLEAR,0,3
2026-08-17 03:00:00,Tellapur,3,0,0,0,3.0,CLEAR,2,4
2026-08-17 03:00:00,Osman Nagar,3,0,0,0,1.8,CLEAR,1,2
2026-08-17 03:00:00,Patancheru,3,0,0,0,2.2,CLEAR,3,3
2026-08-17 03:00:00,HITEC City Metro Stand 2,3,0,0,0,4.5,CLEAR,1,5
2026-08-17 04:00:00,Miyapur Metro,4,0,0,0,3.6,CLEAR,4,5
2026-08-17 04:00:00,BHEL,4,0,0,0,2.4,CLEAR,0,3
2026-08-17 04:00:00,Lingampally Station,4,0,0,0,4.2,CLEAR,1,4
2026-08-17 04:00:00,Nallagandla,4,0,0,0,2.7,CLEAR,0,3
2026-08-17 04:00:00,Tellapur,4,0,0,0,3.0,CLEAR,0,3
2026-08-17 04:00:00,Osman Nagar,4,0,0,0,1.8,CLEAR,0,2
2026-08-17 04:00:00,Patancheru,4,0,0,0,2.2,CLEAR,0,2
2026-08-17 04:00:00,HITEC City Metro Stand 2,4,0,0,0,4.5,CLEAR,1,5
2026-08-17 05:00:00,Miyapur Metro,5,0,0,0,14.4,CLEAR,3,16
2026-08-17 05:00:00,BHEL,5,0,0,0,9.6,CLEAR,2,11
2026-08-17 05:00:00,Lingampally Station,5,0,0,0,16.8,CLEAR,5,20
2026-08-17 05:00:00,Nallagandla,5,0,0,0,10.8,CLEAR,1,11
2026-08-17 05:00:00,Tellapur,5,0,0,0,12.0,CLEAR,3,12
2026-08-17 05:00:00,Osman Nagar,5,0,0,0,7.2,CLEAR,1,8
2026-08-17 05:00:00,Patancheru,5,0,0,0,9.0,CLEAR,5,11
2026-08-17 05:00:00,HITEC City Metro Stand 2,5,0,0,0,18.0,CLEAR,7,20
2026-08-17 06:00:00,Miyapur Metro,6,0,0,0,14.4,CLEAR,5,17
2026-08-17 06:00:00,BHEL,6,0,0,0,9.6,CLEAR,5,11
2026-08-17 06:00:00,Lingampally Station,6,0,0,0,16.8,CLEAR,4,19
2026-08-17 06:00:00,Nallagandla,6,0,0,0,10.8,CLEAR,5,12
2026-08-17 06:00:00,Tellapur,6,0,0,0,12.0,CLEAR,4,13
2026-08-17 06:00:00,Osman Nagar,6,0,0,0,7.2,CLEAR,2,8
2026-08-17 06:00:00,Patancheru,6,0,0,0,9.0,CLEAR,2,10
2026-08-17 06:00:00,HITEC City Metro Stand 2,6,0,0,0,18.0,CLEAR,4,20
2026-08-17 07:00:00,Miyapur Metro,7,0,0,0,14.4,CLEAR,4,17
2026-08-17 07:00:00,BHEL,7,0,0,0,9.6,CLEAR,4,12
2026-08-17 07:00:00,Lingampally Station,7,0,0,0,16.8,CLEAR,5,18
2026-08-17 07:00:00,Nallagandla,7,0,0,0,10.8,CLEAR,1,12
2026-08-17 07:00:00,Tellapur,7,0,0,0,12.0,CLEAR,3,13
2026-08-17 07:00:00,Osman Nagar,7,0,0,0,7.2,CLEAR,4,8
2026-08-17 07:00:00,Patancheru,7,0,0,0,9.0,CLEAR,4,10
2026-08-17 07:00:00,HITEC City Metro Stand 2,7,0,0,0,18.0,CLEAR,4,18
2026-08-17 08:00:00,Miyapur Metro,8,0,0,1,45.6,CLEAR,13,78
2026-08-17 08:00:00,BHEL,8,0,0,1,30.4,CLEAR,7,62
2026-08-17 08:00:00,Lingampally Station,8,0,0,1,53.2,CLEAR,15,109
2026-08-17 08:00:00,Nallagandla,8,0,0,1,34.2,CLEAR,11,76
2026-08-17 08:00:00,Tellapur,8,0,0,1,38.0,CLEAR,10,83
2026-08-17 08:00:00,Osman Nagar,8,0,0,1,22.8,CLEAR,6,43
2026-08-17 08:00:00,Patancheru,8,0,0,1,28.5,CLEAR,7,51
2026-08-17 08:00:00,HITEC City Metro Stand 2,8,0,0,1,57.0,CLEAR,13,129
2026-08-17 09:00:00,Miyapur Metro,9,0,0,1,45.6,CLEAR,13,85
2026-08-17 09:00:00,BHEL,9,0,0,1,30.4,CLEAR,8,55
2026-08-17 09:00:00,Lingampally Station,9,0,0,1,53.2,CLEAR,16,120
2026-08-17 09:00:00,Nallagandla,9,0,0,1,34.2,CLEAR,9,83
2026-08-17 09:00:00,Tellapur,9,0,0,1,38.0,CLEAR,10,91
2026-08-17 09:00:00,Osman Nagar,9,0,0,1,22.8,CLEAR,8,42
2026-08-17 09:00:00,Patancheru,9,0,0,1,28.5,CLEAR,8,51
2026-08-17 09:00:00,HITEC City Metro Stand 2,9,0,0,1,57.0,CLEAR,15,140
2026-08-17 10:00:00,Miyapur Metro,10,0,0,1,45.6,CLEAR,10,72
2026-08-17 10:00:00,BHEL,10,0,0,1,30.4,CLEAR,9,56
2026-08-17 10:00:00,Lingampally Station,10,0,0,1,53.2,CLEAR,13,108
2026-08-17 10:00:00,Nallagandla,10,0,0,1,34.2,CLEAR,11,70
2026-08-17 10:00:00,Tellapur,10,0,0,1,38.0,CLEAR,9,86
2026-08-17 10:00:00,Osman Nagar,10,0,0,1,22.8,CLEAR,8,44
2026-08-17 10:00:00,Patancheru,10,0,0,1,28.5,CLEAR,6,49
2026-08-17 10:00:00,HITEC City Metro Stand 2,10,0,0,1,57.0,CLEAR,14,132
2026-08-17 11:00:00,Miyapur Metro,11,0,0,1,45.6,CLEAR,10,74
2026-08-17 11:00:00,BHEL,11,0,0,1,30.4,CLEAR,10,59
2026-08-17 11:00:00,Lingampally Station,11,0,0,1,53.2,CLEAR,14,112
2026-08-17 11:00:00,Nallagandla,11,0,0,1,34.2,CLEAR,10,69
2026-08-17 11:00:00,Tellapur,11,0,0,1,38.0,CLEAR,8,81
2026-08-17 11:00:00,Osman Nagar,11,0,0,1,22.8,CLEAR,5,44
2026-08-17 11:00:00,Patancheru,11,0,0,1,28.5,CLEAR,8,46
2026-08-17 11:00:00,HITEC City Metro Stand 2,11,0,0,1,57.0,CLEAR,17,159
2026-08-17 12:00:00,Miyapur Metro,12,0,0,0,20.4,CLEAR,6,21
2026-08-17 12:00:00,BHEL,12,0,0,0,13.6,CLEAR,6,15
2026-08-17 12:00:00,Lingampally Station,12,0,0,0,23.8,CLEAR,7,29
2026-08-17 12:00:00,Nallagandla,12,0,0,0,15.3,CLEAR,6,18
2026-08-17 12:00:00,Tellapur,12,0,0,0,17.0,CLEAR,4,19
2026-08-17 12:00:00,Osman Nagar,12,0,0,0,10.2,CLEAR,1,12
2026-08-17 12:00:00,Patancheru,12,0,0,0,12.8,CLEAR,5,14
2026-08-17 12:00:00,HITEC City Metro Stand 2,12,0,0,0,25.5,CLEAR,5,29
2026-08-17 13:00:00,Miyapur Metro,13,0,0,0,20.4,CLEAR,8,24
2026-08-17 13:00:00,BHEL,13,0,0,0,13.6,CLEAR,6,17
2026-08-17 13:00:00,Lingampally Station,13,0,0,0,23.8,CLEAR,9,26
2026-08-17 13:00:00,Nallagandla,13,0,0,0,15.3,CLEAR,6,17
2026-08-17 13:00:00,Tellapur,13,0,0,0,17.0,CLEAR,3,20
2026-08-17 13:00:00,Osman Nagar,13,0,0,0,10.2,CLEAR,2,11
2026-08-17 13:00:00,Patancheru,13,0,0,0,12.8,CLEAR,3,15
2026-08-17 13:00:00,HITEC City Metro Stand 2,13,0,0,0,25.5,CLEAR,6,28
2026-08-17 14:00:00,Miyapur Metro,14,0,0,0,20.4,CLEAR,4,21
2026-08-17 14:00:00,BHEL,14,0,0,0,13.6,CLEAR,6,16
2026-08-17 14:00:00,Lingampally Station,14,0,0,0,23.8,CLEAR,5,27
2026-08-17 14:00:00,Nallagandla,14,0,0,0,15.3,CLEAR,4,17
2026-08-17 14:00:00,Tellapur,14,0,0,0,17.0,CLEAR,7,19
2026-08-17 14:00:00,Osman Nagar,14,0,0,0,10.2,CLEAR,3,12
2026-08-17 14:00:00,Patancheru,14,0,0,0,12.8,CLEAR,6,16
2026-08-17 14:00:00,HITEC City Metro Stand 2,14,0,0,0,25.5,CLEAR,9,29
2026-08-17 15:00:00,Miyapur Metro,15,0,0,0,20.4,CLEAR,7,25
2026-08-17 15:00:00,BHEL,15,0,0,0,13.6,CLEAR,2,16
2026-08-17 15:00:00,Lingampally Station,15,0,0,0,23.8,CLEAR,7,29
2026-08-17 15:00:00,Nallagandla,15,0,0,0,15.3,CLEAR,5,19
2026-08-17 15:00:00,Tellapur,15,0,0,0,17.0,CLEAR,6,21
2026-08-17 15:00:00,Osman Nagar,15,0,0,0,10.2,CLEAR,2,11
2026-08-17 15:00:00,Patancheru,15,0,0,0,12.8,CLEAR,3,15
2026-08-17 15:00:00,HITEC City Metro Stand 2,15,0,0,0,25.5,CLEAR,6,30
2026-08-17 16:00:00,Miyapur Metro,16,0,0,0,20.4,CLEAR,4,24
2026-08-17 16:00:00,BHEL,16,0,0,0,13.6,CLEAR,6,16
2026-08-17 16:00:00,Lingampally Station,16,0,0,0,23.8,CLEAR,8,27
2026-08-17 16:00:00,Nallagandla,16,0,0,0,15.3,CLEAR,7,17
2026-08-17 16:00:00,Tellapur,16,0,0,0,17.0,CLEAR,3,20
2026-08-17 16:00:00,Osman Nagar,16,0,0,0,10.2,CLEAR,2,10
2026-08-17 16:00:00,Patancheru,16,0,0,0,12.8,CLEAR,6,16
2026-08-17 16:00:00,HITEC City Metro Stand 2,16,0,0,0,25.5,CLEAR,8,31
2026-08-17 17:00:00,Miyapur Metro,17,0,0,1,50.4,CLEAR,14,115
2026-08-17 17:00:00,BHEL,17,0,0,1,33.6,CLEAR,7,58
2026-08-17 17:00:00,Lingampally Station,17,0,0,1,58.8,CLEAR,17,156
2026-08-17 17:00:00,Nallagandla,17,0,0,1,37.8,CLEAR,10,68
2026-08-17 17:00:00,Tellapur,17,0,0,1,42.0,CLEAR,13,85
2026-08-17 17:00:00,Osman Nagar,17,0,0,1,25.2,CLEAR,9,42
2026-08-17 17:00:00,Patancheru,17,0,0,1,31.5,CLEAR,10,57
2026-08-17 17:00:00,HITEC City Metro Stand 2,17,0,0,1,63.0,CLEAR,16,160
2026-08-17 18:00:00,Miyapur Metro,18,0,0,1,50.4,CLEAR,14,125
2026-08-17 18:00:00,BHEL,18,0,0,1,33.6,CLEAR,10,54
2026-08-17 18:00:00,Lingampally Station,18,0,0,1,58.8,CLEAR,13,128
2026-08-17 18:00:00,Nallagandla,18,0,0,1,37.8,CLEAR,11,71
2026-08-17 18:00:00,Tellapur,18,0,0,1,42.0,CLEAR,12,75
2026-08-17 18:00:00,Osman Nagar,18,0,0,1,25.2,CLEAR,6,39
2026-08-17 18:00:00,Patancheru,18,0,0,1,31.5,CLEAR,7,49
2026-08-17 18:00:00,HITEC City Metro Stand 2,18,0,0,1,63.0,CLEAR,15,166
2026-08-17 19:00:00,Miyapur Metro,19,0,0,1,50.4,CLEAR,15,126
2026-08-17 19:00:00,BHEL,19,0,0,1,33.6,CLEAR,10,59
2026-08-17 19:00:00,Lingampally Station,19,0,0,1,58.8,CLEAR,16,152
2026-08-17 19:00:00,Nallagandla,19,0,0,1,37.8,CLEAR,9,68
2026-08-17 19:00:00,Tellapur,19,0,0,1,42.0,CLEAR,12,77
2026-08-17 19:00:00,Osman Nagar,19,0,0,1,25.2,CLEAR,8,41
2026-08-17 19:00:00,Patancheru,19,0,0,1,31.5,CLEAR,10,52
2026-08-17 19:00:00,HITEC City Metro Stand 2,19,0,0,1,63.0,CLEAR,16,154
2026-08-17 20:00:00,Miyapur Metro,20,0,0,1,50.4,CLEAR,15,129
2026-08-17 20:00:00,BHEL,20,0,0,1,33.6,CLEAR,11,52
2026-08-17 20:00:00,Lingampally Station,20,0,0,1,58.8,CLEAR,17,156
2026-08-17 20:00:00,Nallagandla,20,0,0,1,37.8,CLEAR,11,71
2026-08-17 20:00:00,Tellapur,20,0,0,1,42.0,CLEAR,13,89
2026-08-17 20:00:00,Osman Nagar,20,0,0,1,25.2,CLEAR,5,39
2026-08-17 20:00:00,Patancheru,20,0,0,1,31.5,CLEAR,7,53
2026-08-17 20:00:00,HITEC City Metro Stand 2,20,0,0,1,63.0,CLEAR,16,157
2026-08-17 21:00:00,Miyapur Metro,21,0,0,1,50.4,CLEAR,11,113
2026-08-17 21:00:00,BHEL,21,0,0,1,33.6,CLEAR,11,51
2026-08-17 21:00:00,Lingampally Station,21,0,0,1,58.8,CLEAR,16,141
2026-08-17 21:00:00,Nallagandla,21,0,0,1,37.8,CLEAR,12,69
2026-08-17 21:00:00,Tellapur,21,0,0,1,42.0,CLEAR,12,75
2026-08-17 21:00:00,Osman Nagar,21,0,0,1,25.2,CLEAR,8,36
2026-08-17 21:00:00,Patancheru,21,0,0,1,31.5,CLEAR,10,58
2026-08-17 21:00:00,HITEC City Metro Stand 2,21,0,0,1,63.0,CLEAR,15,165
2026-08-17 22:00:00,Miyapur Metro,22,0,0,0,9.6,CLEAR,1,11
2026-08-17 22:00:00,BHEL,22,0,0,0,6.4,CLEAR,3,8
2026-08-17 22:00:00,Lingampally Station,22,0,0,0,11.2,CLEAR,2,13
2026-08-17 22:00:00,Nallagandla,22,0,0,0,7.2,CLEAR,2,8
2026-08-17 22:00:00,Tellapur,22,0,0,0,8.0,CLEAR,1,8
2026-08-17 22:00:00,Osman Nagar,22,0,0,0,4.8,CLEAR,1,5
2026-08-17 22:00:00,Patancheru,22,0,0,0,6.0,CLEAR,4,7
2026-08-17 22:00:00,HITEC City Metro Stand 2,22,0,0,0,12.0,CLEAR,4,14
2026-08-17 23:00:00,Miyapur Metro,23,0,0,0,9.6,CLEAR,0,9
2026-08-17 23:00:00,BHEL,23,0,0,0,6.4,CLEAR,1,7
2026-08-17 23:00:00,Lingampally Station,23,0,0,0,11.2,CLEAR,4,13
2026-08-17 23:00:00,Nallagandla,23,0,0,0,7.2,CLEAR,3,9
2026-08-17 23:00:00,Tellapur,23,0,0,0,8.0,CLEAR,1,8
2026-08-17 23:00:00,Osman Nagar,23,0,0,0,4.8,CLEAR,0,5
2026-08-17 23:00:00,Patancheru,23,0,0,0,6.0,CLEAR,1,7
2026-08-17 23:00:00,HITEC City Metro Stand 2,23,0,0,0,12.0,CLEAR,6,16
2026-08-18 00:00:00,Miyapur Metro,0,1,0,0,3.6,CLEAR,2,5
2026-08-18 00:00:00,BHEL,0,1,0,0,2.4,CLEAR,0,2
2026-08-18 00:00:00,Lingampally Station,0,1,0,0,4.2,CLEAR,2,5
2026-08-18 00:00:00,Nallagandla,0,1,0,0,2.7,CLEAR,1,3
2026-08-18 00:00:00,Tellapur,0,1,0,0,3.0,CLEAR,4,5
2026-08-18 00:00:00,Osman Nagar,0,1,0,0,1.8,CLEAR,1,2
2026-08-18 00:00:00,Patancheru,0,1,0,0,2.2,CLEAR,1,3
2026-08-18 00:00:00,HITEC City Metro Stand 2,0,1,0,0,4.5,CLEAR,4,6
2026-08-18 01:00:00,Miyapur Metro,1,1,0,0,3.6,CLEAR,0,4
2026-08-18 01:00:00,BHEL,1,1,0,0,2.4,CLEAR,0,2
2026-08-18 01:00:00,Lingampally Station,1,1,0,0,4.2,CLEAR,0,4
2026-08-18 01:00:00,Nallagandla,1,1,0,0,2.7,CLEAR,3,4
2026-08-18 01:00:00,Tellapur,1,1,0,0,3.0,CLEAR,2,4
2026-08-18 01:00:00,Osman Nagar,1,1,0,0,1.8,CLEAR,0,2
2026-08-18 01:00:00,Patancheru,1,1,0,0,2.2,CLEAR,2,3
2026-08-18 01:00:00,HITEC City Metro Stand 2,1,1,0,0,4.5,CLEAR,0,4
2026-08-18 02:00:00,Miyapur Metro,2,1,0,0,3.6,CLEAR,3,5
2026-08-18 02:00:00,BHEL,2,1,0,0,2.4,CLEAR,4,4
2026-08-18 02:00:00,Lingampally Station,2,1,0,0,4.2,CLEAR,0,5
2026-08-18 02:00:00,Nallagandla,2,1,0,0,2.7,CLEAR,2,4
2026-08-18 02:00:00,Tellapur,2,1,0,0,3.0,CLEAR,0,3
2026-08-18 02:00:00,Osman Nagar,2,1,0,0,1.8,CLEAR,0,2
2026-08-18 02:00:00,Patancheru,2,1,0,0,2.2,CLEAR,0,2
2026-08-18 02:00:00,HITEC City Metro Stand 2,2,1,0,0,4.5,CLEAR,1,5
2026-08-18 03:00:00,Miyapur Metro,3,1,0,0,3.6,CLEAR,4,5
2026-08-18 03:00:00,BHEL,3,1,0,0,2.4,CLEAR,0,3
2026-08-18 03:00:00,Lingampally Station,3,1,0,0,4.2,CLEAR,1,5
2026-08-18 03:00:00,Nallagandla,3,1,0,0,2.7,CLEAR,3,4
2026-08-18 03:00:00,Tellapur,3,1,0,0,3.0,CLEAR,0,3
2026-08-18 03:00:00,Osman Nagar,3,1,0,0,1.8,CLEAR,3,3
2026-08-18 03:00:00,Patancheru,3,1,0,0,2.2,CLEAR,0,2
2026-08-18 03:00:00,HITEC City Metro Stand 2,3,1,0,0,4.5,CLEAR,0,5
2026-08-18 04:00:00,Miyapur Metro,4,1,0,0,3.6,CLEAR,2,5
2026-08-18 04:00:00,BHEL,4,1,0,0,2.4,CLEAR,3,4
2026-08-18 04:00:00,Lingampally Station,4,1,0,0,4.2,CLEAR,2,5
2026-08-18 04:00:00,Nallagandla,4,1,0,0,2.7,CLEAR,0,3
2026-08-18 04:00:00,Tellapur,4,1,0,0,3.0,CLEAR,2,4
2026-08-18 04:00:00,Osman Nagar,4,1,0,0,1.8,CLEAR,0,2
2026-08-18 04:00:00,Patancheru,4,1,0,0,2.2,CLEAR,2,3
2026-08-18 04:00:00,HITEC City Metro Stand 2,4,1,0,0,4.5,CLEAR,2,6
2026-08-18 05:00:00,Miyapur Metro,5,1,0,0,14.4,CLEAR,6,16
2026-08-18 05:00:00,BHEL,5,1,0,0,9.6,CLEAR,1,11
2026-08-18 05:00:00,Lingampally Station,5,1,0,0,16.8,CLEAR,5,19
2026-08-18 05:00:00,Nallagandla,5,1,0,0,10.8,CLEAR,5,13
2026-08-18 05:00:00,Tellapur,5,1,0,0,12.0,CLEAR,1,14
2026-08-18 05:00:00,Osman Nagar,5,1,0,0,7.2,CLEAR,3,9
2026-08-18 05:00:00,Patancheru,5,1,0,0,9.0,CLEAR,2,10
2026-08-18 05:00:00,HITEC City Metro Stand 2,5,1,0,0,18.0,CLEAR,6,22
2026-08-18 06:00:00,Miyapur Metro,6,1,0,0,14.4,CLEAR,4,15
2026-08-18 06:00:00,BHEL,6,1,0,0,9.6,CLEAR,1,10
2026-08-18 06:00:00,Lingampally Station,6,1,0,0,16.8,CLEAR,4,17
2026-08-18 06:00:00,Nallagandla,6,1,0,0,10.8,CLEAR,1,12
2026-08-18 06:00:00,Tellapur,6,1,0,0,12.0,CLEAR,3,13
2026-08-18 06:00:00,Osman Nagar,6,1,0,0,7.2,CLEAR,1,8
2026-08-18 06:00:00,Patancheru,6,1,0,0,9.0,CLEAR,5,10
2026-08-18 06:00:00,HITEC City Metro Stand 2,6,1,0,0,18.0,CLEAR,7,20
2026-08-18 07:00:00,Miyapur Metro,7,1,0,0,14.4,CLEAR,5,16
2026-08-18 07:00:00,BHEL,7,1,0,0,9.6,CLEAR,4,12
2026-08-18 07:00:00,Lingampally Station,7,1,0,0,16.8,CLEAR,3,18
2026-08-18 07:00:00,Nallagandla,7,1,0,0,10.8,CLEAR,3,13
2026-08-18 07:00:00,Tellapur,7,1,0,0,12.0,CLEAR,3,14
2026-08-18 07:00:00,Osman Nagar,7,1,0,0,7.2,CLEAR,0,8
2026-08-18 07:00:00,Patancheru,7,1,0,0,9.0,CLEAR,4,11
2026-08-18 07:00:00,HITEC City Metro Stand 2,7,1,0,0,18.0,CLEAR,5,22
2026-08-18 08:00:00,Miyapur Metro,8,1,0,1,45.6,CLEAR,12,80
2026-08-18 08:00:00,BHEL,8,1,0,1,30.4,CLEAR,8,62
2026-08-18 08:00:00,Lingampally Station,8,1,0,1,53.2,CLEAR,15,116
2026-08-18 08:00:00,Nallagandla,8,1,0,1,34.2,CLEAR,9,75
2026-08-18 08:00:00,Tellapur,8,1,0,1,38.0,CLEAR,8,85
2026-08-18 08:00:00,Osman Nagar,8,1,0,1,22.8,CLEAR,6,39
2026-08-18 08:00:00,Patancheru,8,1,0,1,28.5,CLEAR,9,46
2026-08-18 08:00:00,HITEC City Metro Stand 2,8,1,0,1,57.0,CLEAR,15,148
2026-08-18 09:00:00,Miyapur Metro,9,1,0,1,45.6,CLEAR,12,75
2026-08-18 09:00:00,BHEL,9,1,0,1,30.4,CLEAR,8,63
2026-08-18 09:00:00,Lingampally Station,9,1,0,1,53.2,CLEAR,14,105
2026-08-18 09:00:00,Nallagandla,9,1,0,1,34.2,CLEAR,7,82
2026-08-18 09:00:00,Tellapur,9,1,0,1,38.0,CLEAR,12,90
2026-08-18 09:00:00,Osman Nagar,9,1,0,1,22.8,CLEAR,5,37
2026-08-18 09:00:00,Patancheru,9,1,0,1,28.5,CLEAR,6,44
2026-08-18 09:00:00,HITEC City Metro Stand 2,9,1,0,1,57.0,CLEAR,13,141
2026-08-18 10:00:00,Miyapur Metro,10,1,0,1,45.6,CLEAR,10,80
2026-08-18 10:00:00,BHEL,10,1,0,1,30.4,CLEAR,8,55
2026-08-18 10:00:00,Lingampally Station,10,1,0,1,53.2,CLEAR,13,103
2026-08-18 10:00:00,Nallagandla,10,1,0,1,34.2,CLEAR,9,70
2026-08-18 10:00:00,Tellapur,10,1,0,1,38.0,CLEAR,11,83
2026-08-18 10:00:00,Osman Nagar,10,1,0,1,22.8,CLEAR,5,40
2026-08-18 10:00:00,Patancheru,10,1,0,1,28.5,CLEAR,6,52
2026-08-18 10:00:00,HITEC City Metro Stand 2,10,1,0,1,57.0,CLEAR,14,146
2026-08-18 11:00:00,Miyapur Metro,11,1,0,1,45.6,CLEAR,12,81
2026-08-18 11:00:00,BHEL,11,1,0,1,30.4,CLEAR,9,56
2026-08-18 11:00:00,Lingampally Station,11,1,0,1,53.2,CLEAR,16,123
2026-08-18 11:00:00,Nallagandla,11,1,0,1,34.2,CLEAR,7,70
2026-08-18 11:00:00,Tellapur,11,1,0,1,38.0,CLEAR,11,91
2026-08-18 11:00:00,Osman Nagar,11,1,0,1,22.8,CLEAR,8,39
2026-08-18 11:00:00,Patancheru,11,1,0,1,28.5,CLEAR,8,44
2026-08-18 11:00:00,HITEC City Metro Stand 2,11,1,0,1,57.0,CLEAR,13,133
2026-08-18 12:00:00,Miyapur Metro,12,1,0,0,20.4,CLEAR,5,23
2026-08-18 12:00:00,BHEL,12,1,0,0,13.6,CLEAR,6,18
2026-08-18 12:00:00,Lingampally Station,12,1,0,0,23.8,CLEAR,7,27
2026-08-18 12:00:00,Nallagandla,12,1,0,0,15.3,CLEAR,5,19
2026-08-18 12:00:00,Tellapur,12,1,0,0,17.0,CLEAR,4,19
2026-08-18 12:00:00,Osman Nagar,12,1,0,0,10.2,CLEAR,4,12
2026-08-18 12:00:00,Patancheru,12,1,0,0,12.8,CLEAR,3,13
2026-08-18 12:00:00,HITEC City Metro Stand 2,12,1,0,0,25.5,CLEAR,4,25
2026-08-18 13:00:00,Miyapur Metro,13,1,0,0,20.4,CLEAR,3,24
2026-08-18 13:00:00,BHEL,13,1,0,0,13.6,CLEAR,6,15
2026-08-18 13:00:00,Lingampally Station,13,1,0,0,23.8,CLEAR,7,28
2026-08-18 13:00:00,Nallagandla,13,1,0,0,15.3,CLEAR,4,17
2026-08-18 13:00:00,Tellapur,13,1,0,0,17.0,CLEAR,6,18
2026-08-18 13:00:00,Osman Nagar,13,1,0,0,10.2,CLEAR,2,11
2026-08-18 13:00:00,Patancheru,13,1,0,0,12.8,CLEAR,4,13
2026-08-18 13:00:00,HITEC City Metro Stand 2,13,1,0,0,25.5,CLEAR,5,26
2026-08-18 14:00:00,Miyapur Metro,14,1,0,0,20.4,CLEAR,7,25
2026-08-18 14:00:00,BHEL,14,1,0,0,13.6,CLEAR,4,16
2026-08-18 14:00:00,Lingampally Station,14,1,0,0,23.8,CLEAR,7,25
2026-08-18 14:00:00,Nallagandla,14,1,0,0,15.3,CLEAR,5,19
2026-08-18 14:00:00,Tellapur,14,1,0,0,17.0,CLEAR,3,17
2026-08-18 14:00:00,Osman Nagar,14,1,0,0,10.2,CLEAR,4,12
2026-08-18 14:00:00,Patancheru,14,1,0,0,12.8,CLEAR,6,16
2026-08-18 14:00:00,HITEC City Metro Stand 2,14,1,0,0,25.5,CLEAR,8,29
2026-08-18 15:00:00,Miyapur Metro,15,1,0,0,20.4,CLEAR,6,22
2026-08-18 15:00:00,BHEL,15,1,0,0,13.6,CLEAR,4,15
2026-08-18 15:00:00,Lingampally Station,15,1,0,0,23.8,CLEAR,7,27
2026-08-18 15:00:00,Nallagandla,15,1,0,0,15.3,CLEAR,5,19
2026-08-18 15:00:00,Tellapur,15,1,0,0,17.0,CLEAR,5,20
2026-08-18 15:00:00,Osman Nagar,15,1,0,0,10.2,CLEAR,3,11
2026-08-18 15:00:00,Patancheru,15,1,0,0,12.8,CLEAR,3,13
2026-08-18 15:00:00,HITEC City Metro Stand 2,15,1,0,0,25.5,CLEAR,9,29
2026-08-18 16:00:00,Miyapur Metro,16,1,0,0,20.4,CLEAR,5,23
2026-08-18 16:00:00,BHEL,16,1,0,0,13.6,CLEAR,6,16
2026-08-18 16:00:00,Lingampally Station,16,1,0,0,23.8,CLEAR,7,24
2026-08-18 16:00:00,Nallagandla,16,1,0,0,15.3,CLEAR,3,16
2026-08-18 16:00:00,Tellapur,16,1,0,0,17.0,CLEAR,4,18
2026-08-18 16:00:00,Osman Nagar,16,1,0,0,10.2,CLEAR,2,12
2026-08-18 16:00:00,Patancheru,16,1,0,0,12.8,CLEAR,3,14
2026-08-18 16:00:00,HITEC City Metro Stand 2,16,1,0,0,25.5,CLEAR,9,30
2026-08-18 17:00:00,Miyapur Metro,17,1,0,1,50.4,CLEAR,11,111
2026-08-18 17:00:00,BHEL,17,1,0,1,33.6,CLEAR,10,60
2026-08-18 17:00:00,Lingampally Station,17,1,0,1,58.8,CLEAR,17,149
2026-08-18 17:00:00,Nallagandla,17,1,0,1,37.8,CLEAR,11,73
2026-08-18 17:00:00,Tellapur,17,1,0,1,42.0,CLEAR,12,87
2026-08-18 17:00:00,Osman Nagar,17,1,0,1,25.2,CLEAR,7,37
2026-08-18 17:00:00,Patancheru,17,1,0,1,31.5,CLEAR,10,57
2026-08-18 17:00:00,HITEC City Metro Stand 2,17,1,0,1,63.0,CLEAR,14,154
2026-08-18 18:00:00,Miyapur Metro,18,1,0,1,50.4,CLEAR,14,108
2026-08-18 18:00:00,BHEL,18,1,0,1,33.6,CLEAR,8,60
2026-08-18 18:00:00,Lingampally Station,18,1,0,1,58.8,CLEAR,14,134
2026-08-18 18:00:00,Nallagandla,18,1,0,1,37.8,CLEAR,8,61
2026-08-18 18:00:00,Tellapur,18,1,0,1,42.0,CLEAR,13,79
2026-08-18 18:00:00,Osman Nagar,18,1,0,1,25.2,CLEAR,5,40
2026-08-18 18:00:00,Patancheru,18,1,0,1,31.5,CLEAR,10,50
2026-08-18 18:00:00,HITEC City Metro Stand 2,18,1,0,1,63.0,CLEAR,14,162
2026-08-18 19:00:00,Miyapur Metro,19,1,0,1,50.4,CLEAR,14,108
2026-08-18 19:00:00,BHEL,19,1,0,1,33.6,CLEAR,8,51
2026-08-18 19:00:00,Lingampally Station,19,1,0,1,58.8,CLEAR,14,138
2026-08-18 19:00:00,Nallagandla,19,1,0,1,37.8,CLEAR,8,73
2026-08-18 19:00:00,Tellapur,19,1,0,1,42.0,CLEAR,10,75
2026-08-18 19:00:00,Osman Nagar,19,1,0,1,25.2,CLEAR,8,39
2026-08-18 19:00:00,Patancheru,19,1,0,1,31.5,CLEAR,9,57
2026-08-18 19:00:00,HITEC City Metro Stand 2,19,1,0,1,63.0,CLEAR,18,164
2026-08-18 20:00:00,Miyapur Metro,20,1,0,1,50.4,CLEAR,13,126
2026-08-18 20:00:00,BHEL,20,1,0,1,33.6,CLEAR,7,49
2026-08-18 20:00:00,Lingampally Station,20,1,0,1,58.8,CLEAR,16,151
2026-08-18 20:00:00,Nallagandla,20,1,0,1,37.8,CLEAR,12,74
2026-08-18 20:00:00,Tellapur,20,1,0,1,42.0,CLEAR,9,73
2026-08-18 20:00:00,Osman Nagar,20,1,0,1,25.2,CLEAR,7,41
2026-08-18 20:00:00,Patancheru,20,1,0,1,31.5,CLEAR,10,51
2026-08-18 20:00:00,HITEC City Metro Stand 2,20,1,0,1,63.0,CLEAR,15,163
2026-08-18 21:00:00,Miyapur Metro,21,1,0,1,50.4,CLEAR,13,123
2026-08-18 21:00:00,BHEL,21,1,0,1,33.6,CLEAR,7,55
2026-08-18 21:00:00,Lingampally Station,21,1,0,1,58.8,CLEAR,14,131
2026-08-18 21:00:00,Nallagandla,21,1,0,1,37.8,CLEAR,12,69
2026-08-18 21:00:00,Tellapur,21,1,0,1,42.0,CLEAR,11,85
2026-08-18 21:00:00,Osman Nagar,21,1,0,1,25.2,CLEAR,6,40
2026-08-18 21:00:00,Patancheru,21,1,0,1,31.5,CLEAR,8,54
2026-08-18 21:00:00,HITEC City Metro Stand 2,21,1,0,1,63.0,CLEAR,14,160
2026-08-18 22:00:00,Miyapur Metro,22,1,0,0,9.6,CLEAR,4,11
2026-08-18 22:00:00,BHEL,22,1,0,0,6.4,CLEAR,3,7
2026-08-18 22:00:00,Lingampally Station,22,1,0,0,11.2,CLEAR,5,13
2026-08-18 22:00:00,Nallagandla,22,1,0,0,7.2,CLEAR,1,8
2026-08-18 22:00:00,Tellapur,22,1,0,0,8.0,CLEAR,2,9
2026-08-18 22:00:00,Osman Nagar,22,1,0,0,4.8,CLEAR,1,6
2026-08-18 22:00:00,Patancheru,22,1,0,0,6.0,CLEAR,3,7
2026-08-18 22:00:00,HITEC City Metro Stand 2,22,1,0,0,12.0,CLEAR,1,12
2026-08-18 23:00:00,Miyapur Metro,23,1,0,0,9.6,CLEAR,0,10
2026-08-18 23:00:00,BHEL,23,1,0,0,6.4,CLEAR,4,7
2026-08-18 23:00:00,Lingampally Station,23,1,0,0,11.2,CLEAR,2,13
2026-08-18 23:00:00,Nallagandla,23,1,0,0,7.2,CLEAR,1,7
2026-08-18 23:00:00,Tellapur,23,1,0,0,8.0,CLEAR,4,10
2026-08-18 23:00:00,Osman Nagar,23,1,0,0,4.8,CLEAR,2,6
2026-08-18 23:00:00,Patancheru,23,1,0,0,6.0,CLEAR,0,6
2026-08-18 23:00:00,HITEC City Metro Stand 2,23,1,0,0,12.0,CLEAR,5,15
2026-08-19 00:00:00,Miyapur Metro,0,2,0,0,3.6,CLEAR,0,4
2026-08-19 00:00:00,BHEL,0,2,0,0,2.4,CLEAR,2,3
2026-08-19 00:00:00,Lingampally Station,0,2,0,0,4.2,CLEAR,1,5
2026-08-19 00:00:00,Nallagandla,0,2,0,0,2.7,CLEAR,3,4
2026-08-19 00:00:00,Tellapur,0,2,0,0,3.0,CLEAR,0,3
2026-08-19 00:00:00,Osman Nagar,0,2,0,0,1.8,CLEAR,3,3
2026-08-19 00:00:00,Patancheru,0,2,0,0,2.2,CLEAR,1,2
2026-08-19 00:00:00,HITEC City Metro Stand 2,0,2,0,0,4.5,CLEAR,2,6
2026-08-19 01:00:00,Miyapur Metro,1,2,0,0,3.6,CLEAR,2,5
2026-08-19 01:00:00,BHEL,1,2,0,0,2.4,CLEAR,3,4
2026-08-19 01:00:00,Lingampally Station,1,2,0,0,4.2,CLEAR,1,4
2026-08-19 01:00:00,Nallagandla,1,2,0,0,2.7,CLEAR,0,2
2026-08-19 01:00:00,Tellapur,1,2,0,0,3.0,CLEAR,0,3
2026-08-19 01:00:00,Osman Nagar,1,2,0,0,1.8,CLEAR,2,2
2026-08-19 01:00:00,Patancheru,1,2,0,0,2.2,CLEAR,4,4
2026-08-19 01:00:00,HITEC City Metro Stand 2,1,2,0,0,4.5,CLEAR,0,5
2026-08-19 02:00:00,Miyapur Metro,2,2,0,0,3.6,CLEAR,2,5
2026-08-19 02:00:00,BHEL,2,2,0,0,2.4,CLEAR,0,2
2026-08-19 02:00:00,Lingampally Station,2,2,0,0,4.2,CLEAR,3,6
2026-08-19 02:00:00,Nallagandla,2,2,0,0,2.7,CLEAR,0,3
2026-08-19 02:00:00,Tellapur,2,2,0,0,3.0,CLEAR,2,4
2026-08-19 02:00:00,Osman Nagar,2,2,0,0,1.8,CLEAR,0,2
2026-08-19 02:00:00,Patancheru,2,2,0,0,2.2,CLEAR,0,2
2026-08-19 02:00:00,HITEC City Metro Stand 2,2,2,0,0,4.5,CLEAR,1,4
2026-08-19 03:00:00,Miyapur Metro,3,2,0,0,3.6,CLEAR,2,4
2026-08-19 03:00:00,BHEL,3,2,0,0,2.4,CLEAR,0,3
2026-08-19 03:00:00,Lingampally Station,3,2,0,0,4.2,CLEAR,1,5
2026-08-19 03:00:00,Nallagandla,3,2,0,0,2.7,CLEAR,3,4
2026-08-19 03:00:00,Tellapur,3,2,0,0,3.0,CLEAR,2,4
2026-08-19 03:00:00,Osman Nagar,3,2,0,0,1.8,CLEAR,2,3
2026-08-19 03:00:00,Patancheru,3,2,0,0,2.2,CLEAR,2,3
2026-08-19 03:00:00,HITEC City Metro Stand 2,3,2,0,0,4.5,CLEAR,1,5
2026-08-19 04:00:00,Miyapur Metro,4,2,0,0,3.6,CLEAR,2,5
2026-08-19 04:00:00,BHEL,4,2,0,0,2.4,CLEAR,2,3
2026-08-19 04:00:00,Lingampally Station,4,2,0,0,4.2,CLEAR,0,4
2026-08-19 04:00:00,Nallagandla,4,2,0,0,2.7,CLEAR,2,4
2026-08-19 04:00:00,Tellapur,4,2,0,0,3.0,CLEAR,1,3
2026-08-19 04:00:00,Osman Nagar,4,2,0,0,1.8,CLEAR,2,3
2026-08-19 04:00:00,Patancheru,4,2,0,0,2.2,CLEAR,0,2
2026-08-19 04:00:00,HITEC City Metro Stand 2,4,2,0,0,4.5,CLEAR,4,6
2026-08-19 05:00:00,Miyapur Metro,5,2,0,0,14.4,CLEAR,4,16
2026-08-19 05:00:00,BHEL,5,2,0,0,9.6,CLEAR,3,11
2026-08-19 05:00:00,Lingampally Station,5,2,0,0,16.8,CLEAR,5,19
2026-08-19 05:00:00,Nallagandla,5,2,0,0,10.8,CLEAR,2,12
2026-08-19 05:00:00,Tellapur,5,2,0,0,12.0,CLEAR,3,13
2026-08-19 05:00:00,Osman Nagar,5,2,0,0,7.2,CLEAR,4,9
2026-08-19 05:00:00,Patancheru,5,2,0,0,9.0,CLEAR,5,12
2026-08-19 05:00:00,HITEC City Metro Stand 2,5,2,0,0,18.0,CLEAR,3,18
2026-08-19 06:00:00,Miyapur Metro,6,2,0,0,14.4,CLEAR,5,15
2026-08-19 06:00:00,BHEL,6,2,0,0,9.6,CLEAR,4,12
2026-08-19 06:00:00,Lingampally Station,6,2,0,0,16.8,CLEAR,3,17
2026-08-19 06:00:00,Nallagandla,6,2,0,0,10.8,CLEAR,3,13
2026-08-19 06:00:00,Tellapur,6,2,0,0,12.0,CLEAR,6,14
2026-08-19 06:00:00,Osman Nagar,6,2,0,0,7.2,CLEAR,5,9
2026-08-19 06:00:00,Patancheru,6,2,0,0,9.0,CLEAR,2,9
2026-08-19 06:00:00,HITEC City Metro Stand 2,6,2,0,0,18.0,CLEAR,5,18
2026-08-19 07:00:00,Miyapur Metro,7,2,0,0,14.4,CLEAR,2,15
2026-08-19 07:00:00,BHEL,7,2,0,0,9.6,CLEAR,5,11
2026-08-19 07:00:00,Lingampally Station,7,2,0,0,16.8,CLEAR,5,20
2026-08-19 07:00:00,Nallagandla,7,2,0,0,10.8,CLEAR,1,12
2026-08-19 07:00:00,Tellapur,7,2,0,0,12.0,CLEAR,1,14
2026-08-19 07:00:00,Osman Nagar,7,2,0,0,7.2,CLEAR,4,8
2026-08-19 07:00:00,Patancheru,7,2,0,0,9.0,CLEAR,4,11
2026-08-19 07:00:00,HITEC City Metro Stand 2,7,2,0,0,18.0,CLEAR,3,19
2026-08-19 08:00:00,Miyapur Metro,8,2,0,1,45.6,CLEAR,14,78
2026-08-19 08:00:00,BHEL,8,2,0,1,30.4,CLEAR,8,59
2026-08-19 08:00:00,Lingampally Station,8,2,0,1,53.2,CLEAR,16,120
2026-08-19 08:00:00,Nallagandla,8,2,0,1,34.2,CLEAR,9,80
2026-08-19 08:00:00,Tellapur,8,2,0,1,38.0,CLEAR,11,94
2026-08-19 08:00:00,Osman Nagar,8,2,0,1,22.8,CLEAR,6,41
2026-08-19 08:00:00,Patancheru,8,2,0,1,28.5,CLEAR,7,48
2026-08-19 08:00:00,HITEC City Metro Stand 2,8,2,0,1,57.0,CLEAR,17,140
2026-08-19 09:00:00,Miyapur Metro,9,2,0,1,45.6,CLEAR,13,82
2026-08-19 09:00:00,BHEL,9,2,0,1,30.4,CLEAR,8,55
2026-08-19 09:00:00,Lingampally Station,9,2,0,1,53.2,CLEAR,13,114
2026-08-19 09:00:00,Nallagandla,9,2,0,1,34.2,CLEAR,11,83
2026-08-19 09:00:00,Tellapur,9,2,0,1,38.0,CLEAR,11,92
2026-08-19 09:00:00,Osman Nagar,9,2,0,1,22.8,CLEAR,8,44
2026-08-19 09:00:00,Patancheru,9,2,0,1,28.5,CLEAR,8,52
2026-08-19 09:00:00,HITEC City Metro Stand 2,9,2,0,1,57.0,CLEAR,16,146
2026-08-19 10:00:00,Miyapur Metro,10,2,0,1,45.6,CLEAR,10,79
2026-08-19 10:00:00,BHEL,10,2,0,1,30.4,CLEAR,7,59
2026-08-19 10:00:00,Lingampally Station,10,2,0,1,53.2,CLEAR,14,103
2026-08-19 10:00:00,Nallagandla,10,2,0,1,34.2,CLEAR,9,71
2026-08-19 10:00:00,Tellapur,10,2,0,1,38.0,CLEAR,10,96
2026-08-19 10:00:00,Osman Nagar,10,2,0,1,22.8,CLEAR,4,44
2026-08-19 10:00:00,Patancheru,10,2,0,1,28.5,CLEAR,6,44
2026-08-19 10:00:00,HITEC City Metro Stand 2,10,2,0,1,57.0,CLEAR,16,137
2026-08-19 11:00:00,Miyapur Metro,11,2,0,1,45.6,CLEAR,13,85
2026-08-19 11:00:00,BHEL,11,2,0,1,30.4,CLEAR,8,62
2026-08-19 11:00:00,Lingampally Station,11,2,0,1,53.2,CLEAR,14,111
2026-08-19 11:00:00,Nallagandla,11,2,0,1,34.2,CLEAR,7,81
2026-08-19 11:00:00,Tellapur,11,2,0,1,38.0,CLEAR,8,86
2026-08-19 11:00:00,Osman Nagar,11,2,0,1,22.8,CLEAR,6,45
2026-08-19 11:00:00,Patancheru,11,2,0,1,28.5,CLEAR,7,46
2026-08-19 11:00:00,HITEC City Metro Stand 2,11,2,0,1,57.0,CLEAR,13,131
2026-08-19 12:00:00,Miyapur Metro,12,2,0,0,20.4,CLEAR,4,21
2026-08-19 12:00:00,BHEL,12,2,0,0,13.6,CLEAR,3,14
2026-08-19 12:00:00,Lingampally Station,12,2,0,0,23.8,CLEAR,5,26
2026-08-19 12:00:00,Nallagandla,12,2,0,0,15.3,CLEAR,3,17
2026-08-19 12:00:00,Tellapur,12,2,0,0,17.0,CLEAR,4,17
2026-08-19 12:00:00,Osman Nagar,12,2,0,0,10.2,CLEAR,1,10
2026-08-19 12:00:00,Patancheru,12,2,0,0,12.8,CLEAR,3,14
2026-08-19 12:00:00,HITEC City Metro Stand 2,12,2,0,0,25.5,CLEAR,6,27
2026-08-19 13:00:00,Miyapur Metro,13,2,0,0,20.4,CLEAR,7,22
2026-08-19 13:00:00,BHEL,13,2,0,0,13.6,CLEAR,2,15
2026-08-19 13:00:00,Lingampally Station,13,2,0,0,23.8,CLEAR,7,27
2026-08-19 13:00:00,Nallagandla,13,2,0,0,15.3,CLEAR,6,17
2026-08-19 13:00:00,Tellapur,13,2,0,0,17.0,CLEAR,3,17
2026-08-19 13:00:00,Osman Nagar,13,2,0,0,10.2,CLEAR,3,11
2026-08-19 13:00:00,Patancheru,13,2,0,0,12.8,CLEAR,4,14
2026-08-19 13:00:00,HITEC City Metro Stand 2,13,2,0,0,25.5,CLEAR,6,30
2026-08-19 14:00:00,Miyapur Metro,14,2,0,0,20.4,CLEAR,4,24
2026-08-19 14:00:00,BHEL,14,2,0,0,13.6,CLEAR,5,15
2026-08-19 14:00:00,Lingampally Station,14,2,0,0,23.8,CLEAR,7,28
2026-08-19 14:00:00,Nallagandla,14,2,0,0,15.3,CLEAR,3,16
2026-08-19 14:00:00,Tellapur,14,2,0,0,17.0,CLEAR,3,19
2026-08-19 14:00:00,Osman Nagar,14,2,0,0,10.2,CLEAR,2,12
2026-08-19 14:00:00,Patancheru,14,2,0,0,12.8,CLEAR,3,15
2026-08-19 14:00:00,HITEC City Metro Stand 2,14,2,0,0,25.5,CLEAR,8,29
2026-08-19 15:00:00,Miyapur Metro,15,2,0,0,20.4,CLEAR,5,24
2026-08-19 15:00:00,BHEL,15,2,0,0,13.6,CLEAR,4,14
2026-08-19 15:00:00,Lingampally Station,15,2,0,0,23.8,CLEAR,6,28
2026-08-19 15:00:00,Nallagandla,15,2,0,0,15.3,CLEAR,3,18
2026-08-19 15:00:00,Tellapur,15,2,0,0,17.0,CLEAR,2,20
2026-08-19 15:00:00,Osman Nagar,15,2,0,0,10.2,CLEAR,3,12
2026-08-19 15:00:00,Patancheru,15,2,0,0,12.8,CLEAR,5,15
2026-08-19 15:00:00,HITEC City Metro Stand 2,15,2,0,0,25.5,CLEAR,6,29
2026-08-19 16:00:00,Miyapur Metro,16,2,0,0,20.4,CLEAR,6,23
2026-08-19 16:00:00,BHEL,16,2,0,0,13.6,CLEAR,2,15
2026-08-19 16:00:00,Lingampally Station,16,2,0,0,23.8,CLEAR,7,26
2026-08-19 16:00:00,Nallagandla,16,2,0,0,15.3,CLEAR,4,16
2026-08-19 16:00:00,Tellapur,16,2,0,0,17.0,CLEAR,3,19
2026-08-19 16:00:00,Osman Nagar,16,2,0,0,10.2,CLEAR,2,11
2026-08-19 16:00:00,Patancheru,16,2,0,0,12.8,CLEAR,4,16
2026-08-19 16:00:00,HITEC City Metro Stand 2,16,2,0,0,25.5,CLEAR,6,29
2026-08-19 17:00:00,Miyapur Metro,17,2,0,1,50.4,CLEAR,12,111
2026-08-19 17:00:00,BHEL,17,2,0,1,33.6,CLEAR,10,54
2026-08-19 17:00:00,Lingampally Station,17,2,0,1,58.8,CLEAR,14,157
2026-08-19 17:00:00,Nallagandla,17,2,0,1,37.8,CLEAR,9,68
2026-08-19 17:00:00,Tellapur,17,2,0,1,42.0,CLEAR,11,73
2026-08-19 17:00:00,Osman Nagar,17,2,0,1,25.2,CLEAR,8,40
2026-08-19 17:00:00,Patancheru,17,2,0,1,31.5,CLEAR,6,53
2026-08-19 17:00:00,HITEC City Metro Stand 2,17,2,0,1,63.0,CLEAR,18,172
2026-08-19 18:00:00,Miyapur Metro,18,2,0,1,50.4,CLEAR,13,127
2026-08-19 18:00:00,BHEL,18,2,0,1,33.6,CLEAR,10,58
2026-08-19 18:00:00,Lingampally Station,18,2,0,1,58.8,CLEAR,15,151
2026-08-19 18:00:00,Nallagandla,18,2,0,1,37.8,CLEAR,11,63
2026-08-19 18:00:00,Tellapur,18,2,0,1,42.0,CLEAR,9,85
2026-08-19 18:00:00,Osman Nagar,18,2,0,1,25.2,CLEAR,8,40
2026-08-19 18:00:00,Patancheru,18,2,0,1,31.5,CLEAR,8,58
2026-08-19 18:00:00,HITEC City Metro Stand 2,18,2,0,1,63.0,CLEAR,18,161
2026-08-19 19:00:00,Miyapur Metro,19,2,0,1,50.4,CLEAR,11,123
2026-08-19 19:00:00,BHEL,19,2,0,1,33.6,CLEAR,10,49
2026-08-19 19:00:00,Lingampally Station,19,2,0,1,58.8,CLEAR,15,156
2026-08-19 19:00:00,Nallagandla,19,2,0,1,37.8,CLEAR,10,65
2026-08-19 19:00:00,Tellapur,19,2,0,1,42.0,CLEAR,9,76
2026-08-19 19:00:00,Osman Nagar,19,2,0,1,25.2,CLEAR,9,38
2026-08-19 19:00:00,Patancheru,19,2,0,1,31.5,CLEAR,6,55
2026-08-19 19:00:00,HITEC City Metro Stand 2,19,2,0,1,63.0,CLEAR,15,173
2026-08-19 20:00:00,Miyapur Metro,20,2,0,1,50.4,CLEAR,12,117
2026-08-19 20:00:00,BHEL,20,2,0,1,33.6,CLEAR,8,52
2026-08-19 20:00:00,Lingampally Station,20,2,0,1,58.8,CLEAR,17,150
2026-08-19 20:00:00,Nallagandla,20,2,0,1,37.8,CLEAR,8,64
2026-08-19 20:00:00,Tellapur,20,2,0,1,42.0,CLEAR,13,80
2026-08-19 20:00:00,Osman Nagar,20,2,0,1,25.2,CLEAR,9,40
2026-08-19 20:00:00,Patancheru,20,2,0,1,31.5,CLEAR,8,55
2026-08-19 20:00:00,HITEC City Metro Stand 2,20,2,0,1,63.0,CLEAR,17,168
2026-08-19 21:00:00,Miyapur Metro,21,2,0,1,50.4,CLEAR,14,119
2026-08-19 21:00:00,BHEL,21,2,0,1,33.6,CLEAR,7,50
2026-08-19 21:00:00,Lingampally Station,21,2,0,1,58.8,CLEAR,13,135
2026-08-19 21:00:00,Nallagandla,21,2,0,1,37.8,CLEAR,10,65
2026-08-19 21:00:00,Tellapur,21,2,0,1,42.0,CLEAR,11,85
2026-08-19 21:00:00,Osman Nagar,21,2,0,1,25.2,CLEAR,5,39
2026-08-19 21:00:00,Patancheru,21,2,0,1,31.5,CLEAR,11,57
2026-08-19 21:00:00,HITEC City Metro Stand 2,21,2,0,1,63.0,CLEAR,16,157
2026-08-19 22:00:00,Miyapur Metro,22,2,0,0,9.6,CLEAR,3,11
2026-08-19 22:00:00,BHEL,22,2,0,0,6.4,CLEAR,4,8
2026-08-19 22:00:00,Lingampally Station,22,2,0,0,11.2,CLEAR,6,13
2026-08-19 22:00:00,Nallagandla,22,2,0,0,7.2,CLEAR,4,9
2026-08-19 22:00:00,Tellapur,22,2,0,0,8.0,CLEAR,5,10
2026-08-19 22:00:00,Osman Nagar,22,2,0,0,4.8,CLEAR,3,6
2026-08-19 22:00:00,Patancheru,22,2,0,0,6.0,CLEAR,1,7
2026-08-19 22:00:00,HITEC City Metro Stand 2,22,2,0,0,12.0,CLEAR,5,13
2026-08-19 23:00:00,Miyapur Metro,23,2,0,0,9.6,CLEAR,2,10
2026-08-19 23:00:00,BHEL,23,2,0,0,6.4,CLEAR,2,7
2026-08-19 23:00:00,Lingampally Station,23,2,0,0,11.2,CLEAR,2,11
2026-08-19 23:00:00,Nallagandla,23,2,0,0,7.2,CLEAR,3,8
2026-08-19 23:00:00,Tellapur,23,2,0,0,8.0,CLEAR,4,11
2026-08-19 23:00:00,Osman Nagar,23,2,0,0,4.8,CLEAR,1,5
2026-08-19 23:00:00,Patancheru,23,2,0,0,6.0,CLEAR,1,6
2026-08-19 23:00:00,HITEC City Metro Stand 2,23,2,0,0,12.0,CLEAR,3,14
2026-08-20 00:00:00,Miyapur Metro,0,3,0,0,3.6,CLOUDY,1,4
2026-08-20 00:00:00,BHEL,0,3,0,0,2.4,CLOUDY,2,3
2026-08-20 00:00:00,Lingampally Station,0,3,0,0,4.2,CLOUDY,1,5
2026-08-20 00:00:00,Nallagandla,0,3,0,0,2.7,CLOUDY,0,3
2026-08-20 00:00:00,Tellapur,0,3,0,0,3.0,CLOUDY,0,3
2026-08-20 00:00:00,Osman Nagar,0,3,0,0,1.8,CLOUDY,0,2
2026-08-20 00:00:00,Patancheru,0,3,0,0,2.2,CLOUDY,3,4
2026-08-20 00:00:00,HITEC City Metro Stand 2,0,3,0,0,4.5,CLOUDY,2,6
2026-08-20 01:00:00,Miyapur Metro,1,3,0,0,3.6,CLOUDY,2,5
2026-08-20 01:00:00,BHEL,1,3,0,0,2.4,CLOUDY,0,2
2026-08-20 01:00:00,Lingampally Station,1,3,0,0,4.2,CLOUDY,0,4
2026-08-20 01:00:00,Nallagandla,1,3,0,0,2.7,CLOUDY,3,4
2026-08-20 01:00:00,Tellapur,1,3,0,0,3.0,CLOUDY,0,3
2026-08-20 01:00:00,Osman Nagar,1,3,0,0,1.8,CLOUDY,1,2
2026-08-20 01:00:00,Patancheru,1,3,0,0,2.2,CLOUDY,2,3
2026-08-20 01:00:00,HITEC City Metro Stand 2,1,3,0,0,4.5,CLOUDY,3,6
2026-08-20 02:00:00,Miyapur Metro,2,3,0,0,3.6,CLOUDY,0,4
2026-08-20 02:00:00,BHEL,2,3,0,0,2.4,CLOUDY,0,3
2026-08-20 02:00:00,Lingampally Station,2,3,0,0,4.2,CLOUDY,0,5
2026-08-20 02:00:00,Nallagandla,2,3,0,0,2.7,CLOUDY,2,3
2026-08-20 02:00:00,Tellapur,2,3,0,0,3.0,CLOUDY,1,4
2026-08-20 02:00:00,Osman Nagar,2,3,0,0,1.8,CLOUDY,3,3
2026-08-20 02:00:00,Patancheru,2,3,0,0,2.2,CLOUDY,0,3
2026-08-20 02:00:00,HITEC City Metro Stand 2,2,3,0,0,4.5,CLOUDY,3,6
2026-08-20 03:00:00,Miyapur Metro,3,3,0,0,3.6,CLOUDY,1,4
2026-08-20 03:00:00,BHEL,3,3,0,0,2.4,CLOUDY,0,3
2026-08-20 03:00:00,Lingampally Station,3,3,0,0,4.2,CLOUDY,0,5
2026-08-20 03:00:00,Nallagandla,3,3,0,0,2.7,CLOUDY,0,3
2026-08-20 03:00:00,Tellapur,3,3,0,0,3.0,CLOUDY,2,4
2026-08-20 03:00:00,Osman Nagar,3,3,0,0,1.8,CLOUDY,1,2
2026-08-20 03:00:00,Patancheru,3,3,0,0,2.2,CLOUDY,1,3
2026-08-20 03:00:00,HITEC City Metro Stand 2,3,3,0,0,4.5,CLOUDY,3,6
2026-08-20 04:00:00,Miyapur Metro,4,3,0,0,3.6,CLOUDY,0,4
2026-08-20 04:00:00,BHEL,4,3,0,0,2.4,CLOUDY,3,4
2026-08-20 04:00:00,Lingampally Station,4,3,0,0,4.2,CLOUDY,1,5
2026-08-20 04:00:00,Nallagandla,4,3,0,0,2.7,CLOUDY,3,4
2026-08-20 04:00:00,Tellapur,4,3,0,0,3.0,CLOUDY,0,3
2026-08-20 04:00:00,Osman Nagar,4,3,0,0,1.8,CLOUDY,0,2
2026-08-20 04:00:00,Patancheru,4,3,0,0,2.2,CLOUDY,1,3
2026-08-20 04:00:00,HITEC City Metro Stand 2,4,3,0,0,4.5,CLOUDY,0,5
2026-08-20 05:00:00,Miyapur Metro,5,3,0,0,14.4,CLOUDY,6,19
2026-08-20 05:00:00,BHEL,5,3,0,0,9.6,CLOUDY,3,11
2026-08-20 05:00:00,Lingampally Station,5,3,0,0,16.8,CLOUDY,3,21
2026-08-20 05:00:00,Nallagandla,5,3,0,0,10.8,CLOUDY,5,13
2026-08-20 05:00:00,Tellapur,5,3,0,0,12.0,CLOUDY,4,15
2026-08-20 05:00:00,Osman Nagar,5,3,0,0,7.2,CLOUDY,5,10
2026-08-20 05:00:00,Patancheru,5,3,0,0,9.0,CLOUDY,2,11
2026-08-20 05:00:00,HITEC City Metro Stand 2,5,3,0,0,18.0,CLOUDY,7,22
2026-08-20 06:00:00,Miyapur Metro,6,3,0,0,14.4,CLOUDY,4,16
2026-08-20 06:00:00,BHEL,6,3,0,0,9.6,CLOUDY,3,12
2026-08-20 06:00:00,Lingampally Station,6,3,0,0,16.8,CLOUDY,2,18
2026-08-20 06:00:00,Nallagandla,6,3,0,0,10.8,CLOUDY,1,11
2026-08-20 06:00:00,Tellapur,6,3,0,0,12.0,CLOUDY,2,14
2026-08-20 06:00:00,Osman Nagar,6,3,0,0,7.2,CLOUDY,1,8
2026-08-20 06:00:00,Patancheru,6,3,0,0,9.0,CLOUDY,5,11
2026-08-20 06:00:00,HITEC City Metro Stand 2,6,3,0,0,18.0,CLOUDY,6,20
2026-08-20 07:00:00,Miyapur Metro,7,3,0,0,14.4,CLOUDY,3,18
2026-08-20 07:00:00,BHEL,7,3,0,0,9.6,CLOUDY,2,10
2026-08-20 07:00:00,Lingampally Station,7,3,0,0,16.8,CLOUDY,2,17
2026-08-20 07:00:00,Nallagandla,7,3,0,0,10.8,CLOUDY,2,11
2026-08-20 07:00:00,Tellapur,7,3,0,0,12.0,CLOUDY,4,15
2026-08-20 07:00:00,Osman Nagar,7,3,0,0,7.2,CLOUDY,0,7
2026-08-20 07:00:00,Patancheru,7,3,0,0,9.0,CLOUDY,1,9
2026-08-20 07:00:00,HITEC City Metro Stand 2,7,3,0,0,18.0,CLOUDY,7,23
2026-08-20 08:00:00,Miyapur Metro,8,3,0,1,45.6,CLOUDY,11,83
2026-08-20 08:00:00,BHEL,8,3,0,1,30.4,CLOUDY,6,54
2026-08-20 08:00:00,Lingampally Station,8,3,0,1,53.2,CLOUDY,16,129
2026-08-20 08:00:00,Nallagandla,8,3,0,1,34.2,CLOUDY,7,82
2026-08-20 08:00:00,Tellapur,8,3,0,1,38.0,CLOUDY,9,98
2026-08-20 08:00:00,Osman Nagar,8,3,0,1,22.8,CLOUDY,4,47
2026-08-20 08:00:00,Patancheru,8,3,0,1,28.5,CLOUDY,7,48
2026-08-20 08:00:00,HITEC City Metro Stand 2,8,3,0,1,57.0,CLOUDY,16,157
2026-08-20 09:00:00,Miyapur Metro,9,3,0,1,45.6,CLOUDY,14,91
2026-08-20 09:00:00,BHEL,9,3,0,1,30.4,CLOUDY,11,67
2026-08-20 09:00:00,Lingampally Station,9,3,0,1,53.2,CLOUDY,16,109
2026-08-20 09:00:00,Nallagandla,9,3,0,1,34.2,CLOUDY,7,86
2026-08-20 09:00:00,Tellapur,9,3,0,1,38.0,CLOUDY,11,87
2026-08-20 09:00:00,Osman Nagar,9,3,0,1,22.8,CLOUDY,6,42
2026-08-20 09:00:00,Patancheru,9,3,0,1,28.5,CLOUDY,8,57
2026-08-20 09:00:00,HITEC City Metro Stand 2,9,3,0,1,57.0,CLOUDY,13,136
2026-08-20 10:00:00,Miyapur Metro,10,3,0,1,45.6,CLOUDY,12,77
2026-08-20 10:00:00,BHEL,10,3,0,1,30.4,CLOUDY,8,65
2026-08-20 10:00:00,Lingampally Station,10,3,0,1,53.2,CLOUDY,13,107
2026-08-20 10:00:00,Nallagandla,10,3,0,1,34.2,CLOUDY,11,87
2026-08-20 10:00:00,Tellapur,10,3,0,1,38.0,CLOUDY,12,103
2026-08-20 10:00:00,Osman Nagar,10,3,0,1,22.8,CLOUDY,8,42
2026-08-20 10:00:00,Patancheru,10,3,0,1,28.5,CLOUDY,6,50
2026-08-20 10:00:00,HITEC City Metro Stand 2,10,3,0,1,57.0,CLOUDY,16,138
2026-08-20 11:00:00,Miyapur Metro,11,3,0,1,45.6,CLOUDY,12,86
2026-08-20 11:00:00,BHEL,11,3,0,1,30.4,CLOUDY,9,62
2026-08-20 11:00:00,Lingampally Station,11,3,0,1,53.2,CLOUDY,14,118
2026-08-20 11:00:00,Nallagandla,11,3,0,1,34.2,CLOUDY,8,77
2026-08-20 11:00:00,Tellapur,11,3,0,1,38.0,CLOUDY,11,97
2026-08-20 11:00:00,Osman Nagar,11,3,0,1,22.8,CLOUDY,6,41
2026-08-20 11:00:00,Patancheru,11,3,0,1,28.5,CLOUDY,7,56
2026-08-20 11:00:00,HITEC City Metro Stand 2,11,3,0,1,57.0,CLOUDY,15,136
2026-08-20 12:00:00,Miyapur Metro,12,3,0,0,20.4,CLOUDY,4,22
2026-08-20 12:00:00,BHEL,12,3,0,0,13.6,CLOUDY,6,16
2026-08-20 12:00:00,Lingampally Station,12,3,0,0,23.8,CLOUDY,5,29
2026-08-20 12:00:00,Nallagandla,12,3,0,0,15.3,CLOUDY,5,20
2026-08-20 12:00:00,Tellapur,12,3,0,0,17.0,CLOUDY,4,20
2026-08-20 12:00:00,Osman Nagar,12,3,0,0,10.2,CLOUDY,1,10
2026-08-20 12:00:00,Patancheru,12,3,0,0,12.8,CLOUDY,3,14
2026-08-20 12:00:00,HITEC City Metro Stand 2,12,3,0,0,25.5,CLOUDY,7,30
2026-08-20 13:00:00,Miyapur Metro,13,3,0,0,20.4,CLOUDY,6,24
2026-08-20 13:00:00,BHEL,13,3,0,0,13.6,CLOUDY,4,16
2026-08-20 13:00:00,Lingampally Station,13,3,0,0,23.8,CLOUDY,8,27
2026-08-20 13:00:00,Nallagandla,13,3,0,0,15.3,CLOUDY,4,17
2026-08-20 13:00:00,Tellapur,13,3,0,0,17.0,CLOUDY,3,20
2026-08-20 13:00:00,Osman Nagar,13,3,0,0,10.2,CLOUDY,2,11
2026-08-20 13:00:00,Patancheru,13,3,0,0,12.8,CLOUDY,5,16
2026-08-20 13:00:00,HITEC City Metro Stand 2,13,3,0,0,25.5,CLOUDY,8,32
2026-08-20 14:00:00,Miyapur Metro,14,3,0,0,20.4,CLOUDY,8,23
2026-08-20 14:00:00,BHEL,14,3,0,0,13.6,CLOUDY,2,14
2026-08-20 14:00:00,Lingampally Station,14,3,0,0,23.8,CLOUDY,5,26
2026-08-20 14:00:00,Nallagandla,14,3,0,0,15.3,CLOUDY,3,17
2026-08-20 14:00:00,Tellapur,14,3,0,0,17.0,CLOUDY,6,21
2026-08-20 14:00:00,Osman Nagar,14,3,0,0,10.2,CLOUDY,2,12
2026-08-20 14:00:00,Patancheru,14,3,0,0,12.8,CLOUDY,6,17
2026-08-20 14:00:00,HITEC City Metro Stand 2,14,3,0,0,25.5,CLOUDY,8,32
2026-08-20 15:00:00,Miyapur Metro,15,3,0,0,20.4,CLOUDY,8,23
2026-08-20 15:00:00,BHEL,15,3,0,0,13.6,CLOUDY,3,17
2026-08-20 15:00:00,Lingampally Station,15,3,0,0,23.8,CLOUDY,8,28
2026-08-20 15:00:00,Nallagandla,15,3,0,0,15.3,CLOUDY,4,18
2026-08-20 15:00:00,Tellapur,15,3,0,0,17.0,CLOUDY,6,20
2026-08-20 15:00:00,Osman Nagar,15,3,0,0,10.2,CLOUDY,3,13
2026-08-20 15:00:00,Patancheru,15,3,0,0,12.8,CLOUDY,2,14
2026-08-20 15:00:00,HITEC City Metro Stand 2,15,3,0,0,25.5,CLOUDY,6,31
2026-08-20 16:00:00,Miyapur Metro,16,3,0,0,20.4,CLOUDY,5,24
2026-08-20 16:00:00,BHEL,16,3,0,0,13.6,CLOUDY,5,17
2026-08-20 16:00:00,Lingampally Station,16,3,0,0,23.8,CLOUDY,8,28
2026-08-20 16:00:00,Nallagandla,16,3,0,0,15.3,CLOUDY,6,18
2026-08-20 16:00:00,Tellapur,16,3,0,0,17.0,CLOUDY,3,20
2026-08-20 16:00:00,Osman Nagar,16,3,0,0,10.2,CLOUDY,4,12
2026-08-20 16:00:00,Patancheru,16,3,0,0,12.8,CLOUDY,3,15
2026-08-20 16:00:00,HITEC City Metro Stand 2,16,3,0,0,25.5,CLOUDY,6,30
2026-08-20 17:00:00,Miyapur Metro,17,3,0,1,50.4,CLOUDY,11,133
2026-08-20 17:00:00,BHEL,17,3,0,1,33.6,CLOUDY,6,59
2026-08-20 17:00:00,Lingampally Station,17,3,0,1,58.8,CLOUDY,17,145
2026-08-20 17:00:00,Nallagandla,17,3,0,1,37.8,CLOUDY,10,75
2026-08-20 17:00:00,Tellapur,17,3,0,1,42.0,CLOUDY,11,89
2026-08-20 17:00:00,Osman Nagar,17,3,0,1,25.2,CLOUDY,7,39
2026-08-20 17:00:00,Patancheru,17,3,0,1,31.5,CLOUDY,6,59
2026-08-20 17:00:00,HITEC City Metro Stand 2,17,3,0,1,63.0,CLOUDY,18,162
2026-08-20 18:00:00,Miyapur Metro,18,3,0,1,50.4,CLOUDY,15,119
2026-08-20 18:00:00,BHEL,18,3,0,1,33.6,CLOUDY,10,59
2026-08-20 18:00:00,Lingampally Station,18,3,0,1,58.8,CLOUDY,16,161
2026-08-20 18:00:00,Nallagandla,18,3,0,1,37.8,CLOUDY,12,69
2026-08-20 18:00:00,Tellapur,18,3,0,1,42.0,CLOUDY,10,85
2026-08-20 18:00:00,Osman Nagar,18,3,0,1,25.2,CLOUDY,5,36
2026-08-20 18:00:00,Patancheru,18,3,0,1,31.5,CLOUDY,9,56
2026-08-20 18:00:00,HITEC City Metro Stand 2,18,3,0,1,63.0,CLOUDY,18,159
2026-08-20 19:00:00,Miyapur Metro,19,3,0,1,50.4,CLOUDY,11,123
2026-08-20 19:00:00,BHEL,19,3,0,1,33.6,CLOUDY,7,58
2026-08-20 19:00:00,Lingampally Station,19,3,0,1,58.8,CLOUDY,15,140
2026-08-20 19:00:00,Nallagandla,19,3,0,1,37.8,CLOUDY,8,78
2026-08-20 19:00:00,Tellapur,19,3,0,1,42.0,CLOUDY,10,80
2026-08-20 19:00:00,Osman Nagar,19,3,0,1,25.2,CLOUDY,8,37
2026-08-20 19:00:00,Patancheru,19,3,0,1,31.5,CLOUDY,6,56
2026-08-20 19:00:00,HITEC City Metro Stand 2,19,3,0,1,63.0,CLOUDY,15,186
2026-08-20 20:00:00,Miyapur Metro,20,3,0,1,50.4,CLOUDY,13,114
2026-08-20 20:00:00,BHEL,20,3,0,1,33.6,CLOUDY,7,57
2026-08-20 20:00:00,Lingampally Station,20,3,0,1,58.8,CLOUDY,15,136
2026-08-20 20:00:00,Nallagandla,20,3,0,1,37.8,CLOUDY,12,78
2026-08-20 20:00:00,Tellapur,20,3,0,1,42.0,CLOUDY,9,79
2026-08-20 20:00:00,Osman Nagar,20,3,0,1,25.2,CLOUDY,6,42
2026-08-20 20:00:00,Patancheru,20,3,0,1,31.5,CLOUDY,8,58
2026-08-20 20:00:00,HITEC City Metro Stand 2,20,3,0,1,63.0,CLOUDY,18,177
2026-08-20 21:00:00,Miyapur Metro,21,3,0,1,50.4,CLOUDY,13,128
2026-08-20 21:00:00,BHEL,21,3,0,1,33.6,CLOUDY,8,51
2026-08-20 21:00:00,Lingampally Station,21,3,0,1,58.8,CLOUDY,13,135
2026-08-20 21:00:00,Nallagandla,21,3,0,1,37.8,CLOUDY,9,76
2026-08-20 21:00:00,Tellapur,21,3,0,1,42.0,CLOUDY,11,92
2026-08-20 21:00:00,Osman Nagar,21,3,0,1,25.2,CLOUDY,9,41
2026-08-20 21:00:00,Patancheru,21,3,0,1,31.5,CLOUDY,9,60
2026-08-20 21:00:00,HITEC City Metro Stand 2,21,3,0,1,63.0,CLOUDY,15,187
2026-08-20 22:00:00,Miyapur Metro,22,3,0,0,9.6,CLOUDY,3,12
2026-08-20 22:00:00,BHEL,22,3,0,0,6.4,CLOUDY,3,8
2026-08-20 22:00:00,Lingampally Station,22,3,0,0,11.2,CLOUDY,4,14
2026-08-20 22:00:00,Nallagandla,22,3,0,0,7.2,CLOUDY,1,8
2026-08-20 22:00:00,Tellapur,22,3,0,0,8.0,CLOUDY,4,11
2026-08-20 22:00:00,Osman Nagar,22,3,0,0,4.8,CLOUDY,1,6
2026-08-20 22:00:00,Patancheru,22,3,0,0,6.0,CLOUDY,0,6
2026-08-20 22:00:00,HITEC City Metro Stand 2,22,3,0,0,12.0,CLOUDY,3,15
2026-08-20 23:00:00,Miyapur Metro,23,3,0,0,9.6,CLOUDY,2,12
2026-08-20 23:00:00,BHEL,23,3,0,0,6.4,CLOUDY,1,7
2026-08-20 23:00:00,Lingampally Station,23,3,0,0,11.2,CLOUDY,2,14
2026-08-20 23:00:00,Nallagandla,23,3,0,0,7.2,CLOUDY,3,9
2026-08-20 23:00:00,Tellapur,23,3,0,0,8.0,CLOUDY,1,9
2026-08-20 23:00:00,Osman Nagar,23,3,0,0,4.8,CLOUDY,4,7
2026-08-20 23:00:00,Patancheru,23,3,0,0,6.0,CLOUDY,4,7
2026-08-20 23:00:00,HITEC City Metro Stand 2,23,3,0,0,12.0,CLOUDY,2,14
2026-08-21 00:00:00,Miyapur Metro,0,4,0,0,3.6,CLEAR,1,4
2026-08-21 00:00:00,BHEL,0,4,0,0,2.4,CLEAR,1,3
2026-08-21 00:00:00,Lingampally Station,0,4,0,0,4.2,CLEAR,0,4
2026-08-21 00:00:00,Nallagandla,0,4,0,0,2.7,CLEAR,2,3
2026-08-21 00:00:00,Tellapur,0,4,0,0,3.0,CLEAR,2,4
2026-08-21 00:00:00,Osman Nagar,0,4,0,0,1.8,CLEAR,0,2
2026-08-21 00:00:00,Patancheru,0,4,0,0,2.2,CLEAR,0,2
2026-08-21 00:00:00,HITEC City Metro Stand 2,0,4,0,0,4.5,CLEAR,1,5
2026-08-21 01:00:00,Miyapur Metro,1,4,0,0,3.6,CLEAR,1,4
2026-08-21 01:00:00,BHEL,1,4,0,0,2.4,CLEAR,1,3
2026-08-21 01:00:00,Lingampally Station,1,4,0,0,4.2,CLEAR,4,6
2026-08-21 01:00:00,Nallagandla,1,4,0,0,2.7,CLEAR,3,4
2026-08-21 01:00:00,Tellapur,1,4,0,0,3.0,CLEAR,0,3
2026-08-21 01:00:00,Osman Nagar,1,4,0,0,1.8,CLEAR,0,2
2026-08-21 01:00:00,Patancheru,1,4,0,0,2.2,CLEAR,1,3
2026-08-21 01:00:00,HITEC City Metro Stand 2,1,4,0,0,4.5,CLEAR,0,5
2026-08-21 02:00:00,Miyapur Metro,2,4,0,0,3.6,CLEAR,2,4
2026-08-21 02:00:00,BHEL,2,4,0,0,2.4,CLEAR,0,2
2026-08-21 02:00:00,Lingampally Station,2,4,0,0,4.2,CLEAR,0,4
2026-08-21 02:00:00,Nallagandla,2,4,0,0,2.7,CLEAR,0,3
2026-08-21 02:00:00,Tellapur,2,4,0,0,3.0,CLEAR,3,4
2026-08-21 02:00:00,Osman Nagar,2,4,0,0,1.8,CLEAR,2,3
2026-08-21 02:00:00,Patancheru,2,4,0,0,2.2,CLEAR,3,3
2026-08-21 02:00:00,HITEC City Metro Stand 2,2,4,0,0,4.5,CLEAR,1,5
2026-08-21 03:00:00,Miyapur Metro,3,4,0,0,3.6,CLEAR,0,4
2026-08-21 03:00:00,BHEL,3,4,0,0,2.4,CLEAR,2,3
2026-08-21 03:00:00,Lingampally Station,3,4,0,0,4.2,CLEAR,1,4
2026-08-21 03:00:00,Nallagandla,3,4,0,0,2.7,CLEAR,0,3
2026-08-21 03:00:00,Tellapur,3,4,0,0,3.0,CLEAR,4,5
2026-08-21 03:00:00,Osman Nagar,3,4,0,0,1.8,CLEAR,0,2
2026-08-21 03:00:00,Patancheru,3,4,0,0,2.2,CLEAR,0,2
2026-08-21 03:00:00,HITEC City Metro Stand 2,3,4,0,0,4.5,CLEAR,3,6
2026-08-21 04:00:00,Miyapur Metro,4,4,0,0,3.6,CLEAR,0,3
2026-08-21 04:00:00,BHEL,4,4,0,0,2.4,CLEAR,1,3
2026-08-21 04:00:00,Lingampally Station,4,4,0,0,4.2,CLEAR,1,5
2026-08-21 04:00:00,Nallagandla,4,4,0,0,2.7,CLEAR,0,3
2026-08-21 04:00:00,Tellapur,4,4,0,0,3.0,CLEAR,1,4
2026-08-21 04:00:00,Osman Nagar,4,4,0,0,1.8,CLEAR,0,2
2026-08-21 04:00:00,Patancheru,4,4,0,0,2.2,CLEAR,0,2
2026-08-21 04:00:00,HITEC City Metro Stand 2,4,4,0,0,4.5,CLEAR,1,5
2026-08-21 05:00:00,Miyapur Metro,5,4,0,0,14.4,CLEAR,4,16
2026-08-21 05:00:00,BHEL,5,4,0,0,9.6,CLEAR,1,11
2026-08-21 05:00:00,Lingampally Station,5,4,0,0,16.8,CLEAR,5,18
2026-08-21 05:00:00,Nallagandla,5,4,0,0,10.8,CLEAR,1,11
2026-08-21 05:00:00,Tellapur,5,4,0,0,12.0,CLEAR,3,14
2026-08-21 05:00:00,Osman Nagar,5,4,0,0,7.2,CLEAR,5,9
2026-08-21 05:00:00,Patancheru,5,4,0,0,9.0,CLEAR,3,11
2026-08-21 05:00:00,HITEC City Metro Stand 2,5,4,0,0,18.0,CLEAR,7,20
2026-08-21 06:00:00,Miyapur Metro,6,4,0,0,14.4,CLEAR,6,17
2026-08-21 06:00:00,BHEL,6,4,0,0,9.6,CLEAR,5,12
2026-08-21 06:00:00,Lingampally Station,6,4,0,0,16.8,CLEAR,6,21
2026-08-21 06:00:00,Nallagandla,6,4,0,0,10.8,CLEAR,4,12
2026-08-21 06:00:00,Tellapur,6,4,0,0,12.0,CLEAR,4,15
2026-08-21 06:00:00,Osman Nagar,6,4,0,0,7.2,CLEAR,1,8
2026-08-21 06:00:00,Patancheru,6,4,0,0,9.0,CLEAR,3,10
2026-08-21 06:00:00,HITEC City Metro Stand 2,6,4,0,0,18.0,CLEAR,6,21
2026-08-21 07:00:00,Miyapur Metro,7,4,0,0,14.4,CLEAR,4,17
2026-08-21 07:00:00,BHEL,7,4,0,0,9.6,CLEAR,2,11
2026-08-21 07:00:00,Lingampally Station,7,4,0,0,16.8,CLEAR,7,19
2026-08-21 07:00:00,Nallagandla,7,4,0,0,10.8,CLEAR,4,13
2026-08-21 07:00:00,Tellapur,7,4,0,0,12.0,CLEAR,3,14
2026-08-21 07:00:00,Osman Nagar,7,4,0,0,7.2,CLEAR,4,9
2026-08-21 07:00:00,Patancheru,7,4,0,0,9.0,CLEAR,1,9
2026-08-21 07:00:00,HITEC City Metro Stand 2,7,4,0,0,18.0,CLEAR,4,18
2026-08-21 08:00:00,Miyapur Metro,8,4,0,1,45.6,CLEAR,10,70
2026-08-21 08:00:00,BHEL,8,4,0,1,30.4,CLEAR,10,60
2026-08-21 08:00:00,Lingampally Station,8,4,0,1,53.2,CLEAR,16,119
2026-08-21 08:00:00,Nallagandla,8,4,0,1,34.2,CLEAR,8,72
2026-08-21 08:00:00,Tellapur,8,4,0,1,38.0,CLEAR,11,94
2026-08-21 08:00:00,Osman Nagar,8,4,0,1,22.8,CLEAR,6,46
2026-08-21 08:00:00,Patancheru,8,4,0,1,28.5,CLEAR,8,47
2026-08-21 08:00:00,HITEC City Metro Stand 2,8,4,0,1,57.0,CLEAR,12,153
2026-08-21 09:00:00,Miyapur Metro,9,4,0,1,45.6,CLEAR,11,74
2026-08-21 09:00:00,BHEL,9,4,0,1,30.4,CLEAR,8,63
2026-08-21 09:00:00,Lingampally Station,9,4,0,1,53.2,CLEAR,15,108
2026-08-21 09:00:00,Nallagandla,9,4,0,1,34.2,CLEAR,10,80
2026-08-21 09:00:00,Tellapur,9,4,0,1,38.0,CLEAR,11,87
2026-08-21 09:00:00,Osman Nagar,9,4,0,1,22.8,CLEAR,5,41
2026-08-21 09:00:00,Patancheru,9,4,0,1,28.5,CLEAR,5,52
2026-08-21 09:00:00,HITEC City Metro Stand 2,9,4,0,1,57.0,CLEAR,13,134
2026-08-21 10:00:00,Miyapur Metro,10,4,0,1,45.6,CLEAR,13,73
2026-08-21 10:00:00,BHEL,10,4,0,1,30.4,CLEAR,7,53
2026-08-21 10:00:00,Lingampally Station,10,4,0,1,53.2,CLEAR,14,121
2026-08-21 10:00:00,Nallagandla,10,4,0,1,34.2,CLEAR,11,73
2026-08-21 10:00:00,Tellapur,10,4,0,1,38.0,CLEAR,8,92
2026-08-21 10:00:00,Osman Nagar,10,4,0,1,22.8,CLEAR,5,43
2026-08-21 10:00:00,Patancheru,10,4,0,1,28.5,CLEAR,6,45
2026-08-21 10:00:00,HITEC City Metro Stand 2,10,4,0,1,57.0,CLEAR,13,137
2026-08-21 11:00:00,Miyapur Metro,11,4,0,1,45.6,CLEAR,12,81
2026-08-21 11:00:00,BHEL,11,4,0,1,30.4,CLEAR,7,61
2026-08-21 11:00:00,Lingampally Station,11,4,0,1,53.2,CLEAR,12,123
2026-08-21 11:00:00,Nallagandla,11,4,0,1,34.2,CLEAR,9,71
2026-08-21 11:00:00,Tellapur,11,4,0,1,38.0,CLEAR,10,89
2026-08-21 11:00:00,Osman Nagar,11,4,0,1,22.8,CLEAR,7,44
2026-08-21 11:00:00,Patancheru,11,4,0,1,28.5,CLEAR,9,53
2026-08-21 11:00:00,HITEC City Metro Stand 2,11,4,0,1,57.0,CLEAR,12,139
2026-08-21 12:00:00,Miyapur Metro,12,4,0,0,20.4,CLEAR,7,25
2026-08-21 12:00:00,BHEL,12,4,0,0,13.6,CLEAR,6,16
2026-08-21 12:00:00,Lingampally Station,12,4,0,0,23.8,CLEAR,5,27
2026-08-21 12:00:00,Nallagandla,12,4,0,0,15.3,CLEAR,3,17
2026-08-21 12:00:00,Tellapur,12,4,0,0,17.0,CLEAR,5,19
2026-08-21 12:00:00,Osman Nagar,12,4,0,0,10.2,CLEAR,4,11
2026-08-21 12:00:00,Patancheru,12,4,0,0,12.8,CLEAR,2,14
2026-08-21 12:00:00,HITEC City Metro Stand 2,12,4,0,0,25.5,CLEAR,5,26
2026-08-21 13:00:00,Miyapur Metro,13,4,0,0,20.4,CLEAR,3,22
2026-08-21 13:00:00,BHEL,13,4,0,0,13.6,CLEAR,5,16
2026-08-21 13:00:00,Lingampally Station,13,4,0,0,23.8,CLEAR,9,30
2026-08-21 13:00:00,Nallagandla,13,4,0,0,15.3,CLEAR,7,18
2026-08-21 13:00:00,Tellapur,13,4,0,0,17.0,CLEAR,5,20
2026-08-21 13:00:00,Osman Nagar,13,4,0,0,10.2,CLEAR,3,11
2026-08-21 13:00:00,Patancheru,13,4,0,0,12.8,CLEAR,1,15
2026-08-21 13:00:00,HITEC City Metro Stand 2,13,4,0,0,25.5,CLEAR,6,29
2026-08-21 14:00:00,Miyapur Metro,14,4,0,0,20.4,CLEAR,4,22
2026-08-21 14:00:00,BHEL,14,4,0,0,13.6,CLEAR,3,16
2026-08-21 14:00:00,Lingampally Station,14,4,0,0,23.8,CLEAR,8,27
2026-08-21 14:00:00,Nallagandla,14,4,0,0,15.3,CLEAR,4,18
2026-08-21 14:00:00,Tellapur,14,4,0,0,17.0,CLEAR,6,20
2026-08-21 14:00:00,Osman Nagar,14,4,0,0,10.2,CLEAR,5,13
2026-08-21 14:00:00,Patancheru,14,4,0,0,12.8,CLEAR,2,12
2026-08-21 14:00:00,HITEC City Metro Stand 2,14,4,0,0,25.5,CLEAR,8,30
2026-08-21 15:00:00,Miyapur Metro,15,4,0,0,20.4,CLEAR,6,24
2026-08-21 15:00:00,BHEL,15,4,0,0,13.6,CLEAR,5,15
2026-08-21 15:00:00,Lingampally Station,15,4,0,0,23.8,CLEAR,6,27
2026-08-21 15:00:00,Nallagandla,15,4,0,0,15.3,CLEAR,3,17
2026-08-21 15:00:00,Tellapur,15,4,0,0,17.0,CLEAR,7,21
2026-08-21 15:00:00,Osman Nagar,15,4,0,0,10.2,CLEAR,1,11
2026-08-21 15:00:00,Patancheru,15,4,0,0,12.8,CLEAR,4,16
2026-08-21 15:00:00,HITEC City Metro Stand 2,15,4,0,0,25.5,CLEAR,6,29
2026-08-21 16:00:00,Miyapur Metro,16,4,0,0,20.4,CLEAR,8,24
2026-08-21 16:00:00,BHEL,16,4,0,0,13.6,CLEAR,2,14
2026-08-21 16:00:00,Lingampally Station,16,4,0,0,23.8,CLEAR,8,26
2026-08-21 16:00:00,Nallagandla,16,4,0,0,15.3,CLEAR,3,18
2026-08-21 16:00:00,Tellapur,16,4,0,0,17.0,CLEAR,6,19
2026-08-21 16:00:00,Osman Nagar,16,4,0,0,10.2,CLEAR,2,11
2026-08-21 16:00:00,Patancheru,16,4,0,0,12.8,CLEAR,6,16
2026-08-21 16:00:00,HITEC City Metro Stand 2,16,4,0,0,25.5,CLEAR,5,29
2026-08-21 17:00:00,Miyapur Metro,17,4,0,1,50.4,CLEAR,14,114
2026-08-21 17:00:00,BHEL,17,4,0,1,33.6,CLEAR,7,56
2026-08-21 17:00:00,Lingampally Station,17,4,0,1,58.8,CLEAR,17,140
2026-08-21 17:00:00,Nallagandla,17,4,0,1,37.8,CLEAR,9,75
2026-08-21 17:00:00,Tellapur,17,4,0,1,42.0,CLEAR,13,73
2026-08-21 17:00:00,Osman Nagar,17,4,0,1,25.2,CLEAR,5,39
2026-08-21 17:00:00,Patancheru,17,4,0,1,31.5,CLEAR,8,56
2026-08-21 17:00:00,HITEC City Metro Stand 2,17,4,0,1,63.0,CLEAR,17,154
2026-08-21 18:00:00,Miyapur Metro,18,4,0,1,50.4,CLEAR,12,122
2026-08-21 18:00:00,BHEL,18,4,0,1,33.6,CLEAR,7,50
2026-08-21 18:00:00,Lingampally Station,18,4,0,1,58.8,CLEAR,17,142
2026-08-21 18:00:00,Nallagandla,18,4,0,1,37.8,CLEAR,12,65
2026-08-21 18:00:00,Tellapur,18,4,0,1,42.0,CLEAR,9,75
2026-08-21 18:00:00,Osman Nagar,18,4,0,1,25.2,CLEAR,8,37
2026-08-21 18:00:00,Patancheru,18,4,0,1,31.5,CLEAR,10,54
2026-08-21 18:00:00,HITEC City Metro Stand 2,18,4,0,1,63.0,CLEAR,17,170
2026-08-21 19:00:00,Miyapur Metro,19,4,0,1,50.4,CLEAR,15,110
2026-08-21 19:00:00,BHEL,19,4,0,1,33.6,CLEAR,8,53
2026-08-21 19:00:00,Lingampally Station,19,4,0,1,58.8,CLEAR,14,137
2026-08-21 19:00:00,Nallagandla,19,4,0,1,37.8,CLEAR,10,69
2026-08-21 19:00:00,Tellapur,19,4,0,1,42.0,CLEAR,12,75
2026-08-21 19:00:00,Osman Nagar,19,4,0,1,25.2,CLEAR,5,40
2026-08-21 19:00:00,Patancheru,19,4,0,1,31.5,CLEAR,6,54
2026-08-21 19:00:00,HITEC City Metro Stand 2,19,4,0,1,63.0,CLEAR,19,153
2026-08-21 20:00:00,Miyapur Metro,20,4,0,1,50.4,CLEAR,13,105
2026-08-21 20:00:00,BHEL,20,4,0,1,33.6,CLEAR,9,60
2026-08-21 20:00:00,Lingampally Station,20,4,0,1,58.8,CLEAR,17,156
2026-08-21 20:00:00,Nallagandla,20,4,0,1,37.8,CLEAR,10,67
2026-08-21 20:00:00,Tellapur,20,4,0,1,42.0,CLEAR,11,79
2026-08-21 20:00:00,Osman Nagar,20,4,0,1,25.2,CLEAR,9,43
2026-08-21 20:00:00,Patancheru,20,4,0,1,31.5,CLEAR,10,60
2026-08-21 20:00:00,HITEC City Metro Stand 2,20,4,0,1,63.0,CLEAR,17,162
2026-08-21 21:00:00,Miyapur Metro,21,4,0,1,50.4,CLEAR,11,113
2026-08-21 21:00:00,BHEL,21,4,0,1,33.6,CLEAR,8,50
2026-08-21 21:00:00,Lingampally Station,21,4,0,1,58.8,CLEAR,15,148
2026-08-21 21:00:00,Nallagandla,21,4,0,1,37.8,CLEAR,11,75
2026-08-21 21:00:00,Tellapur,21,4,0,1,42.0,CLEAR,9,82
2026-08-21 21:00:00,Osman Nagar,21,4,0,1,25.2,CLEAR,9,38
2026-08-21 21:00:00,Patancheru,21,4,0,1,31.5,CLEAR,9,58
2026-08-21 21:00:00,HITEC City Metro Stand 2,21,4,0,1,63.0,CLEAR,16,170
2026-08-21 22:00:00,Miyapur Metro,22,4,0,0,9.6,CLEAR,4,11
2026-08-21 22:00:00,BHEL,22,4,0,0,6.4,CLEAR,2,7
2026-08-21 22:00:00,Lingampally Station,22,4,0,0,11.2,CLEAR,6,15
2026-08-21 22:00:00,Nallagandla,22,4,0,0,7.2,CLEAR,4,8
2026-08-21 22:00:00,Tellapur,22,4,0,0,8.0,CLEAR,2,8
2026-08-21 22:00:00,Osman Nagar,22,4,0,0,4.8,CLEAR,3,6
2026-08-21 22:00:00,Patancheru,22,4,0,0,6.0,CLEAR,2,7
2026-08-21 22:00:00,HITEC City Metro Stand 2,22,4,0,0,12.0,CLEAR,3,14
2026-08-21 23:00:00,Miyapur Metro,23,4,0,0,9.6,CLEAR,1,10
2026-08-21 23:00:00,BHEL,23,4,0,0,6.4,CLEAR,4,9
2026-08-21 23:00:00,Lingampally Station,23,4,0,0,11.2,CLEAR,6,15
2026-08-21 23:00:00,Nallagandla,23,4,0,0,7.2,CLEAR,4,9
2026-08-21 23:00:00,Tellapur,23,4,0,0,8.0,CLEAR,1,8
2026-08-21 23:00:00,Osman Nagar,23,4,0,0,4.8,CLEAR,0,5
2026-08-21 23:00:00,Patancheru,23,4,0,0,6.0,CLEAR,2,7
2026-08-21 23:00:00,HITEC City Metro Stand 2,23,4,0,0,12.0,CLEAR,4,13
2026-08-22 00:00:00,Miyapur Metro,0,5,1,0,2.9,CLEAR,0,3
2026-08-22 00:00:00,BHEL,0,5,1,0,1.9,CLEAR,1,2
2026-08-22 00:00:00,Lingampally Station,0,5,1,0,3.4,CLEAR,0,3
2026-08-22 00:00:00,Nallagandla,0,5,1,0,2.2,CLEAR,0,2
2026-08-22 00:00:00,Tellapur,0,5,1,0,2.4,CLEAR,0,2
2026-08-22 00:00:00,Osman Nagar,0,5,1,0,1.4,CLEAR,2,2
2026-08-22 00:00:00,Patancheru,0,5,1,0,1.8,CLEAR,0,2
2026-08-22 00:00:00,HITEC City Metro Stand 2,0,5,1,0,3.6,CLEAR,2,4
2026-08-22 01:00:00,Miyapur Metro,1,5,1,0,2.9,CLEAR,3,4
2026-08-22 01:00:00,BHEL,1,5,1,0,1.9,CLEAR,2,3
2026-08-22 01:00:00,Lingampally Station,1,5,1,0,3.4,CLEAR,0,3
2026-08-22 01:00:00,Nallagandla,1,5,1,0,2.2,CLEAR,3,3
2026-08-22 01:00:00,Tellapur,1,5,1,0,2.4,CLEAR,0,2
2026-08-22 01:00:00,Osman Nagar,1,5,1,0,1.4,CLEAR,2,2
2026-08-22 01:00:00,Patancheru,1,5,1,0,1.8,CLEAR,2,3
2026-08-22 01:00:00,HITEC City Metro Stand 2,1,5,1,0,3.6,CLEAR,4,5
2026-08-22 02:00:00,Miyapur Metro,2,5,1,0,2.9,CLEAR,2,4
2026-08-22 02:00:00,BHEL,2,5,1,0,1.9,CLEAR,0,2
2026-08-22 02:00:00,Lingampally Station,2,5,1,0,3.4,CLEAR,3,5
2026-08-22 02:00:00,Nallagandla,2,5,1,0,2.2,CLEAR,2,3
2026-08-22 02:00:00,Tellapur,2,5,1,0,2.4,CLEAR,3,4
2026-08-22 02:00:00,Osman Nagar,2,5,1,0,1.4,CLEAR,0,1
2026-08-22 02:00:00,Patancheru,2,5,1,0,1.8,CLEAR,0,2
2026-08-22 02:00:00,HITEC City Metro Stand 2,2,5,1,0,3.6,CLEAR,3,5
2026-08-22 03:00:00,Miyapur Metro,3,5,1,0,2.9,CLEAR,2,3
2026-08-22 03:00:00,BHEL,3,5,1,0,1.9,CLEAR,0,2
2026-08-22 03:00:00,Lingampally Station,3,5,1,0,3.4,CLEAR,4,5
2026-08-22 03:00:00,Nallagandla,3,5,1,0,2.2,CLEAR,0,2
2026-08-22 03:00:00,Tellapur,3,5,1,0,2.4,CLEAR,1,3
2026-08-22 03:00:00,Osman Nagar,3,5,1,0,1.4,CLEAR,3,3
2026-08-22 03:00:00,Patancheru,3,5,1,0,1.8,CLEAR,0,2
2026-08-22 03:00:00,HITEC City Metro Stand 2,3,5,1,0,3.6,CLEAR,3,5
2026-08-22 04:00:00,Miyapur Metro,4,5,1,0,2.9,CLEAR,2,4
2026-08-22 04:00:00,BHEL,4,5,1,0,1.9,CLEAR,0,2
2026-08-22 04:00:00,Lingampally Station,4,5,1,0,3.4,CLEAR,1,4
2026-08-22 04:00:00,Nallagandla,4,5,1,0,2.2,CLEAR,3,4
2026-08-22 04:00:00,Tellapur,4,5,1,0,2.4,CLEAR,1,3
2026-08-22 04:00:00,Osman Nagar,4,5,1,0,1.4,CLEAR,1,2
2026-08-22 04:00:00,Patancheru,4,5,1,0,1.8,CLEAR,2,3
2026-08-22 04:00:00,HITEC City Metro Stand 2,4,5,1,0,3.6,CLEAR,2,5
2026-08-22 05:00:00,Miyapur Metro,5,5,1,0,11.5,CLEAR,2,14
2026-08-22 05:00:00,BHEL,5,5,1,0,7.7,CLEAR,1,9
2026-08-22 05:00:00,Lingampally Station,5,5,1,0,13.4,CLEAR,5,15
2026-08-22 05:00:00,Nallagandla,5,5,1,0,8.6,CLEAR,4,10
2026-08-22 05:00:00,Tellapur,5,5,1,0,9.6,CLEAR,4,11
2026-08-22 05:00:00,Osman Nagar,5,5,1,0,5.8,CLEAR,4,7
2026-08-22 05:00:00,Patancheru,5,5,1,0,7.2,CLEAR,4,8
2026-08-22 05:00:00,HITEC City Metro Stand 2,5,5,1,0,14.4,CLEAR,5,18
2026-08-22 06:00:00,Miyapur Metro,6,5,1,0,11.5,CLEAR,4,12
2026-08-22 06:00:00,BHEL,6,5,1,0,7.7,CLEAR,4,9
2026-08-22 06:00:00,Lingampally Station,6,5,1,0,13.4,CLEAR,4,15
2026-08-22 06:00:00,Nallagandla,6,5,1,0,8.6,CLEAR,5,11
2026-08-22 06:00:00,Tellapur,6,5,1,0,9.6,CLEAR,5,13
2026-08-22 06:00:00,Osman Nagar,6,5,1,0,5.8,CLEAR,2,6
2026-08-22 06:00:00,Patancheru,6,5,1,0,7.2,CLEAR,3,9
2026-08-22 06:00:00,HITEC City Metro Stand 2,6,5,1,0,14.4,CLEAR,5,16
2026-08-22 07:00:00,Miyapur Metro,7,5,1,0,11.5,CLEAR,4,13
2026-08-22 07:00:00,BHEL,7,5,1,0,7.7,CLEAR,3,8
2026-08-22 07:00:00,Lingampally Station,7,5,1,0,13.4,CLEAR,6,16
2026-08-22 07:00:00,Nallagandla,7,5,1,0,8.6,CLEAR,1,10
2026-08-22 07:00:00,Tellapur,7,5,1,0,9.6,CLEAR,3,12
2026-08-22 07:00:00,Osman Nagar,7,5,1,0,5.8,CLEAR,4,8
2026-08-22 07:00:00,Patancheru,7,5,1,0,7.2,CLEAR,2,8
2026-08-22 07:00:00,HITEC City Metro Stand 2,7,5,1,0,14.4,CLEAR,2,16
2026-08-22 08:00:00,Miyapur Metro,8,5,1,1,21.1,CLEAR,5,33
2026-08-22 08:00:00,BHEL,8,5,1,1,14.1,CLEAR,3,28
2026-08-22 08:00:00,Lingampally Station,8,5,1,1,24.6,CLEAR,8,48
2026-08-22 08:00:00,Nallagandla,8,5,1,1,15.8,CLEAR,6,36
2026-08-22 08:00:00,Tellapur,8,5,1,1,17.6,CLEAR,6,46
2026-08-22 08:00:00,Osman Nagar,8,5,1,1,10.6,CLEAR,1,20
2026-08-22 08:00:00,Patancheru,8,5,1,1,13.2,CLEAR,3,24
2026-08-22 08:00:00,HITEC City Metro Stand 2,8,5,1,1,26.4,CLEAR,9,62
2026-08-22 09:00:00,Miyapur Metro,9,5,1,1,21.1,CLEAR,8,35
2026-08-22 09:00:00,BHEL,9,5,1,1,14.1,CLEAR,2,29
2026-08-22 09:00:00,Lingampally Station,9,5,1,1,24.6,CLEAR,7,54
2026-08-22 09:00:00,Nallagandla,9,5,1,1,15.8,CLEAR,7,37
2026-08-22 09:00:00,Tellapur,9,5,1,1,17.6,CLEAR,4,37
2026-08-22 09:00:00,Osman Nagar,9,5,1,1,10.6,CLEAR,2,19
2026-08-22 09:00:00,Patancheru,9,5,1,1,13.2,CLEAR,5,25
2026-08-22 09:00:00,HITEC City Metro Stand 2,9,5,1,1,26.4,CLEAR,8,65
2026-08-22 10:00:00,Miyapur Metro,10,5,1,1,21.1,CLEAR,7,39
2026-08-22 10:00:00,BHEL,10,5,1,1,14.1,CLEAR,5,29
2026-08-22 10:00:00,Lingampally Station,10,5,1,1,24.6,CLEAR,8,55
2026-08-22 10:00:00,Nallagandla,10,5,1,1,15.8,CLEAR,3,36
2026-08-22 10:00:00,Tellapur,10,5,1,1,17.6,CLEAR,4,37
2026-08-22 10:00:00,Osman Nagar,10,5,1,1,10.6,CLEAR,1,19
2026-08-22 10:00:00,Patancheru,10,5,1,1,13.2,CLEAR,5,23
2026-08-22 10:00:00,HITEC City Metro Stand 2,10,5,1,1,26.4,CLEAR,5,67
2026-08-22 11:00:00,Miyapur Metro,11,5,1,1,21.1,CLEAR,6,35
2026-08-22 11:00:00,BHEL,11,5,1,1,14.1,CLEAR,5,29
2026-08-22 11:00:00,Lingampally Station,11,5,1,1,24.6,CLEAR,5,52
2026-08-22 11:00:00,Nallagandla,11,5,1,1,15.8,CLEAR,5,35
2026-08-22 11:00:00,Tellapur,11,5,1,1,17.6,CLEAR,5,38
2026-08-22 11:00:00,Osman Nagar,11,5,1,1,10.6,CLEAR,1,20
2026-08-22 11:00:00,Patancheru,11,5,1,1,13.2,CLEAR,5,22
2026-08-22 11:00:00,HITEC City Metro Stand 2,11,5,1,1,26.4,CLEAR,9,61
2026-08-22 12:00:00,Miyapur Metro,12,5,1,0,16.3,CLEAR,5,19
2026-08-22 12:00:00,BHEL,12,5,1,0,10.9,CLEAR,5,13
2026-08-22 12:00:00,Lingampally Station,12,5,1,0,19.0,CLEAR,5,22
2026-08-22 12:00:00,Nallagandla,12,5,1,0,12.2,CLEAR,5,15
2026-08-22 12:00:00,Tellapur,12,5,1,0,13.6,CLEAR,2,15
2026-08-22 12:00:00,Osman Nagar,12,5,1,0,8.2,CLEAR,5,11
2026-08-22 12:00:00,Patancheru,12,5,1,0,10.2,CLEAR,1,11
2026-08-22 12:00:00,HITEC City Metro Stand 2,12,5,1,0,20.4,CLEAR,4,22
2026-08-22 13:00:00,Miyapur Metro,13,5,1,0,16.3,CLEAR,6,18
2026-08-22 13:00:00,BHEL,13,5,1,0,10.9,CLEAR,1,11
2026-08-22 13:00:00,Lingampally Station,13,5,1,0,19.0,CLEAR,4,21
2026-08-22 13:00:00,Nallagandla,13,5,1,0,12.2,CLEAR,5,13
2026-08-22 13:00:00,Tellapur,13,5,1,0,13.6,CLEAR,6,16
2026-08-22 13:00:00,Osman Nagar,13,5,1,0,8.2,CLEAR,2,9
2026-08-22 13:00:00,Patancheru,13,5,1,0,10.2,CLEAR,3,13
2026-08-22 13:00:00,HITEC City Metro Stand 2,13,5,1,0,20.4,CLEAR,3,21
2026-08-22 14:00:00,Miyapur Metro,14,5,1,0,16.3,CLEAR,7,19
2026-08-22 14:00:00,BHEL,14,5,1,0,10.9,CLEAR,5,13
2026-08-22 14:00:00,Lingampally Station,14,5,1,0,19.0,CLEAR,5,22
2026-08-22 14:00:00,Nallagandla,14,5,1,0,12.2,CLEAR,5,14
2026-08-22 14:00:00,Tellapur,14,5,1,0,13.6,CLEAR,6,16
2026-08-22 14:00:00,Osman Nagar,14,5,1,0,8.2,CLEAR,3,9
2026-08-22 14:00:00,Patancheru,14,5,1,0,10.2,CLEAR,1,11
2026-08-22 14:00:00,HITEC City Metro Stand 2,14,5,1,0,20.4,CLEAR,4,21
2026-08-22 15:00:00,Miyapur Metro,15,5,1,0,16.3,CLEAR,4,19
2026-08-22 15:00:00,BHEL,15,5,1,0,10.9,CLEAR,6,14
2026-08-22 15:00:00,Lingampally Station,15,5,1,0,19.0,CLEAR,4,20
2026-08-22 15:00:00,Nallagandla,15,5,1,0,12.2,CLEAR,2,13
2026-08-22 15:00:00,Tellapur,15,5,1,0,13.6,CLEAR,2,14
2026-08-22 15:00:00,Osman Nagar,15,5,1,0,8.2,CLEAR,2,10
2026-08-22 15:00:00,Patancheru,15,5,1,0,10.2,CLEAR,3,11
2026-08-22 15:00:00,HITEC City Metro Stand 2,15,5,1,0,20.4,CLEAR,4,22
2026-08-22 16:00:00,Miyapur Metro,16,5,1,0,16.3,CLEAR,6,19
2026-08-22 16:00:00,BHEL,16,5,1,0,10.9,CLEAR,1,12
2026-08-22 16:00:00,Lingampally Station,16,5,1,0,19.0,CLEAR,8,23
2026-08-22 16:00:00,Nallagandla,16,5,1,0,12.2,CLEAR,2,13
2026-08-22 16:00:00,Tellapur,16,5,1,0,13.6,CLEAR,5,17
2026-08-22 16:00:00,Osman Nagar,16,5,1,0,8.2,CLEAR,3,9
2026-08-22 16:00:00,Patancheru,16,5,1,0,10.2,CLEAR,1,12
2026-08-22 16:00:00,HITEC City Metro Stand 2,16,5,1,0,20.4,CLEAR,5,20
2026-08-22 17:00:00,Miyapur Metro,17,5,1,1,25.0,CLEAR,7,53
2026-08-22 17:00:00,BHEL,17,5,1,1,16.6,CLEAR,3,24
2026-08-22 17:00:00,Lingampally Station,17,5,1,1,29.1,CLEAR,8,64
2026-08-22 17:00:00,Nallagandla,17,5,1,1,18.7,CLEAR,6,34
2026-08-22 17:00:00,Tellapur,17,5,1,1,20.8,CLEAR,5,38
2026-08-22 17:00:00,Osman Nagar,17,5,1,1,12.5,CLEAR,5,19
2026-08-22 17:00:00,Patancheru,17,5,1,1,15.6,CLEAR,2,25
2026-08-22 17:00:00,HITEC City Metro Stand 2,17,5,1,1,31.2,CLEAR,11,81
2026-08-22 18:00:00,Miyapur Metro,18,5,1,1,25.0,CLEAR,5,63
2026-08-22 18:00:00,BHEL,18,5,1,1,16.6,CLEAR,3,28
2026-08-22 18:00:00,Lingampally Station,18,5,1,1,29.1,CLEAR,7,75
2026-08-22 18:00:00,Nallagandla,18,5,1,1,18.7,CLEAR,5,34
2026-08-22 18:00:00,Tellapur,18,5,1,1,20.8,CLEAR,7,44
2026-08-22 18:00:00,Osman Nagar,18,5,1,1,12.5,CLEAR,4,20
2026-08-22 18:00:00,Patancheru,18,5,1,1,15.6,CLEAR,6,26
2026-08-22 18:00:00,HITEC City Metro Stand 2,18,5,1,1,31.2,CLEAR,11,81
2026-08-22 19:00:00,Miyapur Metro,19,5,1,1,25.0,CLEAR,6,61
2026-08-22 19:00:00,BHEL,19,5,1,1,16.6,CLEAR,7,28
2026-08-22 19:00:00,Lingampally Station,19,5,1,1,29.1,CLEAR,8,76
2026-08-22 19:00:00,Nallagandla,19,5,1,1,18.7,CLEAR,5,32
2026-08-22 19:00:00,Tellapur,19,5,1,1,20.8,CLEAR,3,39
2026-08-22 19:00:00,Osman Nagar,19,5,1,1,12.5,CLEAR,2,17
2026-08-22 19:00:00,Patancheru,19,5,1,1,15.6,CLEAR,4,28
2026-08-22 19:00:00,HITEC City Metro Stand 2,19,5,1,1,31.2,CLEAR,6,85
2026-08-22 20:00:00,Miyapur Metro,20,5,1,1,25.0,CLEAR,9,62
2026-08-22 20:00:00,BHEL,20,5,1,1,16.6,CLEAR,3,27
2026-08-22 20:00:00,Lingampally Station,20,5,1,1,29.1,CLEAR,9,67
2026-08-22 20:00:00,Nallagandla,20,5,1,1,18.7,CLEAR,8,37
2026-08-22 20:00:00,Tellapur,20,5,1,1,20.8,CLEAR,6,38
2026-08-22 20:00:00,Osman Nagar,20,5,1,1,12.5,CLEAR,3,21
2026-08-22 20:00:00,Patancheru,20,5,1,1,15.6,CLEAR,6,29
2026-08-22 20:00:00,HITEC City Metro Stand 2,20,5,1,1,31.2,CLEAR,7,88
2026-08-22 21:00:00,Miyapur Metro,21,5,1,1,25.0,CLEAR,9,58
2026-08-22 21:00:00,BHEL,21,5,1,1,16.6,CLEAR,4,25
2026-08-22 21:00:00,Lingampally Station,21,5,1,1,29.1,CLEAR,6,73
2026-08-22 21:00:00,Nallagandla,21,5,1,1,18.7,CLEAR,7,33
2026-08-22 21:00:00,Tellapur,21,5,1,1,20.8,CLEAR,3,41
2026-08-22 21:00:00,Osman Nagar,21,5,1,1,12.5,CLEAR,4,19
2026-08-22 21:00:00,Patancheru,21,5,1,1,15.6,CLEAR,6,30
2026-08-22 21:00:00,HITEC City Metro Stand 2,21,5,1,1,31.2,CLEAR,8,82
2026-08-22 22:00:00,Miyapur Metro,22,5,1,0,7.7,CLEAR,4,9
2026-08-22 22:00:00,BHEL,22,5,1,0,5.1,CLEAR,2,7
2026-08-22 22:00:00,Lingampally Station,22,5,1,0,9.0,CLEAR,5,11
2026-08-22 22:00:00,Nallagandla,22,5,1,0,5.8,CLEAR,1,6
2026-08-22 22:00:00,Tellapur,22,5,1,0,6.4,CLEAR,4,8
2026-08-22 22:00:00,Osman Nagar,22,5,1,0,3.8,CLEAR,3,5
2026-08-22 22:00:00,Patancheru,22,5,1,0,4.8,CLEAR,3,6
2026-08-22 22:00:00,HITEC City Metro Stand 2,22,5,1,0,9.6,CLEAR,4,12
2026-08-22 23:00:00,Miyapur Metro,23,5,1,0,7.7,CLEAR,4,10
2026-08-22 23:00:00,BHEL,23,5,1,0,5.1,CLEAR,2,6
2026-08-22 23:00:00,Lingampally Station,23,5,1,0,9.0,CLEAR,3,11
2026-08-22 23:00:00,Nallagandla,23,5,1,0,5.8,CLEAR,3,8
2026-08-22 23:00:00,Tellapur,23,5,1,0,6.4,CLEAR,2,7
2026-08-22 23:00:00,Osman Nagar,23,5,1,0,3.8,CLEAR,0,4
2026-08-22 23:00:00,Patancheru,23,5,1,0,4.8,CLEAR,2,6
2026-08-22 23:00:00,HITEC City Metro Stand 2,23,5,1,0,9.6,CLEAR,3,11
2026-08-23 00:00:00,Miyapur Metro,0,6,1,0,2.9,CLEAR,0,3
2026-08-23 00:00:00,BHEL,0,6,1,0,1.9,CLEAR,0,2
2026-08-23 00:00:00,Lingampally Station,0,6,1,0,3.4,CLEAR,3,4
2026-08-23 00:00:00,Nallagandla,0,6,1,0,2.2,CLEAR,0,2
2026-08-23 00:00:00,Tellapur,0,6,1,0,2.4,CLEAR,0,3
2026-08-23 00:00:00,Osman Nagar,0,6,1,0,1.4,CLEAR,1,2
2026-08-23 00:00:00,Patancheru,0,6,1,0,1.8,CLEAR,0,2
2026-08-23 00:00:00,HITEC City Metro Stand 2,0,6,1,0,3.6,CLEAR,2,5
2026-08-23 01:00:00,Miyapur Metro,1,6,1,0,2.9,CLEAR,0,3
2026-08-23 01:00:00,BHEL,1,6,1,0,1.9,CLEAR,2,3
2026-08-23 01:00:00,Lingampally Station,1,6,1,0,3.4,CLEAR,1,4
2026-08-23 01:00:00,Nallagandla,1,6,1,0,2.2,CLEAR,0,2
2026-08-23 01:00:00,Tellapur,1,6,1,0,2.4,CLEAR,0,3
2026-08-23 01:00:00,Osman Nagar,1,6,1,0,1.4,CLEAR,0,1
2026-08-23 01:00:00,Patancheru,1,6,1,0,1.8,CLEAR,0,2
2026-08-23 01:00:00,HITEC City Metro Stand 2,1,6,1,0,3.6,CLEAR,0,4
2026-08-23 02:00:00,Miyapur Metro,2,6,1,0,2.9,CLEAR,0,3
2026-08-23 02:00:00,BHEL,2,6,1,0,1.9,CLEAR,1,2
2026-08-23 02:00:00,Lingampally Station,2,6,1,0,3.4,CLEAR,2,4
2026-08-23 02:00:00,Nallagandla,2,6,1,0,2.2,CLEAR,1,3
2026-08-23 02:00:00,Tellapur,2,6,1,0,2.4,CLEAR,1,3
2026-08-23 02:00:00,Osman Nagar,2,6,1,0,1.4,CLEAR,2,2
2026-08-23 02:00:00,Patancheru,2,6,1,0,1.8,CLEAR,1,2
2026-08-23 02:00:00,HITEC City Metro Stand 2,2,6,1,0,3.6,CLEAR,0,4
2026-08-23 03:00:00,Miyapur Metro,3,6,1,0,2.9,CLEAR,1,3
2026-08-23 03:00:00,BHEL,3,6,1,0,1.9,CLEAR,3,3
2026-08-23 03:00:00,Lingampally Station,3,6,1,0,3.4,CLEAR,0,3
2026-08-23 03:00:00,Nallagandla,3,6,1,0,2.2,CLEAR,1,3
2026-08-23 03:00:00,Tellapur,3,6,1,0,2.4,CLEAR,3,3
2026-08-23 03:00:00,Osman Nagar,3,6,1,0,1.4,CLEAR,0,1
2026-08-23 03:00:00,Patancheru,3,6,1,0,1.8,CLEAR,2,3
2026-08-23 03:00:00,HITEC City Metro Stand 2,3,6,1,0,3.6,CLEAR,1,4
2026-08-23 04:00:00,Miyapur Metro,4,6,1,0,2.9,CLEAR,3,4
2026-08-23 04:00:00,BHEL,4,6,1,0,1.9,CLEAR,0,2
2026-08-23 04:00:00,Lingampally Station,4,6,1,0,3.4,CLEAR,3,5
2026-08-23 04:00:00,Nallagandla,4,6,1,0,2.2,CLEAR,3,4
2026-08-23 04:00:00,Tellapur,4,6,1,0,2.4,CLEAR,1,3
2026-08-23 04:00:00,Osman Nagar,4,6,1,0,1.4,CLEAR,0,1
2026-08-23 04:00:00,Patancheru,4,6,1,0,1.8,CLEAR,0,2
2026-08-23 04:00:00,HITEC City Metro Stand 2,4,6,1,0,3.6,CLEAR,3,5
2026-08-23 05:00:00,Miyapur Metro,5,6,1,0,11.5,CLEAR,4,13
2026-08-23 05:00:00,BHEL,5,6,1,0,7.7,CLEAR,5,10
2026-08-23 05:00:00,Lingampally Station,5,6,1,0,13.4,CLEAR,4,15
2026-08-23 05:00:00,Nallagandla,5,6,1,0,8.6,CLEAR,3,10
2026-08-23 05:00:00,Tellapur,5,6,1,0,9.6,CLEAR,2,10
2026-08-23 05:00:00,Osman Nagar,5,6,1,0,5.8,CLEAR,2,6
2026-08-23 05:00:00,Patancheru,5,6,1,0,7.2,CLEAR,4,9
2026-08-23 05:00:00,HITEC City Metro Stand 2,5,6,1,0,14.4,CLEAR,7,17
2026-08-23 06:00:00,Miyapur Metro,6,6,1,0,11.5,CLEAR,5,13
2026-08-23 06:00:00,BHEL,6,6,1,0,7.7,CLEAR,3,10
2026-08-23 06:00:00,Lingampally Station,6,6,1,0,13.4,CLEAR,5,16
2026-08-23 06:00:00,Nallagandla,6,6,1,0,8.6,CLEAR,1,10
2026-08-23 06:00:00,Tellapur,6,6,1,0,9.6,CLEAR,3,11
2026-08-23 06:00:00,Osman Nagar,6,6,1,0,5.8,CLEAR,1,6
2026-08-23 06:00:00,Patancheru,6,6,1,0,7.2,CLEAR,0,8
2026-08-23 06:00:00,HITEC City Metro Stand 2,6,6,1,0,14.4,CLEAR,6,17
2026-08-23 07:00:00,Miyapur Metro,7,6,1,0,11.5,CLEAR,4,12
2026-08-23 07:00:00,BHEL,7,6,1,0,7.7,CLEAR,0,8
2026-08-23 07:00:00,Lingampally Station,7,6,1,0,13.4,CLEAR,3,15
2026-08-23 07:00:00,Nallagandla,7,6,1,0,8.6,CLEAR,1,9
2026-08-23 07:00:00,Tellapur,7,6,1,0,9.6,CLEAR,3,11
2026-08-23 07:00:00,Osman Nagar,7,6,1,0,5.8,CLEAR,3,7
2026-08-23 07:00:00,Patancheru,7,6,1,0,7.2,CLEAR,1,7
2026-08-23 07:00:00,HITEC City Metro Stand 2,7,6,1,0,14.4,CLEAR,3,15
2026-08-23 08:00:00,Miyapur Metro,8,6,1,1,21.1,CLEAR,5,33
2026-08-23 08:00:00,BHEL,8,6,1,1,14.1,CLEAR,2,24
2026-08-23 08:00:00,Lingampally Station,8,6,1,1,24.6,CLEAR,8,50
2026-08-23 08:00:00,Nallagandla,8,6,1,1,15.8,CLEAR,4,38
2026-08-23 08:00:00,Tellapur,8,6,1,1,17.6,CLEAR,3,38
2026-08-23 08:00:00,Osman Nagar,8,6,1,1,10.6,CLEAR,5,20
2026-08-23 08:00:00,Patancheru,8,6,1,1,13.2,CLEAR,3,21
2026-08-23 08:00:00,HITEC City Metro Stand 2,8,6,1,1,26.4,CLEAR,5,67
2026-08-23 09:00:00,Miyapur Metro,9,6,1,1,21.1,CLEAR,8,36
2026-08-23 09:00:00,BHEL,9,6,1,1,14.1,CLEAR,5,27
2026-08-23 09:00:00,Lingampally Station,9,6,1,1,24.6,CLEAR,8,53
2026-08-23 09:00:00,Nallagandla,9,6,1,1,15.8,CLEAR,4,36
2026-08-23 09:00:00,Tellapur,9,6,1,1,17.6,CLEAR,3,39
2026-08-23 09:00:00,Osman Nagar,9,6,1,1,10.6,CLEAR,5,19
2026-08-23 09:00:00,Patancheru,9,6,1,1,13.2,CLEAR,5,22
2026-08-23 09:00:00,HITEC City Metro Stand 2,9,6,1,1,26.4,CLEAR,8,73
2026-08-23 10:00:00,Miyapur Metro,10,6,1,1,21.1,CLEAR,7,35
2026-08-23 10:00:00,BHEL,10,6,1,1,14.1,CLEAR,5,30
2026-08-23 10:00:00,Lingampally Station,10,6,1,1,24.6,CLEAR,5,52
2026-08-23 10:00:00,Nallagandla,10,6,1,1,15.8,CLEAR,4,37
2026-08-23 10:00:00,Tellapur,10,6,1,1,17.6,CLEAR,7,39
2026-08-23 10:00:00,Osman Nagar,10,6,1,1,10.6,CLEAR,4,18
2026-08-23 10:00:00,Patancheru,10,6,1,1,13.2,CLEAR,2,22
2026-08-23 10:00:00,HITEC City Metro Stand 2,10,6,1,1,26.4,CLEAR,6,72
2026-08-23 11:00:00,Miyapur Metro,11,6,1,1,21.1,CLEAR,8,40
2026-08-23 11:00:00,BHEL,11,6,1,1,14.1,CLEAR,6,30
2026-08-23 11:00:00,Lingampally Station,11,6,1,1,24.6,CLEAR,6,54
2026-08-23 11:00:00,Nallagandla,11,6,1,1,15.8,CLEAR,7,33
2026-08-23 11:00:00,Tellapur,11,6,1,1,17.6,CLEAR,4,44
2026-08-23 11:00:00,Osman Nagar,11,6,1,1,10.6,CLEAR,3,18
2026-08-23 11:00:00,Patancheru,11,6,1,1,13.2,CLEAR,4,24
2026-08-23 11:00:00,HITEC City Metro Stand 2,11,6,1,1,26.4,CLEAR,5,60
2026-08-23 12:00:00,Miyapur Metro,12,6,1,0,16.3,CLEAR,5,20
2026-08-23 12:00:00,BHEL,12,6,1,0,10.9,CLEAR,4,13
2026-08-23 12:00:00,Lingampally Station,12,6,1,0,19.0,CLEAR,5,22
2026-08-23 12:00:00,Nallagandla,12,6,1,0,12.2,CLEAR,5,16
2026-08-23 12:00:00,Tellapur,12,6,1,0,13.6,CLEAR,2,15
2026-08-23 12:00:00,Osman Nagar,12,6,1,0,8.2,CLEAR,2,10
2026-08-23 12:00:00,Patancheru,12,6,1,0,10.2,CLEAR,3,11
2026-08-23 12:00:00,HITEC City Metro Stand 2,12,6,1,0,20.4,CLEAR,4,21
2026-08-23 13:00:00,Miyapur Metro,13,6,1,0,16.3,CLEAR,3,18
2026-08-23 13:00:00,BHEL,13,6,1,0,10.9,CLEAR,5,14
2026-08-23 13:00:00,Lingampally Station,13,6,1,0,19.0,CLEAR,5,22
2026-08-23 13:00:00,Nallagandla,13,6,1,0,12.2,CLEAR,4,13
2026-08-23 13:00:00,Tellapur,13,6,1,0,13.6,CLEAR,3,16
2026-08-23 13:00:00,Osman Nagar,13,6,1,0,8.2,CLEAR,3,9
2026-08-23 13:00:00,Patancheru,13,6,1,0,10.2,CLEAR,1,10
2026-08-23 13:00:00,HITEC City Metro Stand 2,13,6,1,0,20.4,CLEAR,3,20
2026-08-23 14:00:00,Miyapur Metro,14,6,1,0,16.3,CLEAR,6,20
2026-08-23 14:00:00,BHEL,14,6,1,0,10.9,CLEAR,2,13
2026-08-23 14:00:00,Lingampally Station,14,6,1,0,19.0,CLEAR,6,21
2026-08-23 14:00:00,Nallagandla,14,6,1,0,12.2,CLEAR,5,14
2026-08-23 14:00:00,Tellapur,14,6,1,0,13.6,CLEAR,1,14
2026-08-23 14:00:00,Osman Nagar,14,6,1,0,8.2,CLEAR,3,9
2026-08-23 14:00:00,Patancheru,14,6,1,0,10.2,CLEAR,1,11
2026-08-23 14:00:00,HITEC City Metro Stand 2,14,6,1,0,20.4,CLEAR,6,24
2026-08-23 15:00:00,Miyapur Metro,15,6,1,0,16.3,CLEAR,4,18
2026-08-23 15:00:00,BHEL,15,6,1,0,10.9,CLEAR,2,11
2026-08-23 15:00:00,Lingampally Station,15,6,1,0,19.0,CLEAR,7,23
2026-08-23 15:00:00,Nallagandla,15,6,1,0,12.2,CLEAR,2,14
2026-08-23 15:00:00,Tellapur,15,6,1,0,13.6,CLEAR,2,16
2026-08-23 15:00:00,Osman Nagar,15,6,1,0,8.2,CLEAR,3,10
2026-08-23 15:00:00,Patancheru,15,6,1,0,10.2,CLEAR,4,13
2026-08-23 15:00:00,HITEC City Metro Stand 2,15,6,1,0,20.4,CLEAR,4,23
2026-08-23 16:00:00,Miyapur Metro,16,6,1,0,16.3,CLEAR,4,19
2026-08-23 16:00:00,BHEL,16,6,1,0,10.9,CLEAR,5,13
2026-08-23 16:00:00,Lingampally Station,16,6,1,0,19.0,CLEAR,6,23
2026-08-23 16:00:00,Nallagandla,16,6,1,0,12.2,CLEAR,2,13
2026-08-23 16:00:00,Tellapur,16,6,1,0,13.6,CLEAR,4,16
2026-08-23 16:00:00,Osman Nagar,16,6,1,0,8.2,CLEAR,4,9
2026-08-23 16:00:00,Patancheru,16,6,1,0,10.2,CLEAR,2,12
2026-08-23 16:00:00,HITEC City Metro Stand 2,16,6,1,0,20.4,CLEAR,5,24
2026-08-23 17:00:00,Miyapur Metro,17,6,1,1,25.0,CLEAR,5,54
2026-08-23 17:00:00,BHEL,17,6,1,1,16.6,CLEAR,3,28
2026-08-23 17:00:00,Lingampally Station,17,6,1,1,29.1,CLEAR,6,70
2026-08-23 17:00:00,Nallagandla,17,6,1,1,18.7,CLEAR,6,36
2026-08-23 17:00:00,Tellapur,17,6,1,1,20.8,CLEAR,3,36
2026-08-23 17:00:00,Osman Nagar,17,6,1,1,12.5,CLEAR,2,18
2026-08-23 17:00:00,Patancheru,17,6,1,1,15.6,CLEAR,5,25
2026-08-23 17:00:00,HITEC City Metro Stand 2,17,6,1,1,31.2,CLEAR,6,77
2026-08-23 18:00:00,Miyapur Metro,18,6,1,1,25.0,CLEAR,9,65
2026-08-23 18:00:00,BHEL,18,6,1,1,16.6,CLEAR,3,26
2026-08-23 18:00:00,Lingampally Station,18,6,1,1,29.1,CLEAR,9,76
2026-08-23 18:00:00,Nallagandla,18,6,1,1,18.7,CLEAR,6,34
2026-08-23 18:00:00,Tellapur,18,6,1,1,20.8,CLEAR,3,42
2026-08-23 18:00:00,Osman Nagar,18,6,1,1,12.5,CLEAR,5,20
2026-08-23 18:00:00,Patancheru,18,6,1,1,15.6,CLEAR,2,25
2026-08-23 18:00:00,HITEC City Metro Stand 2,18,6,1,1,31.2,CLEAR,6,75
2026-08-23 19:00:00,Miyapur Metro,19,6,1,1,25.0,CLEAR,7,52
2026-08-23 19:00:00,BHEL,19,6,1,1,16.6,CLEAR,7,30
2026-08-23 19:00:00,Lingampally Station,19,6,1,1,29.1,CLEAR,6,73
2026-08-23 19:00:00,Nallagandla,19,6,1,1,18.7,CLEAR,4,35
2026-08-23 19:00:00,Tellapur,19,6,1,1,20.8,CLEAR,4,39
2026-08-23 19:00:00,Osman Nagar,19,6,1,1,12.5,CLEAR,4,19
2026-08-23 19:00:00,Patancheru,19,6,1,1,15.6,CLEAR,3,25
2026-08-23 19:00:00,HITEC City Metro Stand 2,19,6,1,1,31.2,CLEAR,7,74
2026-08-23 20:00:00,Miyapur Metro,20,6,1,1,25.0,CLEAR,8,60
2026-08-23 20:00:00,BHEL,20,6,1,1,16.6,CLEAR,3,28
2026-08-23 20:00:00,Lingampally Station,20,6,1,1,29.1,CLEAR,6,67
2026-08-23 20:00:00,Nallagandla,20,6,1,1,18.7,CLEAR,5,36
2026-08-23 20:00:00,Tellapur,20,6,1,1,20.8,CLEAR,4,43
2026-08-23 20:00:00,Osman Nagar,20,6,1,1,12.5,CLEAR,1,18
2026-08-23 20:00:00,Patancheru,20,6,1,1,15.6,CLEAR,3,27
2026-08-23 20:00:00,HITEC City Metro Stand 2,20,6,1,1,31.2,CLEAR,7,88
2026-08-23 21:00:00,Miyapur Metro,21,6,1,1,25.0,CLEAR,6,63
2026-08-23 21:00:00,BHEL,21,6,1,1,16.6,CLEAR,6,25
2026-08-23 21:00:00,Lingampally Station,21,6,1,1,29.1,CLEAR,6,64
2026-08-23 21:00:00,Nallagandla,21,6,1,1,18.7,CLEAR,3,36
2026-08-23 21:00:00,Tellapur,21,6,1,1,20.8,CLEAR,5,41
2026-08-23 21:00:00,Osman Nagar,21,6,1,1,12.5,CLEAR,2,20
2026-08-23 21:00:00,Patancheru,21,6,1,1,15.6,CLEAR,6,30
2026-08-23 21:00:00,HITEC City Metro Stand 2,21,6,1,1,31.2,CLEAR,9,77
2026-08-23 22:00:00,Miyapur Metro,22,6,1,0,7.7,CLEAR,3,9
2026-08-23 22:00:00,BHEL,22,6,1,0,5.1,CLEAR,3,6
2026-08-23 22:00:00,Lingampally Station,22,6,1,0,9.0,CLEAR,4,10
2026-08-23 22:00:00,Nallagandla,22,6,1,0,5.8,CLEAR,4,7
2026-08-23 22:00:00,Tellapur,22,6,1,0,6.4,CLEAR,0,7
2026-08-23 22:00:00,Osman Nagar,22,6,1,0,3.8,CLEAR,2,5
2026-08-23 22:00:00,Patancheru,22,6,1,0,4.8,CLEAR,3,6
2026-08-23 22:00:00,HITEC City Metro Stand 2,22,6,1,0,9.6,CLEAR,1,9
2026-08-23 23:00:00,Miyapur Metro,23,6,1,0,7.7,CLEAR,5,9
2026-08-23 23:00:00,BHEL,23,6,1,0,5.1,CLEAR,3,6
2026-08-23 23:00:00,Lingampally Station,23,6,1,0,9.0,CLEAR,2,10
2026-08-23 23:00:00,Nallagandla,23,6,1,0,5.8,CLEAR,3,7
2026-08-23 23:00:00,Tellapur,23,6,1,0,6.4,CLEAR,0,7
2026-08-23 23:00:00,Osman Nagar,23,6,1,0,3.8,CLEAR,4,5
2026-08-23 23:00:00,Patancheru,23,6,1,0,4.8,CLEAR,0,5
2026-08-23 23:00:00,HITEC City Metro Stand 2,23,6,1,0,9.6,CLEAR,1,10
2026-08-24 00:00:00,Miyapur Metro,0,0,0,0,3.6,CLEAR,1,4
2026-08-24 00:00:00,BHEL,0,0,0,0,2.4,CLEAR,1,3
2026-08-24 00:00:00,Lingampally Station,0,0,0,0,4.2,CLEAR,1,5
2026-08-24 00:00:00,Nallagandla,0,0,0,0,2.7,CLEAR,2,3
2026-08-24 00:00:00,Tellapur,0,0,0,0,3.0,CLEAR,1,3
2026-08-24 00:00:00,Osman Nagar,0,0,0,0,1.8,CLEAR,1,2
2026-08-24 00:00:00,Patancheru,0,0,0,0,2.2,CLEAR,3,3
2026-08-24 00:00:00,HITEC City Metro Stand 2,0,0,0,0,4.5,CLEAR,2,5
2026-08-24 01:00:00,Miyapur Metro,1,0,0,0,3.6,CLEAR,2,5
2026-08-24 01:00:00,BHEL,1,0,0,0,2.4,CLEAR,2,3
2026-08-24 01:00:00,Lingampally Station,1,0,0,0,4.2,CLEAR,0,4
2026-08-24 01:00:00,Nallagandla,1,0,0,0,2.7,CLEAR,4,4
2026-08-24 01:00:00,Tellapur,1,0,0,0,3.0,CLEAR,2,4
2026-08-24 01:00:00,Osman Nagar,1,0,0,0,1.8,CLEAR,3,3
2026-08-24 01:00:00,Patancheru,1,0,0,0,2.2,CLEAR,0,2
2026-08-24 01:00:00,HITEC City Metro Stand 2,1,0,0,0,4.5,CLEAR,3,6
2026-08-24 02:00:00,Miyapur Metro,2,0,0,0,3.6,CLEAR,0,3
2026-08-24 02:00:00,BHEL,2,0,0,0,2.4,CLEAR,3,4
2026-08-24 02:00:00,Lingampally Station,2,0,0,0,4.2,CLEAR,4,6
2026-08-24 02:00:00,Nallagandla,2,0,0,0,2.7,CLEAR,3,4
2026-08-24 02:00:00,Tellapur,2,0,0,0,3.0,CLEAR,0,3
2026-08-24 02:00:00,Osman Nagar,2,0,0,0,1.8,CLEAR,2,3
2026-08-24 02:00:00,Patancheru,2,0,0,0,2.2,CLEAR,0,2
2026-08-24 02:00:00,HITEC City Metro Stand 2,2,0,0,0,4.5,CLEAR,1,5
2026-08-24 03:00:00,Miyapur Metro,3,0,0,0,3.6,CLEAR,2,4
2026-08-24 03:00:00,BHEL,3,0,0,0,2.4,CLEAR,3,4
2026-08-24 03:00:00,Lingampally Station,3,0,0,0,4.2,CLEAR,0,4
2026-08-24 03:00:00,Nallagandla,3,0,0,0,2.7,CLEAR,0,2
2026-08-24 03:00:00,Tellapur,3,0,0,0,3.0,CLEAR,2,4
2026-08-24 03:00:00,Osman Nagar,3,0,0,0,1.8,CLEAR,0,2
2026-08-24 03:00:00,Patancheru,3,0,0,0,2.2,CLEAR,2,3
2026-08-24 03:00:00,HITEC City Metro Stand 2,3,0,0,0,4.5,CLEAR,3,6
2026-08-24 04:00:00,Miyapur Metro,4,0,0,0,3.6,CLEAR,1,4
2026-08-24 04:00:00,BHEL,4,0,0,0,2.4,CLEAR,3,4
2026-08-24 04:00:00,Lingampally Station,4,0,0,0,4.2,CLEAR,0,4
2026-08-24 04:00:00,Nallagandla,4,0,0,0,2.7,CLEAR,3,4
2026-08-24 04:00:00,Tellapur,4,0,0,0,3.0,CLEAR,3,4
2026-08-24 04:00:00,Osman Nagar,4,0,0,0,1.8,CLEAR,0,2
2026-08-24 04:00:00,Patancheru,4,0,0,0,2.2,CLEAR,2,3
2026-08-24 04:00:00,HITEC City Metro Stand 2,4,0,0,0,4.5,CLEAR,2,6
2026-08-24 05:00:00,Miyapur Metro,5,0,0,0,14.4,CLEAR,6,17
2026-08-24 05:00:00,BHEL,5,0,0,0,9.6,CLEAR,4,11
2026-08-24 05:00:00,Lingampally Station,5,0,0,0,16.8,CLEAR,3,20
2026-08-24 05:00:00,Nallagandla,5,0,0,0,10.8,CLEAR,3,13
2026-08-24 05:00:00,Tellapur,5,0,0,0,12.0,CLEAR,2,12
2026-08-24 05:00:00,Osman Nagar,5,0,0,0,7.2,CLEAR,3,8
2026-08-24 05:00:00,Patancheru,5,0,0,0,9.0,CLEAR,1,10
2026-08-24 05:00:00,HITEC City Metro Stand 2,5,0,0,0,18.0,CLEAR,5,22
2026-08-24 06:00:00,Miyapur Metro,6,0,0,0,14.4,CLEAR,6,17
2026-08-24 06:00:00,BHEL,6,0,0,0,9.6,CLEAR,2,11
2026-08-24 06:00:00,Lingampally Station,6,0,0,0,16.8,CLEAR,6,18
2026-08-24 06:00:00,Nallagandla,6,0,0,0,10.8,CLEAR,5,13
2026-08-24 06:00:00,Tellapur,6,0,0,0,12.0,CLEAR,2,12
2026-08-24 06:00:00,Osman Nagar,6,0,0,0,7.2,CLEAR,0,7
2026-08-24 06:00:00,Patancheru,6,0,0,0,9.0,CLEAR,4,10
2026-08-24 06:00:00,HITEC City Metro Stand 2,6,0,0,0,18.0,CLEAR,4,20
2026-08-24 07:00:00,Miyapur Metro,7,0,0,0,14.4,CLEAR,2,16
2026-08-24 07:00:00,BHEL,7,0,0,0,9.6,CLEAR,4,11
2026-08-24 07:00:00,Lingampally Station,7,0,0,0,16.8,CLEAR,5,19
2026-08-24 07:00:00,Nallagandla,7,0,0,0,10.8,CLEAR,1,11
2026-08-24 07:00:00,Tellapur,7,0,0,0,12.0,CLEAR,6,15
2026-08-24 07:00:00,Osman Nagar,7,0,0,0,7.2,CLEAR,3,9
2026-08-24 07:00:00,Patancheru,7,0,0,0,9.0,CLEAR,0,9
2026-08-24 07:00:00,HITEC City Metro Stand 2,7,0,0,0,18.0,CLEAR,7,19
2026-08-24 08:00:00,Miyapur Metro,8,0,0,1,45.6,CLEAR,11,75
2026-08-24 08:00:00,BHEL,8,0,0,1,30.4,CLEAR,8,55
2026-08-24 08:00:00,Lingampally Station,8,0,0,1,53.2,CLEAR,15,119
2026-08-24 08:00:00,Nallagandla,8,0,0,1,34.2,CLEAR,11,80
2026-08-24 08:00:00,Tellapur,8,0,0,1,38.0,CLEAR,8,86
2026-08-24 08:00:00,Osman Nagar,8,0,0,1,22.8,CLEAR,7,39
2026-08-24 08:00:00,Patancheru,8,0,0,1,28.5,CLEAR,9,46
2026-08-24 08:00:00,HITEC City Metro Stand 2,8,0,0,1,57.0,CLEAR,15,141
2026-08-24 09:00:00,Miyapur Metro,9,0,0,1,45.6,CLEAR,12,84
2026-08-24 09:00:00,BHEL,9,0,0,1,30.4,CLEAR,7,54
2026-08-24 09:00:00,Lingampally Station,9,0,0,1,53.2,CLEAR,14,122
2026-08-24 09:00:00,Nallagandla,9,0,0,1,34.2,CLEAR,7,79
2026-08-24 09:00:00,Tellapur,9,0,0,1,38.0,CLEAR,12,95
2026-08-24 09:00:00,Osman Nagar,9,0,0,1,22.8,CLEAR,7,44
2026-08-24 09:00:00,Patancheru,9,0,0,1,28.5,CLEAR,6,53
2026-08-24 09:00:00,HITEC City Metro Stand 2,9,0,0,1,57.0,CLEAR,15,151
2026-08-24 10:00:00,Miyapur Metro,10,0,0,1,45.6,CLEAR,13,86
2026-08-24 10:00:00,BHEL,10,0,0,1,30.4,CLEAR,7,62
2026-08-24 10:00:00,Lingampally Station,10,0,0,1,53.2,CLEAR,13,109
2026-08-24 10:00:00,Nallagandla,10,0,0,1,34.2,CLEAR,11,76
2026-08-24 10:00:00,Tellapur,10,0,0,1,38.0,CLEAR,12,94
2026-08-24 10:00:00,Osman Nagar,10,0,0,1,22.8,CLEAR,6,39
2026-08-24 10:00:00,Patancheru,10,0,0,1,28.5,CLEAR,8,45
2026-08-24 10:00:00,HITEC City Metro Stand 2,10,0,0,1,57.0,CLEAR,13,147
2026-08-24 11:00:00,Miyapur Metro,11,0,0,1,45.6,CLEAR,12,83
2026-08-24 11:00:00,BHEL,11,0,0,1,30.4,CLEAR,6,62
2026-08-24 11:00:00,Lingampally Station,11,0,0,1,53.2,CLEAR,14,124
2026-08-24 11:00:00,Nallagandla,11,0,0,1,34.2,CLEAR,10,70
2026-08-24 11:00:00,Tellapur,11,0,0,1,38.0,CLEAR,8,84
2026-08-24 11:00:00,Osman Nagar,11,0,0,1,22.8,CLEAR,8,39
2026-08-24 11:00:00,Patancheru,11,0,0,1,28.5,CLEAR,7,47
2026-08-24 11:00:00,HITEC City Metro Stand 2,11,0,0,1,57.0,CLEAR,13,134
2026-08-24 12:00:00,Miyapur Metro,12,0,0,0,20.4,CLEAR,7,22
2026-08-24 12:00:00,BHEL,12,0,0,0,13.6,CLEAR,4,15
2026-08-24 12:00:00,Lingampally Station,12,0,0,0,23.8,CLEAR,8,28
2026-08-24 12:00:00,Nallagandla,12,0,0,0,15.3,CLEAR,3,15
2026-08-24 12:00:00,Tellapur,12,0,0,0,17.0,CLEAR,5,17
2026-08-24 12:00:00,Osman Nagar,12,0,0,0,10.2,CLEAR,5,12
2026-08-24 12:00:00,Patancheru,12,0,0,0,12.8,CLEAR,5,16
2026-08-24 12:00:00,HITEC City Metro Stand 2,12,0,0,0,25.5,CLEAR,5,27
2026-08-24 13:00:00,Miyapur Metro,13,0,0,0,20.4,CLEAR,7,25
2026-08-24 13:00:00,BHEL,13,0,0,0,13.6,CLEAR,3,15
2026-08-24 13:00:00,Lingampally Station,13,0,0,0,23.8,CLEAR,6,25
2026-08-24 13:00:00,Nallagandla,13,0,0,0,15.3,CLEAR,6,18
2026-08-24 13:00:00,Tellapur,13,0,0,0,17.0,CLEAR,5,20
2026-08-24 13:00:00,Osman Nagar,13,0,0,0,10.2,CLEAR,4,11
2026-08-24 13:00:00,Patancheru,13,0,0,0,12.8,CLEAR,5,14
2026-08-24 13:00:00,HITEC City Metro Stand 2,13,0,0,0,25.5,CLEAR,9,28
2026-08-24 14:00:00,Miyapur Metro,14,0,0,0,20.4,CLEAR,4,22
2026-08-24 14:00:00,BHEL,14,0,0,0,13.6,CLEAR,2,14
2026-08-24 14:00:00,Lingampally Station,14,0,0,0,23.8,CLEAR,6,24
2026-08-24 14:00:00,Nallagandla,14,0,0,0,15.3,CLEAR,4,18
2026-08-24 14:00:00,Tellapur,14,0,0,0,17.0,CLEAR,7,20
2026-08-24 14:00:00,Osman Nagar,14,0,0,0,10.2,CLEAR,1,11
2026-08-24 14:00:00,Patancheru,14,0,0,0,12.8,CLEAR,6,17
2026-08-24 14:00:00,HITEC City Metro Stand 2,14,0,0,0,25.5,CLEAR,8,27
2026-08-24 15:00:00,Miyapur Metro,15,0,0,0,20.4,CLEAR,5,22
2026-08-24 15:00:00,BHEL,15,0,0,0,13.6,CLEAR,6,16
2026-08-24 15:00:00,Lingampally Station,15,0,0,0,23.8,CLEAR,7,27
2026-08-24 15:00:00,Nallagandla,15,0,0,0,15.3,CLEAR,3,15
2026-08-24 15:00:00,Tellapur,15,0,0,0,17.0,CLEAR,3,18
2026-08-24 15:00:00,Osman Nagar,15,0,0,0,10.2,CLEAR,4,11
2026-08-24 15:00:00,Patancheru,15,0,0,0,12.8,CLEAR,1,14
2026-08-24 15:00:00,HITEC City Metro Stand 2,15,0,0,0,25.5,CLEAR,6,31
2026-08-24 16:00:00,Miyapur Metro,16,0,0,0,20.4,CLEAR,5,22
2026-08-24 16:00:00,BHEL,16,0,0,0,13.6,CLEAR,4,14
2026-08-24 16:00:00,Lingampally Station,16,0,0,0,23.8,CLEAR,8,30
2026-08-24 16:00:00,Nallagandla,16,0,0,0,15.3,CLEAR,5,17
2026-08-24 16:00:00,Tellapur,16,0,0,0,17.0,CLEAR,5,18
2026-08-24 16:00:00,Osman Nagar,16,0,0,0,10.2,CLEAR,1,10
2026-08-24 16:00:00,Patancheru,16,0,0,0,12.8,CLEAR,3,15
2026-08-24 16:00:00,HITEC City Metro Stand 2,16,0,0,0,25.5,CLEAR,9,29
2026-08-24 17:00:00,Miyapur Metro,17,0,0,1,50.4,CLEAR,14,112
2026-08-24 17:00:00,BHEL,17,0,0,1,33.6,CLEAR,11,51
2026-08-24 17:00:00,Lingampally Station,17,0,0,1,58.8,CLEAR,17,139
2026-08-24 17:00:00,Nallagandla,17,0,0,1,37.8,CLEAR,11,65
2026-08-24 17:00:00,Tellapur,17,0,0,1,42.0,CLEAR,10,79
2026-08-24 17:00:00,Osman Nagar,17,0,0,1,25.2,CLEAR,7,40
2026-08-24 17:00:00,Patancheru,17,0,0,1,31.5,CLEAR,7,56
2026-08-24 17:00:00,HITEC City Metro Stand 2,17,0,0,1,63.0,CLEAR,16,172
2026-08-24 18:00:00,Miyapur Metro,18,0,0,1,50.4,CLEAR,13,105
2026-08-24 18:00:00,BHEL,18,0,0,1,33.6,CLEAR,10,56
2026-08-24 18:00:00,Lingampally Station,18,0,0,1,58.8,CLEAR,13,147
2026-08-24 18:00:00,Nallagandla,18,0,0,1,37.8,CLEAR,11,67
2026-08-24 18:00:00,Tellapur,18,0,0,1,42.0,CLEAR,13,89
2026-08-24 18:00:00,Osman Nagar,18,0,0,1,25.2,CLEAR,8,41
2026-08-24 18:00:00,Patancheru,18,0,0,1,31.5,CLEAR,7,50
2026-08-24 18:00:00,HITEC City Metro Stand 2,18,0,0,1,63.0,CLEAR,16,153
2026-08-24 19:00:00,Miyapur Metro,19,0,0,1,50.4,CLEAR,15,109
2026-08-24 19:00:00,BHEL,19,0,0,1,33.6,CLEAR,11,54
2026-08-24 19:00:00,Lingampally Station,19,0,0,1,58.8,CLEAR,15,128
2026-08-24 19:00:00,Nallagandla,19,0,0,1,37.8,CLEAR,10,74
2026-08-24 19:00:00,Tellapur,19,0,0,1,42.0,CLEAR,9,79
2026-08-24 19:00:00,Osman Nagar,19,0,0,1,25.2,CLEAR,9,36
2026-08-24 19:00:00,Patancheru,19,0,0,1,31.5,CLEAR,7,59
2026-08-24 19:00:00,HITEC City Metro Stand 2,19,0,0,1,63.0,CLEAR,16,167
2026-08-24 20:00:00,Miyapur Metro,20,0,0,1,50.4,CLEAR,11,113
2026-08-24 20:00:00,BHEL,20,0,0,1,33.6,CLEAR,8,59
2026-08-24 20:00:00,Lingampally Station,20,0,0,1,58.8,CLEAR,18,146
2026-08-24 20:00:00,Nallagandla,20,0,0,1,37.8,CLEAR,8,73
2026-08-24 20:00:00,Tellapur,20,0,0,1,42.0,CLEAR,9,87
2026-08-24 20:00:00,Osman Nagar,20,0,0,1,25.2,CLEAR,7,41
2026-08-24 20:00:00,Patancheru,20,0,0,1,31.5,CLEAR,9,56
2026-08-24 20:00:00,HITEC City Metro Stand 2,20,0,0,1,63.0,CLEAR,16,162
2026-08-24 21:00:00,Miyapur Metro,21,0,0,1,50.4,CLEAR,12,118
2026-08-24 21:00:00,BHEL,21,0,0,1,33.6,CLEAR,9,57
2026-08-24 21:00:00,Lingampally Station,21,0,0,1,58.8,CLEAR,13,132
2026-08-24 21:00:00,Nallagandla,21,0,0,1,37.8,CLEAR,10,64
2026-08-24 21:00:00,Tellapur,21,0,0,1,42.0,CLEAR,11,81
2026-08-24 21:00:00,Osman Nagar,21,0,0,1,25.2,CLEAR,6,41
2026-08-24 21:00:00,Patancheru,21,0,0,1,31.5,CLEAR,9,54
2026-08-24 21:00:00,HITEC City Metro Stand 2,21,0,0,1,63.0,CLEAR,15,169
2026-08-24 22:00:00,Miyapur Metro,22,0,0,0,9.6,CLEAR,5,12
2026-08-24 22:00:00,BHEL,22,0,0,0,6.4,CLEAR,5,9
2026-08-24 22:00:00,Lingampally Station,22,0,0,0,11.2,CLEAR,1,12
2026-08-24 22:00:00,Nallagandla,22,0,0,0,7.2,CLEAR,3,8
2026-08-24 22:00:00,Tellapur,22,0,0,0,8.0,CLEAR,2,9
2026-08-24 22:00:00,Osman Nagar,22,0,0,0,4.8,CLEAR,4,6
2026-08-24 22:00:00,Patancheru,22,0,0,0,6.0,CLEAR,2,7
2026-08-24 22:00:00,HITEC City Metro Stand 2,22,0,0,0,12.0,CLEAR,1,12
2026-08-24 23:00:00,Miyapur Metro,23,0,0,0,9.6,CLEAR,3,10
2026-08-24 23:00:00,BHEL,23,0,0,0,6.4,CLEAR,2,7
2026-08-24 23:00:00,Lingampally Station,23,0,0,0,11.2,CLEAR,2,12
2026-08-24 23:00:00,Nallagandla,23,0,0,0,7.2,CLEAR,0,8
2026-08-24 23:00:00,Tellapur,23,0,0,0,8.0,CLEAR,5,10
2026-08-24 23:00:00,Osman Nagar,23,0,0,0,4.8,CLEAR,3,6
2026-08-24 23:00:00,Patancheru,23,0,0,0,6.0,CLEAR,3,7
2026-08-24 23:00:00,HITEC City Metro Stand 2,23,0,0,0,12.0,CLEAR,3,13
2026-08-25 00:00:00,Miyapur Metro,0,1,0,0,3.6,CLEAR,3,5
2026-08-25 00:00:00,BHEL,0,1,0,0,2.4,CLEAR,3,4
2026-08-25 00:00:00,Lingampally Station,0,1,0,0,4.2,CLEAR,1,4
2026-08-25 00:00:00,Nallagandla,0,1,0,0,2.7,CLEAR,3,4
2026-08-25 00:00:00,Tellapur,0,1,0,0,3.0,CLEAR,0,3
2026-08-25 00:00:00,Osman Nagar,0,1,0,0,1.8,CLEAR,0,2
2026-08-25 00:00:00,Patancheru,0,1,0,0,2.2,CLEAR,3,3
2026-08-25 00:00:00,HITEC City Metro Stand 2,0,1,0,0,4.5,CLEAR,1,5
2026-08-25 01:00:00,Miyapur Metro,1,1,0,0,3.6,CLEAR,4,5
2026-08-25 01:00:00,BHEL,1,1,0,0,2.4,CLEAR,3,3
2026-08-25 01:00:00,Lingampally Station,1,1,0,0,4.2,CLEAR,2,5
2026-08-25 01:00:00,Nallagandla,1,1,0,0,2.7,CLEAR,3,4
2026-08-25 01:00:00,Tellapur,1,1,0,0,3.0,CLEAR,0,3
2026-08-25 01:00:00,Osman Nagar,1,1,0,0,1.8,CLEAR,3,3
2026-08-25 01:00:00,Patancheru,1,1,0,0,2.2,CLEAR,3,3
2026-08-25 01:00:00,HITEC City Metro Stand 2,1,1,0,0,4.5,CLEAR,1,5
2026-08-25 02:00:00,Miyapur Metro,2,1,0,0,3.6,CLEAR,3,5
2026-08-25 02:00:00,BHEL,2,1,0,0,2.4,CLEAR,2,3
2026-08-25 02:00:00,Lingampally Station,2,1,0,0,4.2,CLEAR,3,6
2026-08-25 02:00:00,Nallagandla,2,1,0,0,2.7,CLEAR,0,3
2026-08-25 02:00:00,Tellapur,2,1,0,0,3.0,CLEAR,3,4
2026-08-25 02:00:00,Osman Nagar,2,1,0,0,1.8,CLEAR,0,2
2026-08-25 02:00:00,Patancheru,2,1,0,0,2.2,CLEAR,2,3
2026-08-25 02:00:00,HITEC City Metro Stand 2,2,1,0,0,4.5,CLEAR,0,5
2026-08-25 03:00:00,Miyapur Metro,3,1,0,0,3.6,CLEAR,4,5
2026-08-25 03:00:00,BHEL,3,1,0,0,2.4,CLEAR,1,3
2026-08-25 03:00:00,Lingampally Station,3,1,0,0,4.2,CLEAR,0,4
2026-08-25 03:00:00,Nallagandla,3,1,0,0,2.7,CLEAR,2,3
2026-08-25 03:00:00,Tellapur,3,1,0,0,3.0,CLEAR,0,3
2026-08-25 03:00:00,Osman Nagar,3,1,0,0,1.8,CLEAR,0,2
2026-08-25 03:00:00,Patancheru,3,1,0,0,2.2,CLEAR,0,2
2026-08-25 03:00:00,HITEC City Metro Stand 2,3,1,0,0,4.5,CLEAR,3,6
2026-08-25 04:00:00,Miyapur Metro,4,1,0,0,3.6,CLEAR,2,4
2026-08-25 04:00:00,BHEL,4,1,0,0,2.4,CLEAR,3,4
2026-08-25 04:00:00,Lingampally Station,4,1,0,0,4.2,CLEAR,2,5
2026-08-25 04:00:00,Nallagandla,4,1,0,0,2.7,CLEAR,0,3
2026-08-25 04:00:00,Tellapur,4,1,0,0,3.0,CLEAR,2,4
2026-08-25 04:00:00,Osman Nagar,4,1,0,0,1.8,CLEAR,0,2
2026-08-25 04:00:00,Patancheru,4,1,0,0,2.2,CLEAR,0,2
2026-08-25 04:00:00,HITEC City Metro Stand 2,4,1,0,0,4.5,CLEAR,1,5
2026-08-25 05:00:00,Miyapur Metro,5,1,0,0,14.4,CLEAR,4,16
2026-08-25 05:00:00,BHEL,5,1,0,0,9.6,CLEAR,1,9
2026-08-25 05:00:00,Lingampally Station,5,1,0,0,16.8,CLEAR,7,18
2026-08-25 05:00:00,Nallagandla,5,1,0,0,10.8,CLEAR,4,12
2026-08-25 05:00:00,Tellapur,5,1,0,0,12.0,CLEAR,3,14
2026-08-25 05:00:00,Osman Nagar,5,1,0,0,7.2,CLEAR,4,8
2026-08-25 05:00:00,Patancheru,5,1,0,0,9.0,CLEAR,0,8
2026-08-25 05:00:00,HITEC City Metro Stand 2,5,1,0,0,18.0,CLEAR,5,21
2026-08-25 06:00:00,Miyapur Metro,6,1,0,0,14.4,CLEAR,2,17
2026-08-25 06:00:00,BHEL,6,1,0,0,9.6,CLEAR,5,12
2026-08-25 06:00:00,Lingampally Station,6,1,0,0,16.8,CLEAR,5,19
2026-08-25 06:00:00,Nallagandla,6,1,0,0,10.8,CLEAR,1,12
2026-08-25 06:00:00,Tellapur,6,1,0,0,12.0,CLEAR,6,14
2026-08-25 06:00:00,Osman Nagar,6,1,0,0,7.2,CLEAR,0,7
2026-08-25 06:00:00,Patancheru,6,1,0,0,9.0,CLEAR,3,10
2026-08-25 06:00:00,HITEC City Metro Stand 2,6,1,0,0,18.0,CLEAR,7,19
2026-08-25 07:00:00,Miyapur Metro,7,1,0,0,14.4,CLEAR,3,15
2026-08-25 07:00:00,BHEL,7,1,0,0,9.6,CLEAR,1,11
2026-08-25 07:00:00,Lingampally Station,7,1,0,0,16.8,CLEAR,7,19
2026-08-25 07:00:00,Nallagandla,7,1,0,0,10.8,CLEAR,3,13
2026-08-25 07:00:00,Tellapur,7,1,0,0,12.0,CLEAR,3,13
2026-08-25 07:00:00,Osman Nagar,7,1,0,0,7.2,CLEAR,1,8
2026-08-25 07:00:00,Patancheru,7,1,0,0,9.0,CLEAR,3,10
2026-08-25 07:00:00,HITEC City Metro Stand 2,7,1,0,0,18.0,CLEAR,4,19
2026-08-25 08:00:00,Miyapur Metro,8,1,0,1,45.6,CLEAR,10,81
2026-08-25 08:00:00,BHEL,8,1,0,1,30.4,CLEAR,10,57
2026-08-25 08:00:00,Lingampally Station,8,1,0,1,53.2,CLEAR,13,115
2026-08-25 08:00:00,Nallagandla,8,1,0,1,34.2,CLEAR,10,74
2026-08-25 08:00:00,Tellapur,8,1,0,1,38.0,CLEAR,11,97
2026-08-25 08:00:00,Osman Nagar,8,1,0,1,22.8,CLEAR,6,45
2026-08-25 08:00:00,Patancheru,8,1,0,1,28.5,CLEAR,7,51
2026-08-25 08:00:00,HITEC City Metro Stand 2,8,1,0,1,57.0,CLEAR,16,148
2026-08-25 09:00:00,Miyapur Metro,9,1,0,1,45.6,CLEAR,12,77
2026-08-25 09:00:00,BHEL,9,1,0,1,30.4,CLEAR,8,57
2026-08-25 09:00:00,Lingampally Station,9,1,0,1,53.2,CLEAR,14,103
2026-08-25 09:00:00,Nallagandla,9,1,0,1,34.2,CLEAR,7,68
2026-08-25 09:00:00,Tellapur,9,1,0,1,38.0,CLEAR,10,90
2026-08-25 09:00:00,Osman Nagar,9,1,0,1,22.8,CLEAR,5,44
2026-08-25 09:00:00,Patancheru,9,1,0,1,28.5,CLEAR,8,54
2026-08-25 09:00:00,HITEC City Metro Stand 2,9,1,0,1,57.0,CLEAR,14,130
2026-08-25 10:00:00,Miyapur Metro,10,1,0,1,45.6,CLEAR,10,75
2026-08-25 10:00:00,BHEL,10,1,0,1,30.4,CLEAR,10,58
2026-08-25 10:00:00,Lingampally Station,10,1,0,1,53.2,CLEAR,12,116
2026-08-25 10:00:00,Nallagandla,10,1,0,1,34.2,CLEAR,8,80
2026-08-25 10:00:00,Tellapur,10,1,0,1,38.0,CLEAR,8,84
2026-08-25 10:00:00,Osman Nagar,10,1,0,1,22.8,CLEAR,4,39
2026-08-25 10:00:00,Patancheru,10,1,0,1,28.5,CLEAR,7,52
2026-08-25 10:00:00,HITEC City Metro Stand 2,10,1,0,1,57.0,CLEAR,17,147
2026-08-25 11:00:00,Miyapur Metro,11,1,0,1,45.6,CLEAR,11,80
2026-08-25 11:00:00,BHEL,11,1,0,1,30.4,CLEAR,8,54
2026-08-25 11:00:00,Lingampally Station,11,1,0,1,53.2,CLEAR,13,115
2026-08-25 11:00:00,Nallagandla,11,1,0,1,34.2,CLEAR,11,83
2026-08-25 11:00:00,Tellapur,11,1,0,1,38.0,CLEAR,8,95
2026-08-25 11:00:00,Osman Nagar,11,1,0,1,22.8,CLEAR,6,44
2026-08-25 11:00:00,Patancheru,11,1,0,1,28.5,CLEAR,7,47
2026-08-25 11:00:00,HITEC City Metro Stand 2,11,1,0,1,57.0,CLEAR,13,152
2026-08-25 12:00:00,Miyapur Metro,12,1,0,0,20.4,CLEAR,6,25
2026-08-25 12:00:00,BHEL,12,1,0,0,13.6,CLEAR,4,14
2026-08-25 12:00:00,Lingampally Station,12,1,0,0,23.8,CLEAR,5,25
2026-08-25 12:00:00,Nallagandla,12,1,0,0,15.3,CLEAR,4,17
2026-08-25 12:00:00,Tellapur,12,1,0,0,17.0,CLEAR,4,19
2026-08-25 12:00:00,Osman Nagar,12,1,0,0,10.2,CLEAR,5,13
2026-08-25 12:00:00,Patancheru,12,1,0,0,12.8,CLEAR,6,15
2026-08-25 12:00:00,HITEC City Metro Stand 2,12,1,0,0,25.5,CLEAR,9,29
2026-08-25 13:00:00,Miyapur Metro,13,1,0,0,20.4,CLEAR,8,26
2026-08-25 13:00:00,BHEL,13,1,0,0,13.6,CLEAR,2,15
2026-08-25 13:00:00,Lingampally Station,13,1,0,0,23.8,CLEAR,4,24
2026-08-25 13:00:00,Nallagandla,13,1,0,0,15.3,CLEAR,6,19
2026-08-25 13:00:00,Tellapur,13,1,0,0,17.0,CLEAR,4,20
2026-08-25 13:00:00,Osman Nagar,13,1,0,0,10.2,CLEAR,3,12
2026-08-25 13:00:00,Patancheru,13,1,0,0,12.8,CLEAR,3,14
2026-08-25 13:00:00,HITEC City Metro Stand 2,13,1,0,0,25.5,CLEAR,6,29
2026-08-25 14:00:00,Miyapur Metro,14,1,0,0,20.4,CLEAR,5,24
2026-08-25 14:00:00,BHEL,14,1,0,0,13.6,CLEAR,6,15
2026-08-25 14:00:00,Lingampally Station,14,1,0,0,23.8,CLEAR,6,27
2026-08-25 14:00:00,Nallagandla,14,1,0,0,15.3,CLEAR,2,15
2026-08-25 14:00:00,Tellapur,14,1,0,0,17.0,CLEAR,2,16
2026-08-25 14:00:00,Osman Nagar,14,1,0,0,10.2,CLEAR,2,12
2026-08-25 14:00:00,Patancheru,14,1,0,0,12.8,CLEAR,3,13
2026-08-25 14:00:00,HITEC City Metro Stand 2,14,1,0,0,25.5,CLEAR,5,30
2026-08-25 15:00:00,Miyapur Metro,15,1,0,0,20.4,CLEAR,5,24
2026-08-25 15:00:00,BHEL,15,1,0,0,13.6,CLEAR,6,17
2026-08-25 15:00:00,Lingampally Station,15,1,0,0,23.8,CLEAR,8,26
2026-08-25 15:00:00,Nallagandla,15,1,0,0,15.3,CLEAR,6,17
2026-08-25 15:00:00,Tellapur,15,1,0,0,17.0,CLEAR,7,18
2026-08-25 15:00:00,Osman Nagar,15,1,0,0,10.2,CLEAR,2,11
2026-08-25 15:00:00,Patancheru,15,1,0,0,12.8,CLEAR,5,14
2026-08-25 15:00:00,HITEC City Metro Stand 2,15,1,0,0,25.5,CLEAR,5,26
2026-08-25 16:00:00,Miyapur Metro,16,1,0,0,20.4,CLEAR,5,21
2026-08-25 16:00:00,BHEL,16,1,0,0,13.6,CLEAR,6,17
2026-08-25 16:00:00,Lingampally Station,16,1,0,0,23.8,CLEAR,8,30
2026-08-25 16:00:00,Nallagandla,16,1,0,0,15.3,CLEAR,4,17
2026-08-25 16:00:00,Tellapur,16,1,0,0,17.0,CLEAR,3,18
2026-08-25 16:00:00,Osman Nagar,16,1,0,0,10.2,CLEAR,3,12
2026-08-25 16:00:00,Patancheru,16,1,0,0,12.8,CLEAR,6,15
2026-08-25 16:00:00,HITEC City Metro Stand 2,16,1,0,0,25.5,CLEAR,8,27
2026-08-25 17:00:00,Miyapur Metro,17,1,0,1,50.4,CLEAR,12,112
2026-08-25 17:00:00,BHEL,17,1,0,1,33.6,CLEAR,7,54
2026-08-25 17:00:00,Lingampally Station,17,1,0,1,58.8,CLEAR,17,148
2026-08-25 17:00:00,Nallagandla,17,1,0,1,37.8,CLEAR,11,65
2026-08-25 17:00:00,Tellapur,17,1,0,1,42.0,CLEAR,9,88
2026-08-25 17:00:00,Osman Nagar,17,1,0,1,25.2,CLEAR,5,34
2026-08-25 17:00:00,Patancheru,17,1,0,1,31.5,CLEAR,7,57
2026-08-25 17:00:00,HITEC City Metro Stand 2,17,1,0,1,63.0,CLEAR,15,151
2026-08-25 18:00:00,Miyapur Metro,18,1,0,1,50.4,CLEAR,12,119
2026-08-25 18:00:00,BHEL,18,1,0,1,33.6,CLEAR,9,58
2026-08-25 18:00:00,Lingampally Station,18,1,0,1,58.8,CLEAR,17,138
2026-08-25 18:00:00,Nallagandla,18,1,0,1,37.8,CLEAR,10,64
2026-08-25 18:00:00,Tellapur,18,1,0,1,42.0,CLEAR,11,88
2026-08-25 18:00:00,Osman Nagar,18,1,0,1,25.2,CLEAR,5,37
2026-08-25 18:00:00,Patancheru,18,1,0,1,31.5,CLEAR,11,59
2026-08-25 18:00:00,HITEC City Metro Stand 2,18,1,0,1,63.0,CLEAR,16,175
2026-08-25 19:00:00,Miyapur Metro,19,1,0,1,50.4,CLEAR,12,111
2026-08-25 19:00:00,BHEL,19,1,0,1,33.6,CLEAR,7,52
2026-08-25 19:00:00,Lingampally Station,19,1,0,1,58.8,CLEAR,17,148
2026-08-25 19:00:00,Nallagandla,19,1,0,1,37.8,CLEAR,8,73
2026-08-25 19:00:00,Tellapur,19,1,0,1,42.0,CLEAR,12,77
2026-08-25 19:00:00,Osman Nagar,19,1,0,1,25.2,CLEAR,9,37
2026-08-25 19:00:00,Patancheru,19,1,0,1,31.5,CLEAR,6,55
2026-08-25 19:00:00,HITEC City Metro Stand 2,19,1,0,1,63.0,CLEAR,16,157
2026-08-25 20:00:00,Miyapur Metro,20,1,0,1,50.4,CLEAR,15,108
2026-08-25 20:00:00,BHEL,20,1,0,1,33.6,CLEAR,9,51
2026-08-25 20:00:00,Lingampally Station,20,1,0,1,58.8,CLEAR,15,143
2026-08-25 20:00:00,Nallagandla,20,1,0,1,37.8,CLEAR,8,65
2026-08-25 20:00:00,Tellapur,20,1,0,1,42.0,CLEAR,9,82
2026-08-25 20:00:00,Osman Nagar,20,1,0,1,25.2,CLEAR,8,38
2026-08-25 20:00:00,Patancheru,20,1,0,1,31.5,CLEAR,7,53
2026-08-25 20:00:00,HITEC City Metro Stand 2,20,1,0,1,63.0,CLEAR,17,167
2026-08-25 21:00:00,Miyapur Metro,21,1,0,1,50.4,CLEAR,13,116
2026-08-25 21:00:00,BHEL,21,1,0,1,33.6,CLEAR,10,57
2026-08-25 21:00:00,Lingampally Station,21,1,0,1,58.8,CLEAR,17,135
2026-08-25 21:00:00,Nallagandla,21,1,0,1,37.8,CLEAR,8,62
2026-08-25 21:00:00,Tellapur,21,1,0,1,42.0,CLEAR,10,73
2026-08-25 21:00:00,Osman Nagar,21,1,0,1,25.2,CLEAR,5,36
2026-08-25 21:00:00,Patancheru,21,1,0,1,31.5,CLEAR,9,57
2026-08-25 21:00:00,HITEC City Metro Stand 2,21,1,0,1,63.0,CLEAR,16,152
2026-08-25 22:00:00,Miyapur Metro,22,1,0,0,9.6,CLEAR,4,12
2026-08-25 22:00:00,BHEL,22,1,0,0,6.4,CLEAR,1,6
2026-08-25 22:00:00,Lingampally Station,22,1,0,0,11.2,CLEAR,5,13
2026-08-25 22:00:00,Nallagandla,22,1,0,0,7.2,CLEAR,1,8
2026-08-25 22:00:00,Tellapur,22,1,0,0,8.0,CLEAR,4,9
2026-08-25 22:00:00,Osman Nagar,22,1,0,0,4.8,CLEAR,2,6
2026-08-25 22:00:00,Patancheru,22,1,0,0,6.0,CLEAR,2,7
2026-08-25 22:00:00,HITEC City Metro Stand 2,22,1,0,0,12.0,CLEAR,6,14
2026-08-25 23:00:00,Miyapur Metro,23,1,0,0,9.6,CLEAR,2,10
2026-08-25 23:00:00,BHEL,23,1,0,0,6.4,CLEAR,1,7
2026-08-25 23:00:00,Lingampally Station,23,1,0,0,11.2,CLEAR,2,11
2026-08-25 23:00:00,Nallagandla,23,1,0,0,7.2,CLEAR,2,8
2026-08-25 23:00:00,Tellapur,23,1,0,0,8.0,CLEAR,1,8
2026-08-25 23:00:00,Osman Nagar,23,1,0,0,4.8,CLEAR,0,5
2026-08-25 23:00:00,Patancheru,23,1,0,0,6.0,CLEAR,4,8
2026-08-25 23:00:00,HITEC City Metro Stand 2,23,1,0,0,12.0,CLEAR,6,15
2026-08-26 00:00:00,Miyapur Metro,0,2,0,0,3.6,CLEAR,0,3
2026-08-26 00:00:00,BHEL,0,2,0,0,2.4,CLEAR,3,4
2026-08-26 00:00:00,Lingampally Station,0,2,0,0,4.2,CLEAR,4,6
2026-08-26 00:00:00,Nallagandla,0,2,0,0,2.7,CLEAR,1,3
2026-08-26 00:00:00,Tellapur,0,2,0,0,3.0,CLEAR,0,3
2026-08-26 00:00:00,Osman Nagar,0,2,0,0,1.8,CLEAR,0,2
2026-08-26 00:00:00,Patancheru,0,2,0,0,2.2,CLEAR,1,3
2026-08-26 00:00:00,HITEC City Metro Stand 2,0,2,0,0,4.5,CLEAR,4,6
2026-08-26 01:00:00,Miyapur Metro,1,2,0,0,3.6,CLEAR,1,4
2026-08-26 01:00:00,BHEL,1,2,0,0,2.4,CLEAR,0,2
2026-08-26 01:00:00,Lingampally Station,1,2,0,0,4.2,CLEAR,3,6
2026-08-26 01:00:00,Nallagandla,1,2,0,0,2.7,CLEAR,3,4
2026-08-26 01:00:00,Tellapur,1,2,0,0,3.0,CLEAR,3,4
2026-08-26 01:00:00,Osman Nagar,1,2,0,0,1.8,CLEAR,0,2
2026-08-26 01:00:00,Patancheru,1,2,0,0,2.2,CLEAR,2,3
2026-08-26 01:00:00,HITEC City Metro Stand 2,1,2,0,0,4.5,CLEAR,4,6
2026-08-26 02:00:00,Miyapur Metro,2,2,0,0,3.6,CLEAR,2,4
2026-08-26 02:00:00,BHEL,2,2,0,0,2.4,CLEAR,1,3
2026-08-26 02:00:00,Lingampally Station,2,2,0,0,4.2,CLEAR,3,6
2026-08-26 02:00:00,Nallagandla,2,2,0,0,2.7,CLEAR,0,3
2026-08-26 02:00:00,Tellapur,2,2,0,0,3.0,CLEAR,0,3
2026-08-26 02:00:00,Osman Nagar,2,2,0,0,1.8,CLEAR,2,3
2026-08-26 02:00:00,Patancheru,2,2,0,0,2.2,CLEAR,3,4
2026-08-26 02:00:00,HITEC City Metro Stand 2,2,2,0,0,4.5,CLEAR,4,6
2026-08-26 03:00:00,Miyapur Metro,3,2,0,0,3.6,CLEAR,4,5
2026-08-26 03:00:00,BHEL,3,2,0,0,2.4,CLEAR,0,3
2026-08-26 03:00:00,Lingampally Station,3,2,0,0,4.2,CLEAR,3,5
2026-08-26 03:00:00,Nallagandla,3,2,0,0,2.7,CLEAR,1,3
2026-08-26 03:00:00,Tellapur,3,2,0,0,3.0,CLEAR,0,3
2026-08-26 03:00:00,Osman Nagar,3,2,0,0,1.8,CLEAR,1,2
2026-08-26 03:00:00,Patancheru,3,2,0,0,2.2,CLEAR,2,3
2026-08-26 03:00:00,HITEC City Metro Stand 2,3,2,0,0,4.5,CLEAR,1,5
2026-08-26 04:00:00,Miyapur Metro,4,2,0,0,3.6,CLEAR,3,5
2026-08-26 04:00:00,BHEL,4,2,0,0,2.4,CLEAR,3,4
2026-08-26 04:00:00,Lingampally Station,4,2,0,0,4.2,CLEAR,2,5
2026-08-26 04:00:00,Nallagandla,4,2,0,0,2.7,CLEAR,0,3
2026-08-26 04:00:00,Tellapur,4,2,0,0,3.0,CLEAR,2,4
2026-08-26 04:00:00,Osman Nagar,4,2,0,0,1.8,CLEAR,0,2
2026-08-26 04:00:00,Patancheru,4,2,0,0,2.2,CLEAR,3,3
2026-08-26 04:00:00,HITEC City Metro Stand 2,4,2,0,0,4.5,CLEAR,0,4
2026-08-26 05:00:00,Miyapur Metro,5,2,0,0,14.4,CLEAR,5,15
2026-08-26 05:00:00,BHEL,5,2,0,0,9.6,CLEAR,2,10
2026-08-26 05:00:00,Lingampally Station,5,2,0,0,16.8,CLEAR,6,18
2026-08-26 05:00:00,Nallagandla,5,2,0,0,10.8,CLEAR,2,11
2026-08-26 05:00:00,Tellapur,5,2,0,0,12.0,CLEAR,2,14
2026-08-26 05:00:00,Osman Nagar,5,2,0,0,7.2,CLEAR,3,9
2026-08-26 05:00:00,Patancheru,5,2,0,0,9.0,CLEAR,1,9
2026-08-26 05:00:00,HITEC City Metro Stand 2,5,2,0,0,18.0,CLEAR,4,22
2026-08-26 06:00:00,Miyapur Metro,6,2,0,0,14.4,CLEAR,3,16
2026-08-26 06:00:00,BHEL,6,2,0,0,9.6,CLEAR,1,10
2026-08-26 06:00:00,Lingampally Station,6,2,0,0,16.8,CLEAR,5,18
2026-08-26 06:00:00,Nallagandla,6,2,0,0,10.8,CLEAR,5,13
2026-08-26 06:00:00,Tellapur,6,2,0,0,12.0,CLEAR,3,15
2026-08-26 06:00:00,Osman Nagar,6,2,0,0,7.2,CLEAR,0,7
2026-08-26 06:00:00,Patancheru,6,2,0,0,9.0,CLEAR,2,10
2026-08-26 06:00:00,HITEC City Metro Stand 2,6,2,0,0,18.0,CLEAR,5,21
2026-08-26 07:00:00,Miyapur Metro,7,2,0,0,14.4,CLEAR,3,16
2026-08-26 07:00:00,BHEL,7,2,0,0,9.6,CLEAR,4,11
2026-08-26 07:00:00,Lingampally Station,7,2,0,0,16.8,CLEAR,3,18
2026-08-26 07:00:00,Nallagandla,7,2,0,0,10.8,CLEAR,2,11
2026-08-26 07:00:00,Tellapur,7,2,0,0,12.0,CLEAR,4,14
2026-08-26 07:00:00,Osman Nagar,7,2,0,0,7.2,CLEAR,3,8
2026-08-26 07:00:00,Patancheru,7,2,0,0,9.0,CLEAR,5,11
2026-08-26 07:00:00,HITEC City Metro Stand 2,7,2,0,0,18.0,CLEAR,3,19
2026-08-26 08:00:00,Miyapur Metro,8,2,0,1,45.6,CLEAR,11,85
2026-08-26 08:00:00,BHEL,8,2,0,1,30.4,CLEAR,9,58
2026-08-26 08:00:00,Lingampally Station,8,2,0,1,53.2,CLEAR,13,111
2026-08-26 08:00:00,Nallagandla,8,2,0,1,34.2,CLEAR,9,69
2026-08-26 08:00:00,Tellapur,8,2,0,1,38.0,CLEAR,10,97
2026-08-26 08:00:00,Osman Nagar,8,2,0,1,22.8,CLEAR,6,44
2026-08-26 08:00:00,Patancheru,8,2,0,1,28.5,CLEAR,8,47
2026-08-26 08:00:00,HITEC City Metro Stand 2,8,2,0,1,57.0,CLEAR,13,144
2026-08-26 09:00:00,Miyapur Metro,9,2,0,1,45.6,CLEAR,10,78
2026-08-26 09:00:00,BHEL,9,2,0,1,30.4,CLEAR,8,56
2026-08-26 09:00:00,Lingampally Station,9,2,0,1,53.2,CLEAR,15,111
2026-08-26 09:00:00,Nallagandla,9,2,0,1,34.2,CLEAR,9,68
2026-08-26 09:00:00,Tellapur,9,2,0,1,38.0,CLEAR,12,96
2026-08-26 09:00:00,Osman Nagar,9,2,0,1,22.8,CLEAR,6,38
2026-08-26 09:00:00,Patancheru,9,2,0,1,28.5,CLEAR,5,51
2026-08-26 09:00:00,HITEC City Metro Stand 2,9,2,0,1,57.0,CLEAR,15,139
2026-08-26 10:00:00,Miyapur Metro,10,2,0,1,45.6,CLEAR,10,74
2026-08-26 10:00:00,BHEL,10,2,0,1,30.4,CLEAR,8,56
2026-08-26 10:00:00,Lingampally Station,10,2,0,1,53.2,CLEAR,12,118
2026-08-26 10:00:00,Nallagandla,10,2,0,1,34.2,CLEAR,10,80
2026-08-26 10:00:00,Tellapur,10,2,0,1,38.0,CLEAR,8,82
2026-08-26 10:00:00,Osman Nagar,10,2,0,1,22.8,CLEAR,4,43
2026-08-26 10:00:00,Patancheru,10,2,0,1,28.5,CLEAR,8,46
2026-08-26 10:00:00,HITEC City Metro Stand 2,10,2,0,1,57.0,CLEAR,16,155
2026-08-26 11:00:00,Miyapur Metro,11,2,0,1,45.6,CLEAR,11,75
2026-08-26 11:00:00,BHEL,11,2,0,1,30.4,CLEAR,11,54
2026-08-26 11:00:00,Lingampally Station,11,2,0,1,53.2,CLEAR,14,117
2026-08-26 11:00:00,Nallagandla,11,2,0,1,34.2,CLEAR,7,67
2026-08-26 11:00:00,Tellapur,11,2,0,1,38.0,CLEAR,11,82
2026-08-26 11:00:00,Osman Nagar,11,2,0,1,22.8,CLEAR,4,38
2026-08-26 11:00:00,Patancheru,11,2,0,1,28.5,CLEAR,7,52
2026-08-26 11:00:00,HITEC City Metro Stand 2,11,2,0,1,57.0,CLEAR,14,130
2026-08-26 12:00:00,Miyapur Metro,12,2,0,0,20.4,CLEAR,4,22
2026-08-26 12:00:00,BHEL,12,2,0,0,13.6,CLEAR,6,17
2026-08-26 12:00:00,Lingampally Station,12,2,0,0,23.8,CLEAR,8,27
2026-08-26 12:00:00,Nallagandla,12,2,0,0,15.3,CLEAR,6,18
2026-08-26 12:00:00,Tellapur,12,2,0,0,17.0,CLEAR,7,20
2026-08-26 12:00:00,Osman Nagar,12,2,0,0,10.2,CLEAR,3,12
2026-08-26 12:00:00,Patancheru,12,2,0,0,12.8,CLEAR,2,15
2026-08-26 12:00:00,HITEC City Metro Stand 2,12,2,0,0,25.5,CLEAR,8,27
2026-08-26 13:00:00,Miyapur Metro,13,2,0,0,20.4,CLEAR,7,24
2026-08-26 13:00:00,BHEL,13,2,0,0,13.6,CLEAR,4,15
2026-08-26 13:00:00,Lingampally Station,13,2,0,0,23.8,CLEAR,7,29
2026-08-26 13:00:00,Nallagandla,13,2,0,0,15.3,CLEAR,4,18
2026-08-26 13:00:00,Tellapur,13,2,0,0,17.0,CLEAR,4,20
2026-08-26 13:00:00,Osman Nagar,13,2,0,0,10.2,CLEAR,1,11
2026-08-26 13:00:00,Patancheru,13,2,0,0,12.8,CLEAR,3,13
2026-08-26 13:00:00,HITEC City Metro Stand 2,13,2,0,0,25.5,CLEAR,7,29
2026-08-26 14:00:00,Miyapur Metro,14,2,0,0,20.4,CLEAR,3,21
2026-08-26 14:00:00,BHEL,14,2,0,0,13.6,CLEAR,5,17
2026-08-26 14:00:00,Lingampally Station,14,2,0,0,23.8,CLEAR,7,24
2026-08-26 14:00:00,Nallagandla,14,2,0,0,15.3,CLEAR,6,19
2026-08-26 14:00:00,Tellapur,14,2,0,0,17.0,CLEAR,5,20
2026-08-26 14:00:00,Osman Nagar,14,2,0,0,10.2,CLEAR,2,12
2026-08-26 14:00:00,Patancheru,14,2,0,0,12.8,CLEAR,3,15
2026-08-26 14:00:00,HITEC City Metro Stand 2,14,2,0,0,25.5,CLEAR,7,28
2026-08-26 15:00:00,Miyapur Metro,15,2,0,0,20.4,CLEAR,7,23
2026-08-26 15:00:00,BHEL,15,2,0,0,13.6,CLEAR,2,15
2026-08-26 15:00:00,Lingampally Station,15,2,0,0,23.8,CLEAR,6,28
2026-08-26 15:00:00,Nallagandla,15,2,0,0,15.3,CLEAR,4,18
2026-08-26 15:00:00,Tellapur,15,2,0,0,17.0,CLEAR,6,19
2026-08-26 15:00:00,Osman Nagar,15,2,0,0,10.2,CLEAR,4,11
2026-08-26 15:00:00,Patancheru,15,2,0,0,12.8,CLEAR,3,15
2026-08-26 15:00:00,HITEC City Metro Stand 2,15,2,0,0,25.5,CLEAR,8,28
2026-08-26 16:00:00,Miyapur Metro,16,2,0,0,20.4,CLEAR,5,23
2026-08-26 16:00:00,BHEL,16,2,0,0,13.6,CLEAR,4,17
2026-08-26 16:00:00,Lingampally Station,16,2,0,0,23.8,CLEAR,8,27
2026-08-26 16:00:00,Nallagandla,16,2,0,0,15.3,CLEAR,2,16
2026-08-26 16:00:00,Tellapur,16,2,0,0,17.0,CLEAR,7,19
2026-08-26 16:00:00,Osman Nagar,16,2,0,0,10.2,CLEAR,4,12
2026-08-26 16:00:00,Patancheru,16,2,0,0,12.8,CLEAR,1,14
2026-08-26 16:00:00,HITEC City Metro Stand 2,16,2,0,0,25.5,CLEAR,5,25
2026-08-26 17:00:00,Miyapur Metro,17,2,0,1,50.4,CLEAR,11,127
2026-08-26 17:00:00,BHEL,17,2,0,1,33.6,CLEAR,9,57
2026-08-26 17:00:00,Lingampally Station,17,2,0,1,58.8,CLEAR,18,153
2026-08-26 17:00:00,Nallagandla,17,2,0,1,37.8,CLEAR,11,66
2026-08-26 17:00:00,Tellapur,17,2,0,1,42.0,CLEAR,13,76
2026-08-26 17:00:00,Osman Nagar,17,2,0,1,25.2,CLEAR,9,41
2026-08-26 17:00:00,Patancheru,17,2,0,1,31.5,CLEAR,8,49
2026-08-26 17:00:00,HITEC City Metro Stand 2,17,2,0,1,63.0,CLEAR,17,153
2026-08-26 18:00:00,Miyapur Metro,18,2,0,1,50.4,CLEAR,15,108
2026-08-26 18:00:00,BHEL,18,2,0,1,33.6,CLEAR,10,56
2026-08-26 18:00:00,Lingampally Station,18,2,0,1,58.8,CLEAR,17,156
2026-08-26 18:00:00,Nallagandla,18,2,0,1,37.8,CLEAR,9,71
2026-08-26 18:00:00,Tellapur,18,2,0,1,42.0,CLEAR,10,88
2026-08-26 18:00:00,Osman Nagar,18,2,0,1,25.2,CLEAR,7,36
2026-08-26 18:00:00,Patancheru,18,2,0,1,31.5,CLEAR,7,53
2026-08-26 18:00:00,HITEC City Metro Stand 2,18,2,0,1,63.0,CLEAR,15,155
2026-08-26 19:00:00,Miyapur Metro,19,2,0,1,50.4,CLEAR,11,124
2026-08-26 19:00:00,BHEL,19,2,0,1,33.6,CLEAR,10,51
2026-08-26 19:00:00,Lingampally Station,19,2,0,1,58.8,CLEAR,16,147
2026-08-26 19:00:00,Nallagandla,19,2,0,1,37.8,CLEAR,11,65
2026-08-26 19:00:00,Tellapur,19,2,0,1,42.0,CLEAR,13,88
2026-08-26 19:00:00,Osman Nagar,19,2,0,1,25.2,CLEAR,6,37
2026-08-26 19:00:00,Patancheru,19,2,0,1,31.5,CLEAR,9,50
2026-08-26 19:00:00,HITEC City Metro Stand 2,19,2,0,1,63.0,CLEAR,15,173
2026-08-26 20:00:00,Miyapur Metro,20,2,0,1,50.4,CLEAR,15,121
2026-08-26 20:00:00,BHEL,20,2,0,1,33.6,CLEAR,9,58
2026-08-26 20:00:00,Lingampally Station,20,2,0,1,58.8,CLEAR,16,142
2026-08-26 20:00:00,Nallagandla,20,2,0,1,37.8,CLEAR,9,70
2026-08-26 20:00:00,Tellapur,20,2,0,1,42.0,CLEAR,11,75
2026-08-26 20:00:00,Osman Nagar,20,2,0,1,25.2,CLEAR,5,37
2026-08-26 20:00:00,Patancheru,20,2,0,1,31.5,CLEAR,8,49
2026-08-26 20:00:00,HITEC City Metro Stand 2,20,2,0,1,63.0,CLEAR,14,174
2026-08-26 21:00:00,Miyapur Metro,21,2,0,1,50.4,CLEAR,12,107
2026-08-26 21:00:00,BHEL,21,2,0,1,33.6,CLEAR,8,55
2026-08-26 21:00:00,Lingampally Station,21,2,0,1,58.8,CLEAR,14,134
2026-08-26 21:00:00,Nallagandla,21,2,0,1,37.8,CLEAR,12,76
2026-08-26 21:00:00,Tellapur,21,2,0,1,42.0,CLEAR,10,84
2026-08-26 21:00:00,Osman Nagar,21,2,0,1,25.2,CLEAR,5,41
2026-08-26 21:00:00,Patancheru,21,2,0,1,31.5,CLEAR,11,51
2026-08-26 21:00:00,HITEC City Metro Stand 2,21,2,0,1,63.0,CLEAR,17,178
2026-08-26 22:00:00,Miyapur Metro,22,2,0,0,9.6,CLEAR,5,12
2026-08-26 22:00:00,BHEL,22,2,0,0,6.4,CLEAR,2,7
2026-08-26 22:00:00,Lingampally Station,22,2,0,0,11.2,CLEAR,4,12
2026-08-26 22:00:00,Nallagandla,22,2,0,0,7.2,CLEAR,2,9
2026-08-26 22:00:00,Tellapur,22,2,0,0,8.0,CLEAR,1,8
2026-08-26 22:00:00,Osman Nagar,22,2,0,0,4.8,CLEAR,1,5
2026-08-26 22:00:00,Patancheru,22,2,0,0,6.0,CLEAR,1,7
2026-08-26 22:00:00,HITEC City Metro Stand 2,22,2,0,0,12.0,CLEAR,2,13
2026-08-26 23:00:00,Miyapur Metro,23,2,0,0,9.6,CLEAR,4,12
2026-08-26 23:00:00,BHEL,23,2,0,0,6.4,CLEAR,3,8
2026-08-26 23:00:00,Lingampally Station,23,2,0,0,11.2,CLEAR,2,11
2026-08-26 23:00:00,Nallagandla,23,2,0,0,7.2,CLEAR,5,10
2026-08-26 23:00:00,Tellapur,23,2,0,0,8.0,CLEAR,4,10
2026-08-26 23:00:00,Osman Nagar,23,2,0,0,4.8,CLEAR,0,5
2026-08-26 23:00:00,Patancheru,23,2,0,0,6.0,CLEAR,4,8
2026-08-26 23:00:00,HITEC City Metro Stand 2,23,2,0,0,12.0,CLEAR,4,13
2026-08-27 00:00:00,Miyapur Metro,0,3,0,0,3.6,CLEAR,4,5
2026-08-27 00:00:00,BHEL,0,3,0,0,2.4,CLEAR,0,2
2026-08-27 00:00:00,Lingampally Station,0,3,0,0,4.2,CLEAR,2,5
2026-08-27 00:00:00,Nallagandla,0,3,0,0,2.7,CLEAR,1,3
2026-08-27 00:00:00,Tellapur,0,3,0,0,3.0,CLEAR,3,5
2026-08-27 00:00:00,Osman Nagar,0,3,0,0,1.8,CLEAR,0,2
2026-08-27 00:00:00,Patancheru,0,3,0,0,2.2,CLEAR,2,3
2026-08-27 00:00:00,HITEC City Metro Stand 2,0,3,0,0,4.5,CLEAR,2,6
2026-08-27 01:00:00,Miyapur Metro,1,3,0,0,3.6,CLEAR,2,5
2026-08-27 01:00:00,BHEL,1,3,0,0,2.4,CLEAR,1,3
2026-08-27 01:00:00,Lingampally Station,1,3,0,0,4.2,CLEAR,3,6
2026-08-27 01:00:00,Nallagandla,1,3,0,0,2.7,CLEAR,1,3
2026-08-27 01:00:00,Tellapur,1,3,0,0,3.0,CLEAR,0,3
2026-08-27 01:00:00,Osman Nagar,1,3,0,0,1.8,CLEAR,3,3
2026-08-27 01:00:00,Patancheru,1,3,0,0,2.2,CLEAR,0,2
2026-08-27 01:00:00,HITEC City Metro Stand 2,1,3,0,0,4.5,CLEAR,1,5
2026-08-27 02:00:00,Miyapur Metro,2,3,0,0,3.6,CLEAR,0,4
2026-08-27 02:00:00,BHEL,2,3,0,0,2.4,CLEAR,0,3
2026-08-27 02:00:00,Lingampally Station,2,3,0,0,4.2,CLEAR,3,6
2026-08-27 02:00:00,Nallagandla,2,3,0,0,2.7,CLEAR,2,4
2026-08-27 02:00:00,Tellapur,2,3,0,0,3.0,CLEAR,0,3
2026-08-27 02:00:00,Osman Nagar,2,3,0,0,1.8,CLEAR,3,3
2026-08-27 02:00:00,Patancheru,2,3,0,0,2.2,CLEAR,0,2
2026-08-27 02:00:00,HITEC City Metro Stand 2,2,3,0,0,4.5,CLEAR,0,4
2026-08-27 03:00:00,Miyapur Metro,3,3,0,0,3.6,CLEAR,2,4
2026-08-27 03:00:00,BHEL,3,3,0,0,2.4,CLEAR,0,2
2026-08-27 03:00:00,Lingampally Station,3,3,0,0,4.2,CLEAR,1,4
2026-08-27 03:00:00,Nallagandla,3,3,0,0,2.7,CLEAR,0,3
2026-08-27 03:00:00,Tellapur,3,3,0,0,3.0,CLEAR,1,3
2026-08-27 03:00:00,Osman Nagar,3,3,0,0,1.8,CLEAR,2,3
2026-08-27 03:00:00,Patancheru,3,3,0,0,2.2,CLEAR,3,3
2026-08-27 03:00:00,HITEC City Metro Stand 2,3,3,0,0,4.5,CLEAR,3,6
2026-08-27 04:00:00,Miyapur Metro,4,3,0,0,3.6,CLEAR,3,5
2026-08-27 04:00:00,BHEL,4,3,0,0,2.4,CLEAR,2,3
2026-08-27 04:00:00,Lingampally Station,4,3,0,0,4.2,CLEAR,0,4
2026-08-27 04:00:00,Nallagandla,4,3,0,0,2.7,CLEAR,1,3
2026-08-27 04:00:00,Tellapur,4,3,0,0,3.0,CLEAR,3,4
2026-08-27 04:00:00,Osman Nagar,4,3,0,0,1.8,CLEAR,2,3
2026-08-27 04:00:00,Patancheru,4,3,0,0,2.2,CLEAR,0,2
2026-08-27 04:00:00,HITEC City Metro Stand 2,4,3,0,0,4.5,CLEAR,4,6
2026-08-27 05:00:00,Miyapur Metro,5,3,0,0,14.4,CLEAR,5,16
2026-08-27 05:00:00,BHEL,5,3,0,0,9.6,CLEAR,2,11
2026-08-27 05:00:00,Lingampally Station,5,3,0,0,16.8,CLEAR,3,20
2026-08-27 05:00:00,Nallagandla,5,3,0,0,10.8,CLEAR,4,13
2026-08-27 05:00:00,Tellapur,5,3,0,0,12.0,CLEAR,3,12
2026-08-27 05:00:00,Osman Nagar,5,3,0,0,7.2,CLEAR,2,7
2026-08-27 05:00:00,Patancheru,5,3,0,0,9.0,CLEAR,2,10
2026-08-27 05:00:00,HITEC City Metro Stand 2,5,3,0,0,18.0,CLEAR,7,19
2026-08-27 06:00:00,Miyapur Metro,6,3,0,0,14.4,CLEAR,3,16
2026-08-27 06:00:00,BHEL,6,3,0,0,9.6,CLEAR,3,12
2026-08-27 06:00:00,Lingampally Station,6,3,0,0,16.8,CLEAR,4,17
2026-08-27 06:00:00,Nallagandla,6,3,0,0,10.8,CLEAR,2,11
2026-08-27 06:00:00,Tellapur,6,3,0,0,12.0,CLEAR,3,12
2026-08-27 06:00:00,Osman Nagar,6,3,0,0,7.2,CLEAR,1,8
2026-08-27 06:00:00,Patancheru,6,3,0,0,9.0,CLEAR,2,9
2026-08-27 06:00:00,HITEC City Metro Stand 2,6,3,0,0,18.0,CLEAR,6,22
2026-08-27 07:00:00,Miyapur Metro,7,3,0,0,14.4,CLEAR,6,18
2026-08-27 07:00:00,BHEL,7,3,0,0,9.6,CLEAR,4,11
2026-08-27 07:00:00,Lingampally Station,7,3,0,0,16.8,CLEAR,6,19
2026-08-27 07:00:00,Nallagandla,7,3,0,0,10.8,CLEAR,5,13
2026-08-27 07:00:00,Tellapur,7,3,0,0,12.0,CLEAR,3,14
2026-08-27 07:00:00,Osman Nagar,7,3,0,0,7.2,CLEAR,3,8
2026-08-27 07:00:00,Patancheru,7,3,0,0,9.0,CLEAR,1,9
2026-08-27 07:00:00,HITEC City Metro Stand 2,7,3,0,0,18.0,CLEAR,6,21
2026-08-27 08:00:00,Miyapur Metro,8,3,0,1,45.6,CLEAR,14,86
2026-08-27 08:00:00,BHEL,8,3,0,1,30.4,CLEAR,8,59
2026-08-27 08:00:00,Lingampally Station,8,3,0,1,53.2,CLEAR,14,114
2026-08-27 08:00:00,Nallagandla,8,3,0,1,34.2,CLEAR,7,73
2026-08-27 08:00:00,Tellapur,8,3,0,1,38.0,CLEAR,11,97
2026-08-27 08:00:00,Osman Nagar,8,3,0,1,22.8,CLEAR,4,37
2026-08-27 08:00:00,Patancheru,8,3,0,1,28.5,CLEAR,9,54
2026-08-27 08:00:00,HITEC City Metro Stand 2,8,3,0,1,57.0,CLEAR,13,136
2026-08-27 09:00:00,Miyapur Metro,9,3,0,1,45.6,CLEAR,12,76
2026-08-27 09:00:00,BHEL,9,3,0,1,30.4,CLEAR,8,60
2026-08-27 09:00:00,Lingampally Station,9,3,0,1,53.2,CLEAR,13,116
2026-08-27 09:00:00,Nallagandla,9,3,0,1,34.2,CLEAR,10,81
2026-08-27 09:00:00,Tellapur,9,3,0,1,38.0,CLEAR,11,82
2026-08-27 09:00:00,Osman Nagar,9,3,0,1,22.8,CLEAR,7,40
2026-08-27 09:00:00,Patancheru,9,3,0,1,28.5,CLEAR,6,45
2026-08-27 09:00:00,HITEC City Metro Stand 2,9,3,0,1,57.0,CLEAR,15,142
2026-08-27 10:00:00,Miyapur Metro,10,3,0,1,45.6,CLEAR,12,86
2026-08-27 10:00:00,BHEL,10,3,0,1,30.4,CLEAR,8,63
2026-08-27 10:00:00,Lingampally Station,10,3,0,1,53.2,CLEAR,12,102
2026-08-27 10:00:00,Nallagandla,10,3,0,1,34.2,CLEAR,11,73
2026-08-27 10:00:00,Tellapur,10,3,0,1,38.0,CLEAR,11,85
2026-08-27 10:00:00,Osman Nagar,10,3,0,1,22.8,CLEAR,4,38
2026-08-27 10:00:00,Patancheru,10,3,0,1,28.5,CLEAR,9,47
2026-08-27 10:00:00,HITEC City Metro Stand 2,10,3,0,1,57.0,CLEAR,17,134
2026-08-27 11:00:00,Miyapur Metro,11,3,0,1,45.6,CLEAR,13,73
2026-08-27 11:00:00,BHEL,11,3,0,1,30.4,CLEAR,9,53
2026-08-27 11:00:00,Lingampally Station,11,3,0,1,53.2,CLEAR,12,101
2026-08-27 11:00:00,Nallagandla,11,3,0,1,34.2,CLEAR,10,82
2026-08-27 11:00:00,Tellapur,11,3,0,1,38.0,CLEAR,10,80
2026-08-27 11:00:00,Osman Nagar,11,3,0,1,22.8,CLEAR,7,38
2026-08-27 11:00:00,Patancheru,11,3,0,1,28.5,CLEAR,9,47
2026-08-27 11:00:00,HITEC City Metro Stand 2,11,3,0,1,57.0,CLEAR,14,149
2026-08-27 12:00:00,Miyapur Metro,12,3,0,0,20.4,CLEAR,7,23
2026-08-27 12:00:00,BHEL,12,3,0,0,13.6,CLEAR,5,16
2026-08-27 12:00:00,Lingampally Station,12,3,0,0,23.8,CLEAR,6,24
2026-08-27 12:00:00,Nallagandla,12,3,0,0,15.3,CLEAR,4,17
2026-08-27 12:00:00,Tellapur,12,3,0,0,17.0,CLEAR,3,18
2026-08-27 12:00:00,Osman Nagar,12,3,0,0,10.2,CLEAR,2,12
2026-08-27 12:00:00,Patancheru,12,3,0,0,12.8,CLEAR,3,15
2026-08-27 12:00:00,HITEC City Metro Stand 2,12,3,0,0,25.5,CLEAR,9,27
2026-08-27 13:00:00,Miyapur Metro,13,3,0,0,20.4,CLEAR,5,24
2026-08-27 13:00:00,BHEL,13,3,0,0,13.6,CLEAR,3,15
2026-08-27 13:00:00,Lingampally Station,13,3,0,0,23.8,CLEAR,7,27
2026-08-27 13:00:00,Nallagandla,13,3,0,0,15.3,CLEAR,7,19
2026-08-27 13:00:00,Tellapur,13,3,0,0,17.0,CLEAR,3,17
2026-08-27 13:00:00,Osman Nagar,13,3,0,0,10.2,CLEAR,5,13
2026-08-27 13:00:00,Patancheru,13,3,0,0,12.8,CLEAR,1,14
2026-08-27 13:00:00,HITEC City Metro Stand 2,13,3,0,0,25.5,CLEAR,8,29
2026-08-27 14:00:00,Miyapur Metro,14,3,0,0,20.4,CLEAR,7,23
2026-08-27 14:00:00,BHEL,14,3,0,0,13.6,CLEAR,4,15
2026-08-27 14:00:00,Lingampally Station,14,3,0,0,23.8,CLEAR,5,28
2026-08-27 14:00:00,Nallagandla,14,3,0,0,15.3,CLEAR,2,17
2026-08-27 14:00:00,Tellapur,14,3,0,0,17.0,CLEAR,4,21
2026-08-27 14:00:00,Osman Nagar,14,3,0,0,10.2,CLEAR,1,10
2026-08-27 14:00:00,Patancheru,14,3,0,0,12.8,CLEAR,6,15
2026-08-27 14:00:00,HITEC City Metro Stand 2,14,3,0,0,25.5,CLEAR,7,29
2026-08-27 15:00:00,Miyapur Metro,15,3,0,0,20.4,CLEAR,6,23
2026-08-27 15:00:00,BHEL,15,3,0,0,13.6,CLEAR,5,17
2026-08-27 15:00:00,Lingampally Station,15,3,0,0,23.8,CLEAR,7,24
2026-08-27 15:00:00,Nallagandla,15,3,0,0,15.3,CLEAR,4,17
2026-08-27 15:00:00,Tellapur,15,3,0,0,17.0,CLEAR,4,18
2026-08-27 15:00:00,Osman Nagar,15,3,0,0,10.2,CLEAR,5,12
2026-08-27 15:00:00,Patancheru,15,3,0,0,12.8,CLEAR,2,13
2026-08-27 15:00:00,HITEC City Metro Stand 2,15,3,0,0,25.5,CLEAR,8,28
2026-08-27 16:00:00,Miyapur Metro,16,3,0,0,20.4,CLEAR,5,24
2026-08-27 16:00:00,BHEL,16,3,0,0,13.6,CLEAR,2,14
2026-08-27 16:00:00,Lingampally Station,16,3,0,0,23.8,CLEAR,8,29
2026-08-27 16:00:00,Nallagandla,16,3,0,0,15.3,CLEAR,4,17
2026-08-27 16:00:00,Tellapur,16,3,0,0,17.0,CLEAR,5,21
2026-08-27 16:00:00,Osman Nagar,16,3,0,0,10.2,CLEAR,4,12
2026-08-27 16:00:00,Patancheru,16,3,0,0,12.8,CLEAR,3,14
2026-08-27 16:00:00,HITEC City Metro Stand 2,16,3,0,0,25.5,CLEAR,7,30
2026-08-27 17:00:00,Miyapur Metro,17,3,0,1,50.4,CLEAR,11,117
2026-08-27 17:00:00,BHEL,17,3,0,1,33.6,CLEAR,10,54
2026-08-27 17:00:00,Lingampally Station,17,3,0,1,58.8,CLEAR,16,132
2026-08-27 17:00:00,Nallagandla,17,3,0,1,37.8,CLEAR,9,65
2026-08-27 17:00:00,Tellapur,17,3,0,1,42.0,CLEAR,10,73
2026-08-27 17:00:00,Osman Nagar,17,3,0,1,25.2,CLEAR,6,42
2026-08-27 17:00:00,Patancheru,17,3,0,1,31.5,CLEAR,9,56
2026-08-27 17:00:00,HITEC City Metro Stand 2,17,3,0,1,63.0,CLEAR,18,180
2026-08-27 18:00:00,Miyapur Metro,18,3,0,1,50.4,CLEAR,15,106
2026-08-27 18:00:00,BHEL,18,3,0,1,33.6,CLEAR,7,51
2026-08-27 18:00:00,Lingampally Station,18,3,0,1,58.8,CLEAR,15,155
2026-08-27 18:00:00,Nallagandla,18,3,0,1,37.8,CLEAR,11,64
2026-08-27 18:00:00,Tellapur,18,3,0,1,42.0,CLEAR,9,79
2026-08-27 18:00:00,Osman Nagar,18,3,0,1,25.2,CLEAR,8,43
2026-08-27 18:00:00,Patancheru,18,3,0,1,31.5,CLEAR,7,58
2026-08-27 18:00:00,HITEC City Metro Stand 2,18,3,0,1,63.0,CLEAR,18,180
2026-08-27 19:00:00,Miyapur Metro,19,3,0,1,50.4,CLEAR,12,114
2026-08-27 19:00:00,BHEL,19,3,0,1,33.6,CLEAR,9,57
2026-08-27 19:00:00,Lingampally Station,19,3,0,1,58.8,CLEAR,13,154
2026-08-27 19:00:00,Nallagandla,19,3,0,1,37.8,CLEAR,12,71
2026-08-27 19:00:00,Tellapur,19,3,0,1,42.0,CLEAR,12,89
2026-08-27 19:00:00,Osman Nagar,19,3,0,1,25.2,CLEAR,5,39
2026-08-27 19:00:00,Patancheru,19,3,0,1,31.5,CLEAR,8,54
2026-08-27 19:00:00,HITEC City Metro Stand 2,19,3,0,1,63.0,CLEAR,16,164
2026-08-27 20:00:00,Miyapur Metro,20,3,0,1,50.4,CLEAR,15,113
2026-08-27 20:00:00,BHEL,20,3,0,1,33.6,CLEAR,9,50
2026-08-27 20:00:00,Lingampally Station,20,3,0,1,58.8,CLEAR,14,150
2026-08-27 20:00:00,Nallagandla,20,3,0,1,37.8,CLEAR,12,76
2026-08-27 20:00:00,Tellapur,20,3,0,1,42.0,CLEAR,9,87
2026-08-27 20:00:00,Osman Nagar,20,3,0,1,25.2,CLEAR,7,37
2026-08-27 20:00:00,Patancheru,20,3,0,1,31.5,CLEAR,9,53
2026-08-27 20:00:00,HITEC City Metro Stand 2,20,3,0,1,63.0,CLEAR,16,166
2026-08-27 21:00:00,Miyapur Metro,21,3,0,1,50.4,CLEAR,14,128
2026-08-27 21:00:00,BHEL,21,3,0,1,33.6,CLEAR,7,51
2026-08-27 21:00:00,Lingampally Station,21,3,0,1,58.8,CLEAR,14,144
2026-08-27 21:00:00,Nallagandla,21,3,0,1,37.8,CLEAR,12,71
2026-08-27 21:00:00,Tellapur,21,3,0,1,42.0,CLEAR,13,80
2026-08-27 21:00:00,Osman Nagar,21,3,0,1,25.2,CLEAR,6,37
2026-08-27 21:00:00,Patancheru,21,3,0,1,31.5,CLEAR,7,50
2026-08-27 21:00:00,HITEC City Metro Stand 2,21,3,0,1,63.0,CLEAR,18,174
2026-08-27 22:00:00,Miyapur Metro,22,3,0,0,9.6,CLEAR,5,11
2026-08-27 22:00:00,BHEL,22,3,0,0,6.4,CLEAR,2,7
2026-08-27 22:00:00,Lingampally Station,22,3,0,0,11.2,CLEAR,4,12
2026-08-27 22:00:00,Nallagandla,22,3,0,0,7.2,CLEAR,1,7
2026-08-27 22:00:00,Tellapur,22,3,0,0,8.0,CLEAR,1,8
2026-08-27 22:00:00,Osman Nagar,22,3,0,0,4.8,CLEAR,4,6
2026-08-27 22:00:00,Patancheru,22,3,0,0,6.0,CLEAR,4,8
2026-08-27 22:00:00,HITEC City Metro Stand 2,22,3,0,0,12.0,CLEAR,5,15
2026-08-27 23:00:00,Miyapur Metro,23,3,0,0,9.6,CLEAR,4,11
2026-08-27 23:00:00,BHEL,23,3,0,0,6.4,CLEAR,1,7
2026-08-27 23:00:00,Lingampally Station,23,3,0,0,11.2,CLEAR,5,12
2026-08-27 23:00:00,Nallagandla,23,3,0,0,7.2,CLEAR,4,10
2026-08-27 23:00:00,Tellapur,23,3,0,0,8.0,CLEAR,3,10
2026-08-27 23:00:00,Osman Nagar,23,3,0,0,4.8,CLEAR,0,5
2026-08-27 23:00:00,Patancheru,23,3,0,0,6.0,CLEAR,0,6
2026-08-27 23:00:00,HITEC City Metro Stand 2,23,3,0,0,12.0,CLEAR,6,15
2026-08-28 00:00:00,Miyapur Metro,0,4,0,0,3.6,CLEAR,2,5
2026-08-28 00:00:00,BHEL,0,4,0,0,2.4,CLEAR,0,2
2026-08-28 00:00:00,Lingampally Station,0,4,0,0,4.2,CLEAR,3,6
2026-08-28 00:00:00,Nallagandla,0,4,0,0,2.7,CLEAR,1,3
2026-08-28 00:00:00,Tellapur,0,4,0,0,3.0,CLEAR,0,3
2026-08-28 00:00:00,Osman Nagar,0,4,0,0,1.8,CLEAR,3,3
2026-08-28 00:00:00,Patancheru,0,4,0,0,2.2,CLEAR,0,2
2026-08-28 00:00:00,HITEC City Metro Stand 2,0,4,0,0,4.5,CLEAR,0,5
2026-08-28 01:00:00,Miyapur Metro,1,4,0,0,3.6,CLEAR,3,5
2026-08-28 01:00:00,BHEL,1,4,0,0,2.4,CLEAR,1,3
2026-08-28 01:00:00,Lingampally Station,1,4,0,0,4.2,CLEAR,2,5
2026-08-28 01:00:00,Nallagandla,1,4,0,0,2.7,CLEAR,3,4
2026-08-28 01:00:00,Tellapur,1,4,0,0,3.0,CLEAR,0,3
2026-08-28 01:00:00,Osman Nagar,1,4,0,0,1.8,CLEAR,1,2
2026-08-28 01:00:00,Patancheru,1,4,0,0,2.2,CLEAR,3,3
2026-08-28 01:00:00,HITEC City Metro Stand 2,1,4,0,0,4.5,CLEAR,3,6
2026-08-28 02:00:00,Miyapur Metro,2,4,0,0,3.6,CLEAR,3,4
2026-08-28 02:00:00,BHEL,2,4,0,0,2.4,CLEAR,2,3
2026-08-28 02:00:00,Lingampally Station,2,4,0,0,4.2,CLEAR,0,4
2026-08-28 02:00:00,Nallagandla,2,4,0,0,2.7,CLEAR,3,4
2026-08-28 02:00:00,Tellapur,2,4,0,0,3.0,CLEAR,0,3
2026-08-28 02:00:00,Osman Nagar,2,4,0,0,1.8,CLEAR,3,3
2026-08-28 02:00:00,Patancheru,2,4,0,0,2.2,CLEAR,0,2
2026-08-28 02:00:00,HITEC City Metro Stand 2,2,4,0,0,4.5,CLEAR,4,7
2026-08-28 03:00:00,Miyapur Metro,3,4,0,0,3.6,CLEAR,3,5
2026-08-28 03:00:00,BHEL,3,4,0,0,2.4,CLEAR,0,2
2026-08-28 03:00:00,Lingampally Station,3,4,0,0,4.2,CLEAR,2,5
2026-08-28 03:00:00,Nallagandla,3,4,0,0,2.7,CLEAR,0,3
2026-08-28 03:00:00,Tellapur,3,4,0,0,3.0,CLEAR,0,3
2026-08-28 03:00:00,Osman Nagar,3,4,0,0,1.8,CLEAR,1,2
2026-08-28 03:00:00,Patancheru,3,4,0,0,2.2,CLEAR,1,3
2026-08-28 03:00:00,HITEC City Metro Stand 2,3,4,0,0,4.5,CLEAR,0,4
2026-08-28 04:00:00,Miyapur Metro,4,4,0,0,3.6,CLEAR,0,3
2026-08-28 04:00:00,BHEL,4,4,0,0,2.4,CLEAR,1,3
2026-08-28 04:00:00,Lingampally Station,4,4,0,0,4.2,CLEAR,1,5
2026-08-28 04:00:00,Nallagandla,4,4,0,0,2.7,CLEAR,1,3
2026-08-28 04:00:00,Tellapur,4,4,0,0,3.0,CLEAR,0,3
2026-08-28 04:00:00,Osman Nagar,4,4,0,0,1.8,CLEAR,2,3
2026-08-28 04:00:00,Patancheru,4,4,0,0,2.2,CLEAR,3,3
2026-08-28 04:00:00,HITEC City Metro Stand 2,4,4,0,0,4.5,CLEAR,2,5
2026-08-28 05:00:00,Miyapur Metro,5,4,0,0,14.4,CLEAR,4,16
2026-08-28 05:00:00,BHEL,5,4,0,0,9.6,CLEAR,1,11
2026-08-28 05:00:00,Lingampally Station,5,4,0,0,16.8,CLEAR,6,20
2026-08-28 05:00:00,Nallagandla,5,4,0,0,10.8,CLEAR,3,13
2026-08-28 05:00:00,Tellapur,5,4,0,0,12.0,CLEAR,3,13
2026-08-28 05:00:00,Osman Nagar,5,4,0,0,7.2,CLEAR,1,7
2026-08-28 05:00:00,Patancheru,5,4,0,0,9.0,CLEAR,3,11
2026-08-28 05:00:00,HITEC City Metro Stand 2,5,4,0,0,18.0,CLEAR,6,19
2026-08-28 06:00:00,Miyapur Metro,6,4,0,0,14.4,CLEAR,5,16
2026-08-28 06:00:00,BHEL,6,4,0,0,9.6,CLEAR,2,10
2026-08-28 06:00:00,Lingampally Station,6,4,0,0,16.8,CLEAR,4,18
2026-08-28 06:00:00,Nallagandla,6,4,0,0,10.8,CLEAR,5,12
2026-08-28 06:00:00,Tellapur,6,4,0,0,12.0,CLEAR,5,14
2026-08-28 06:00:00,Osman Nagar,6,4,0,0,7.2,CLEAR,4,9
2026-08-28 06:00:00,Patancheru,6,4,0,0,9.0,CLEAR,2,10
2026-08-28 06:00:00,HITEC City Metro Stand 2,6,4,0,0,18.0,CLEAR,3,18
2026-08-28 07:00:00,Miyapur Metro,7,4,0,0,14.4,CLEAR,5,18
2026-08-28 07:00:00,BHEL,7,4,0,0,9.6,CLEAR,3,11
2026-08-28 07:00:00,Lingampally Station,7,4,0,0,16.8,CLEAR,5,17
2026-08-28 07:00:00,Nallagandla,7,4,0,0,10.8,CLEAR,4,13
2026-08-28 07:00:00,Tellapur,7,4,0,0,12.0,CLEAR,1,13
2026-08-28 07:00:00,Osman Nagar,7,4,0,0,7.2,CLEAR,4,9
2026-08-28 07:00:00,Patancheru,7,4,0,0,9.0,CLEAR,3,11
2026-08-28 07:00:00,HITEC City Metro Stand 2,7,4,0,0,18.0,CLEAR,5,20
2026-08-28 08:00:00,Miyapur Metro,8,4,0,1,45.6,CLEAR,10,72
2026-08-28 08:00:00,BHEL,8,4,0,1,30.4,CLEAR,8,63
2026-08-28 08:00:00,Lingampally Station,8,4,0,1,53.2,CLEAR,12,119
2026-08-28 08:00:00,Nallagandla,8,4,0,1,34.2,CLEAR,11,74
2026-08-28 08:00:00,Tellapur,8,4,0,1,38.0,CLEAR,9,92
2026-08-28 08:00:00,Osman Nagar,8,4,0,1,22.8,CLEAR,8,38
2026-08-28 08:00:00,Patancheru,8,4,0,1,28.5,CLEAR,5,52
2026-08-28 08:00:00,HITEC City Metro Stand 2,8,4,0,1,57.0,CLEAR,13,140
2026-08-28 09:00:00,Miyapur Metro,9,4,0,1,45.6,CLEAR,12,73
2026-08-28 09:00:00,BHEL,9,4,0,1,30.4,CLEAR,7,55
2026-08-28 09:00:00,Lingampally Station,9,4,0,1,53.2,CLEAR,15,108
2026-08-28 09:00:00,Nallagandla,9,4,0,1,34.2,CLEAR,8,70
2026-08-28 09:00:00,Tellapur,9,4,0,1,38.0,CLEAR,11,92
2026-08-28 09:00:00,Osman Nagar,9,4,0,1,22.8,CLEAR,4,43
2026-08-28 09:00:00,Patancheru,9,4,0,1,28.5,CLEAR,6,44
2026-08-28 09:00:00,HITEC City Metro Stand 2,9,4,0,1,57.0,CLEAR,13,150
2026-08-28 10:00:00,Miyapur Metro,10,4,0,1,45.6,CLEAR,13,78
2026-08-28 10:00:00,BHEL,10,4,0,1,30.4,CLEAR,6,62
2026-08-28 10:00:00,Lingampally Station,10,4,0,1,53.2,CLEAR,14,105
2026-08-28 10:00:00,Nallagandla,10,4,0,1,34.2,CLEAR,10,81
2026-08-28 10:00:00,Tellapur,10,4,0,1,38.0,CLEAR,8,90
2026-08-28 10:00:00,Osman Nagar,10,4,0,1,22.8,CLEAR,5,40
2026-08-28 10:00:00,Patancheru,10,4,0,1,28.5,CLEAR,8,44
2026-08-28 10:00:00,HITEC City Metro Stand 2,10,4,0,1,57.0,CLEAR,14,135
2026-08-28 11:00:00,Miyapur Metro,11,4,0,1,45.6,CLEAR,11,81
2026-08-28 11:00:00,BHEL,11,4,0,1,30.4,CLEAR,8,56
2026-08-28 11:00:00,Lingampally Station,11,4,0,1,53.2,CLEAR,12,123
2026-08-28 11:00:00,Nallagandla,11,4,0,1,34.2,CLEAR,9,76
2026-08-28 11:00:00,Tellapur,11,4,0,1,38.0,CLEAR,12,90
2026-08-28 11:00:00,Osman Nagar,11,4,0,1,22.8,CLEAR,5,37
2026-08-28 11:00:00,Patancheru,11,4,0,1,28.5,CLEAR,8,48
2026-08-28 11:00:00,HITEC City Metro Stand 2,11,4,0,1,57.0,CLEAR,14,145
2026-08-28 12:00:00,Miyapur Metro,12,4,0,0,20.4,CLEAR,4,21
2026-08-28 12:00:00,BHEL,12,4,0,0,13.6,CLEAR,6,16
2026-08-28 12:00:00,Lingampally Station,12,4,0,0,23.8,CLEAR,5,25
2026-08-28 12:00:00,Nallagandla,12,4,0,0,15.3,CLEAR,5,18
2026-08-28 12:00:00,Tellapur,12,4,0,0,17.0,CLEAR,4,20
2026-08-28 12:00:00,Osman Nagar,12,4,0,0,10.2,CLEAR,5,11
2026-08-28 12:00:00,Patancheru,12,4,0,0,12.8,CLEAR,2,15
2026-08-28 12:00:00,HITEC City Metro Stand 2,12,4,0,0,25.5,CLEAR,7,27
2026-08-28 13:00:00,Miyapur Metro,13,4,0,0,20.4,CLEAR,4,23
2026-08-28 13:00:00,BHEL,13,4,0,0,13.6,CLEAR,4,16
2026-08-28 13:00:00,Lingampally Station,13,4,0,0,23.8,CLEAR,7,25
2026-08-28 13:00:00,Nallagandla,13,4,0,0,15.3,CLEAR,6,17
2026-08-28 13:00:00,Tellapur,13,4,0,0,17.0,CLEAR,4,18
2026-08-28 13:00:00,Osman Nagar,13,4,0,0,10.2,CLEAR,1,10
2026-08-28 13:00:00,Patancheru,13,4,0,0,12.8,CLEAR,4,14
2026-08-28 13:00:00,HITEC City Metro Stand 2,13,4,0,0,25.5,CLEAR,4,28
2026-08-28 14:00:00,Miyapur Metro,14,4,0,0,20.4,CLEAR,7,25
2026-08-28 14:00:00,BHEL,14,4,0,0,13.6,CLEAR,4,15
2026-08-28 14:00:00,Lingampally Station,14,4,0,0,23.8,CLEAR,7,26
2026-08-28 14:00:00,Nallagandla,14,4,0,0,15.3,CLEAR,5,18
2026-08-28 14:00:00,Tellapur,14,4,0,0,17.0,CLEAR,7,22
2026-08-28 14:00:00,Osman Nagar,14,4,0,0,10.2,CLEAR,1,10
2026-08-28 14:00:00,Patancheru,14,4,0,0,12.8,CLEAR,5,15
2026-08-28 14:00:00,HITEC City Metro Stand 2,14,4,0,0,25.5,CLEAR,8,27
2026-08-28 15:00:00,Miyapur Metro,15,4,0,0,20.4,CLEAR,7,22
2026-08-28 15:00:00,BHEL,15,4,0,0,13.6,CLEAR,4,17
2026-08-28 15:00:00,Lingampally Station,15,4,0,0,23.8,CLEAR,4,25
2026-08-28 15:00:00,Nallagandla,15,4,0,0,15.3,CLEAR,3,18
2026-08-28 15:00:00,Tellapur,15,4,0,0,17.0,CLEAR,5,20
2026-08-28 15:00:00,Osman Nagar,15,4,0,0,10.2,CLEAR,3,11
2026-08-28 15:00:00,Patancheru,15,4,0,0,12.8,CLEAR,3,14
2026-08-28 15:00:00,HITEC City Metro Stand 2,15,4,0,0,25.5,CLEAR,6,31
2026-08-28 16:00:00,Miyapur Metro,16,4,0,0,20.4,CLEAR,6,23
2026-08-28 16:00:00,BHEL,16,4,0,0,13.6,CLEAR,4,15
2026-08-28 16:00:00,Lingampally Station,16,4,0,0,23.8,CLEAR,7,25
2026-08-28 16:00:00,Nallagandla,16,4,0,0,15.3,CLEAR,4,16
2026-08-28 16:00:00,Tellapur,16,4,0,0,17.0,CLEAR,5,20
2026-08-28 16:00:00,Osman Nagar,16,4,0,0,10.2,CLEAR,3,11
2026-08-28 16:00:00,Patancheru,16,4,0,0,12.8,CLEAR,4,16
2026-08-28 16:00:00,HITEC City Metro Stand 2,16,4,0,0,25.5,CLEAR,9,31
2026-08-28 17:00:00,Miyapur Metro,17,4,0,1,50.4,CLEAR,15,109
2026-08-28 17:00:00,BHEL,17,4,0,1,33.6,CLEAR,9,58
2026-08-28 17:00:00,Lingampally Station,17,4,0,1,58.8,CLEAR,13,139
2026-08-28 17:00:00,Nallagandla,17,4,0,1,37.8,CLEAR,8,62
2026-08-28 17:00:00,Tellapur,17,4,0,1,42.0,CLEAR,13,78
2026-08-28 17:00:00,Osman Nagar,17,4,0,1,25.2,CLEAR,5,39
2026-08-28 17:00:00,Patancheru,17,4,0,1,31.5,CLEAR,9,53
2026-08-28 17:00:00,HITEC City Metro Stand 2,17,4,0,1,63.0,CLEAR,14,164
2026-08-28 18:00:00,Miyapur Metro,18,4,0,1,50.4,CLEAR,11,113
2026-08-28 18:00:00,BHEL,18,4,0,1,33.6,CLEAR,9,51
2026-08-28 18:00:00,Lingampally Station,18,4,0,1,58.8,CLEAR,16,156
2026-08-28 18:00:00,Nallagandla,18,4,0,1,37.8,CLEAR,9,73
2026-08-28 18:00:00,Tellapur,18,4,0,1,42.0,CLEAR,13,83
2026-08-28 18:00:00,Osman Nagar,18,4,0,1,25.2,CLEAR,6,39
2026-08-28 18:00:00,Patancheru,18,4,0,1,31.5,CLEAR,8,51
2026-08-28 18:00:00,HITEC City Metro Stand 2,18,4,0,1,63.0,CLEAR,16,171
2026-08-28 19:00:00,Miyapur Metro,19,4,0,1,50.4,CLEAR,11,108
2026-08-28 19:00:00,BHEL,19,4,0,1,33.6,CLEAR,10,52
2026-08-28 19:00:00,Lingampally Station,19,4,0,1,58.8,CLEAR,14,130
2026-08-28 19:00:00,Nallagandla,19,4,0,1,37.8,CLEAR,11,71
2026-08-28 19:00:00,Tellapur,19,4,0,1,42.0,CLEAR,12,78
2026-08-28 19:00:00,Osman Nagar,19,4,0,1,25.2,CLEAR,8,40
2026-08-28 19:00:00,Patancheru,19,4,0,1,31.5,CLEAR,7,57
2026-08-28 19:00:00,HITEC City Metro Stand 2,19,4,0,1,63.0,CLEAR,18,172
2026-08-28 20:00:00,Miyapur Metro,20,4,0,1,50.4,CLEAR,13,109
2026-08-28 20:00:00,BHEL,20,4,0,1,33.6,CLEAR,10,60
2026-08-28 20:00:00,Lingampally Station,20,4,0,1,58.8,CLEAR,13,151
2026-08-28 20:00:00,Nallagandla,20,4,0,1,37.8,CLEAR,8,63
2026-08-28 20:00:00,Tellapur,20,4,0,1,42.0,CLEAR,13,79
2026-08-28 20:00:00,Osman Nagar,20,4,0,1,25.2,CLEAR,9,36
2026-08-28 20:00:00,Patancheru,20,4,0,1,31.5,CLEAR,8,53
2026-08-28 20:00:00,HITEC City Metro Stand 2,20,4,0,1,63.0,CLEAR,17,160
2026-08-28 21:00:00,Miyapur Metro,21,4,0,1,50.4,CLEAR,13,108
2026-08-28 21:00:00,BHEL,21,4,0,1,33.6,CLEAR,9,53
2026-08-28 21:00:00,Lingampally Station,21,4,0,1,58.8,CLEAR,15,142
2026-08-28 21:00:00,Nallagandla,21,4,0,1,37.8,CLEAR,9,69
2026-08-28 21:00:00,Tellapur,21,4,0,1,42.0,CLEAR,11,87
2026-08-28 21:00:00,Osman Nagar,21,4,0,1,25.2,CLEAR,9,43
2026-08-28 21:00:00,Patancheru,21,4,0,1,31.5,CLEAR,11,59
2026-08-28 21:00:00,HITEC City Metro Stand 2,21,4,0,1,63.0,CLEAR,17,178
2026-08-28 22:00:00,Miyapur Metro,22,4,0,0,9.6,CLEAR,3,11
2026-08-28 22:00:00,BHEL,22,4,0,0,6.4,CLEAR,4,8
2026-08-28 22:00:00,Lingampally Station,22,4,0,0,11.2,CLEAR,4,13
2026-08-28 22:00:00,Nallagandla,22,4,0,0,7.2,CLEAR,2,7
2026-08-28 22:00:00,Tellapur,22,4,0,0,8.0,CLEAR,2,9
2026-08-28 22:00:00,Osman Nagar,22,4,0,0,4.8,CLEAR,3,6
2026-08-28 22:00:00,Patancheru,22,4,0,0,6.0,CLEAR,1,7
2026-08-28 22:00:00,HITEC City Metro Stand 2,22,4,0,0,12.0,CLEAR,6,16
2026-08-28 23:00:00,Miyapur Metro,23,4,0,0,9.6,CLEAR,2,10
2026-08-28 23:00:00,BHEL,23,4,0,0,6.4,CLEAR,3,7
2026-08-28 23:00:00,Lingampally Station,23,4,0,0,11.2,CLEAR,3,13
2026-08-28 23:00:00,Nallagandla,23,4,0,0,7.2,CLEAR,0,7
2026-08-28 23:00:00,Tellapur,23,4,0,0,8.0,CLEAR,0,8
2026-08-28 23:00:00,Osman Nagar,23,4,0,0,4.8,CLEAR,0,5
2026-08-28 23:00:00,Patancheru,23,4,0,0,6.0,CLEAR,3,7
2026-08-28 23:00:00,HITEC City Metro Stand 2,23,4,0,0,12.0,CLEAR,2,13
2026-08-29 00:00:00,Miyapur Metro,0,5,1,0,2.9,RAIN,2,5
2026-08-29 00:00:00,BHEL,0,5,1,0,1.9,RAIN,2,4
2026-08-29 00:00:00,Lingampally Station,0,5,1,0,3.4,RAIN,3,6
2026-08-29 00:00:00,Nallagandla,0,5,1,0,2.2,RAIN,3,5
2026-08-29 00:00:00,Tellapur,0,5,1,0,2.4,RAIN,2,4
2026-08-29 00:00:00,Osman Nagar,0,5,1,0,1.4,RAIN,1,2
2026-08-29 00:00:00,Patancheru,0,5,1,0,1.8,RAIN,2,3
2026-08-29 00:00:00,HITEC City Metro Stand 2,0,5,1,0,3.6,RAIN,0,4
2026-08-29 01:00:00,Miyapur Metro,1,5,1,0,2.9,RAIN,3,5
2026-08-29 01:00:00,BHEL,1,5,1,0,1.9,RAIN,2,4
2026-08-29 01:00:00,Lingampally Station,1,5,1,0,3.4,RAIN,0,5
2026-08-29 01:00:00,Nallagandla,1,5,1,0,2.2,RAIN,3,4
2026-08-29 01:00:00,Tellapur,1,5,1,0,2.4,RAIN,2,4
2026-08-29 01:00:00,Osman Nagar,1,5,1,0,1.4,RAIN,0,2
2026-08-29 01:00:00,Patancheru,1,5,1,0,1.8,RAIN,3,3
2026-08-29 01:00:00,HITEC City Metro Stand 2,1,5,1,0,3.6,RAIN,2,5
2026-08-29 02:00:00,Miyapur Metro,2,5,1,0,2.9,RAIN,3,5
2026-08-29 02:00:00,BHEL,2,5,1,0,1.9,RAIN,0,3
2026-08-29 02:00:00,Lingampally Station,2,5,1,0,3.4,RAIN,3,6
2026-08-29 02:00:00,Nallagandla,2,5,1,0,2.2,RAIN,3,4
2026-08-29 02:00:00,Tellapur,2,5,1,0,2.4,RAIN,3,4
2026-08-29 02:00:00,Osman Nagar,2,5,1,0,1.4,RAIN,3,3
2026-08-29 02:00:00,Patancheru,2,5,1,0,1.8,RAIN,0,3
2026-08-29 02:00:00,HITEC City Metro Stand 2,2,5,1,0,3.6,RAIN,1,6
2026-08-29 03:00:00,Miyapur Metro,3,5,1,0,2.9,RAIN,0,4
2026-08-29 03:00:00,BHEL,3,5,1,0,1.9,RAIN,0,2
2026-08-29 03:00:00,Lingampally Station,3,5,1,0,3.4,RAIN,1,5
2026-08-29 03:00:00,Nallagandla,3,5,1,0,2.2,RAIN,2,4
2026-08-29 03:00:00,Tellapur,3,5,1,0,2.4,RAIN,0,3
2026-08-29 03:00:00,Osman Nagar,3,5,1,0,1.4,RAIN,0,2
2026-08-29 03:00:00,Patancheru,3,5,1,0,1.8,RAIN,1,3
2026-08-29 03:00:00,HITEC City Metro Stand 2,3,5,1,0,3.6,RAIN,2,6
2026-08-29 04:00:00,Miyapur Metro,4,5,1,0,2.9,RAIN,0,4
2026-08-29 04:00:00,BHEL,4,5,1,0,1.9,RAIN,2,3
2026-08-29 04:00:00,Lingampally Station,4,5,1,0,3.4,RAIN,2,6
2026-08-29 04:00:00,Nallagandla,4,5,1,0,2.2,RAIN,2,4
2026-08-29 04:00:00,Tellapur,4,5,1,0,2.4,RAIN,0,3
2026-08-29 04:00:00,Osman Nagar,4,5,1,0,1.4,RAIN,0,2
2026-08-29 04:00:00,Patancheru,4,5,1,0,1.8,RAIN,0,3
2026-08-29 04:00:00,HITEC City Metro Stand 2,4,5,1,0,3.6,RAIN,2,6
2026-08-29 05:00:00,Miyapur Metro,5,5,1,0,11.5,RAIN,2,17
2026-08-29 05:00:00,BHEL,5,5,1,0,7.7,RAIN,1,10
2026-08-29 05:00:00,Lingampally Station,5,5,1,0,13.4,RAIN,5,19
2026-08-29 05:00:00,Nallagandla,5,5,1,0,8.6,RAIN,1,12
2026-08-29 05:00:00,Tellapur,5,5,1,0,9.6,RAIN,2,13
2026-08-29 05:00:00,Osman Nagar,5,5,1,0,5.8,RAIN,4,9
2026-08-29 05:00:00,Patancheru,5,5,1,0,7.2,RAIN,1,11
2026-08-29 05:00:00,HITEC City Metro Stand 2,5,5,1,0,14.4,RAIN,3,21
2026-08-29 06:00:00,Miyapur Metro,6,5,1,0,11.5,RAIN,4,17
2026-08-29 06:00:00,BHEL,6,5,1,0,7.7,RAIN,3,12
2026-08-29 06:00:00,Lingampally Station,6,5,1,0,13.4,RAIN,5,22
2026-08-29 06:00:00,Nallagandla,6,5,1,0,8.6,RAIN,0,13
2026-08-29 06:00:00,Tellapur,6,5,1,0,9.6,RAIN,2,14
2026-08-29 06:00:00,Osman Nagar,6,5,1,0,5.8,RAIN,1,9
2026-08-29 06:00:00,Patancheru,6,5,1,0,7.2,RAIN,2,11
2026-08-29 06:00:00,HITEC City Metro Stand 2,6,5,1,0,14.4,RAIN,6,21
2026-08-29 07:00:00,Miyapur Metro,7,5,1,0,11.5,RAIN,4,17
2026-08-29 07:00:00,BHEL,7,5,1,0,7.7,RAIN,4,13
2026-08-29 07:00:00,Lingampally Station,7,5,1,0,13.4,RAIN,2,20
2026-08-29 07:00:00,Nallagandla,7,5,1,0,8.6,RAIN,1,12
2026-08-29 07:00:00,Tellapur,7,5,1,0,9.6,RAIN,1,12
2026-08-29 07:00:00,Osman Nagar,7,5,1,0,5.8,RAIN,3,9
2026-08-29 07:00:00,Patancheru,7,5,1,0,7.2,RAIN,0,10
2026-08-29 07:00:00,HITEC City Metro Stand 2,7,5,1,0,14.4,RAIN,3,20
2026-08-29 08:00:00,Miyapur Metro,8,5,1,1,21.1,RAIN,6,44
2026-08-29 08:00:00,BHEL,8,5,1,1,14.1,RAIN,5,38
2026-08-29 08:00:00,Lingampally Station,8,5,1,1,24.6,RAIN,8,63
2026-08-29 08:00:00,Nallagandla,8,5,1,1,15.8,RAIN,4,45
2026-08-29 08:00:00,Tellapur,8,5,1,1,17.6,RAIN,6,51
2026-08-29 08:00:00,Osman Nagar,8,5,1,1,10.6,RAIN,5,26
2026-08-29 08:00:00,Patancheru,8,5,1,1,13.2,RAIN,4,28
2026-08-29 08:00:00,HITEC City Metro Stand 2,8,5,1,1,26.4,RAIN,5,94
2026-08-29 09:00:00,Miyapur Metro,9,5,1,1,21.1,RAIN,6,49
2026-08-29 09:00:00,BHEL,9,5,1,1,14.1,RAIN,4,35
2026-08-29 09:00:00,Lingampally Station,9,5,1,1,24.6,RAIN,8,67
2026-08-29 09:00:00,Nallagandla,9,5,1,1,15.8,RAIN,4,45
2026-08-29 09:00:00,Tellapur,9,5,1,1,17.6,RAIN,6,53
2026-08-29 09:00:00,Osman Nagar,9,5,1,1,10.6,RAIN,6,29
2026-08-29 09:00:00,Patancheru,9,5,1,1,13.2,RAIN,5,33
2026-08-29 09:00:00,HITEC City Metro Stand 2,9,5,1,1,26.4,RAIN,7,88
2026-08-29 10:00:00,Miyapur Metro,10,5,1,1,21.1,RAIN,7,53
2026-08-29 10:00:00,BHEL,10,5,1,1,14.1,RAIN,4,33
2026-08-29 10:00:00,Lingampally Station,10,5,1,1,24.6,RAIN,7,76
2026-08-29 10:00:00,Nallagandla,10,5,1,1,15.8,RAIN,6,52
2026-08-29 10:00:00,Tellapur,10,5,1,1,17.6,RAIN,7,52
2026-08-29 10:00:00,Osman Nagar,10,5,1,1,10.6,RAIN,6,28
2026-08-29 10:00:00,Patancheru,10,5,1,1,13.2,RAIN,2,29
2026-08-29 10:00:00,HITEC City Metro Stand 2,10,5,1,1,26.4,RAIN,9,99
2026-08-29 11:00:00,Miyapur Metro,11,5,1,1,21.1,RAIN,5,51
2026-08-29 11:00:00,BHEL,11,5,1,1,14.1,RAIN,6,37
2026-08-29 11:00:00,Lingampally Station,11,5,1,1,24.6,RAIN,5,62
2026-08-29 11:00:00,Nallagandla,11,5,1,1,15.8,RAIN,3,50
2026-08-29 11:00:00,Tellapur,11,5,1,1,17.6,RAIN,4,50
2026-08-29 11:00:00,Osman Nagar,11,5,1,1,10.6,RAIN,2,24
2026-08-29 11:00:00,Patancheru,11,5,1,1,13.2,RAIN,2,28
2026-08-29 11:00:00,HITEC City Metro Stand 2,11,5,1,1,26.4,RAIN,8,96
2026-08-29 12:00:00,Miyapur Metro,12,5,1,0,16.3,RAIN,4,24
2026-08-29 12:00:00,BHEL,12,5,1,0,10.9,RAIN,2,16
2026-08-29 12:00:00,Lingampally Station,12,5,1,0,19.0,RAIN,6,29
2026-08-29 12:00:00,Nallagandla,12,5,1,0,12.2,RAIN,6,20
2026-08-29 12:00:00,Tellapur,12,5,1,0,13.6,RAIN,6,22
2026-08-29 12:00:00,Osman Nagar,12,5,1,0,8.2,RAIN,4,12
2026-08-29 12:00:00,Patancheru,12,5,1,0,10.2,RAIN,1,15
2026-08-29 12:00:00,HITEC City Metro Stand 2,12,5,1,0,20.4,RAIN,4,31
2026-08-29 13:00:00,Miyapur Metro,13,5,1,0,16.3,RAIN,7,27
2026-08-29 13:00:00,BHEL,13,5,1,0,10.9,RAIN,4,16
2026-08-29 13:00:00,Lingampally Station,13,5,1,0,19.0,RAIN,5,25
2026-08-29 13:00:00,Nallagandla,13,5,1,0,12.2,RAIN,3,19
2026-08-29 13:00:00,Tellapur,13,5,1,0,13.6,RAIN,4,19
2026-08-29 13:00:00,Osman Nagar,13,5,1,0,8.2,RAIN,3,13
2026-08-29 13:00:00,Patancheru,13,5,1,0,10.2,RAIN,2,14
2026-08-29 13:00:00,HITEC City Metro Stand 2,13,5,1,0,20.4,RAIN,7,31
2026-08-29 14:00:00,Miyapur Metro,14,5,1,0,16.3,RAIN,6,27
2026-08-29 14:00:00,BHEL,14,5,1,0,10.9,RAIN,4,15
2026-08-29 14:00:00,Lingampally Station,14,5,1,0,19.0,RAIN,4,26
2026-08-29 14:00:00,Nallagandla,14,5,1,0,12.2,RAIN,3,17
2026-08-29 14:00:00,Tellapur,14,5,1,0,13.6,RAIN,5,20
2026-08-29 14:00:00,Osman Nagar,14,5,1,0,8.2,RAIN,1,11
2026-08-29 14:00:00,Patancheru,14,5,1,0,10.2,RAIN,5,14
2026-08-29 14:00:00,HITEC City Metro Stand 2,14,5,1,0,20.4,RAIN,8,31
2026-08-29 15:00:00,Miyapur Metro,15,5,1,0,16.3,RAIN,3,24
2026-08-29 15:00:00,BHEL,15,5,1,0,10.9,RAIN,5,17
2026-08-29 15:00:00,Lingampally Station,15,5,1,0,19.0,RAIN,3,28
2026-08-29 15:00:00,Nallagandla,15,5,1,0,12.2,RAIN,2,19
2026-08-29 15:00:00,Tellapur,15,5,1,0,13.6,RAIN,5,19
2026-08-29 15:00:00,Osman Nagar,15,5,1,0,8.2,RAIN,2,12
2026-08-29 15:00:00,Patancheru,15,5,1,0,10.2,RAIN,2,15
2026-08-29 15:00:00,HITEC City Metro Stand 2,15,5,1,0,20.4,RAIN,6,33
2026-08-29 16:00:00,Miyapur Metro,16,5,1,0,16.3,RAIN,4,25
2026-08-29 16:00:00,BHEL,16,5,1,0,10.9,RAIN,2,15
2026-08-29 16:00:00,Lingampally Station,16,5,1,0,19.0,RAIN,6,29
2026-08-29 16:00:00,Nallagandla,16,5,1,0,12.2,RAIN,5,18
2026-08-29 16:00:00,Tellapur,16,5,1,0,13.6,RAIN,3,20
2026-08-29 16:00:00,Osman Nagar,16,5,1,0,8.2,RAIN,2,12
2026-08-29 16:00:00,Patancheru,16,5,1,0,10.2,RAIN,2,16
2026-08-29 16:00:00,HITEC City Metro Stand 2,16,5,1,0,20.4,RAIN,8,31
2026-08-29 17:00:00,Miyapur Metro,17,5,1,1,25.0,RAIN,6,80
2026-08-29 17:00:00,BHEL,17,5,1,1,16.6,RAIN,3,34
2026-08-29 17:00:00,Lingampally Station,17,5,1,1,29.1,RAIN,10,97
2026-08-29 17:00:00,Nallagandla,17,5,1,1,18.7,RAIN,4,48
2026-08-29 17:00:00,Tellapur,17,5,1,1,20.8,RAIN,7,53
2026-08-29 17:00:00,Osman Nagar,17,5,1,1,12.5,RAIN,1,23
2026-08-29 17:00:00,Patancheru,17,5,1,1,15.6,RAIN,3,35
2026-08-29 17:00:00,HITEC City Metro Stand 2,17,5,1,1,31.2,RAIN,8,119
2026-08-29 18:00:00,Miyapur Metro,18,5,1,1,25.0,RAIN,8,74
2026-08-29 18:00:00,BHEL,18,5,1,1,16.6,RAIN,4,34
2026-08-29 18:00:00,Lingampally Station,18,5,1,1,29.1,RAIN,9,96
2026-08-29 18:00:00,Nallagandla,18,5,1,1,18.7,RAIN,4,44
2026-08-29 18:00:00,Tellapur,18,5,1,1,20.8,RAIN,3,50
2026-08-29 18:00:00,Osman Nagar,18,5,1,1,12.5,RAIN,4,26
2026-08-29 18:00:00,Patancheru,18,5,1,1,15.6,RAIN,4,32
2026-08-29 18:00:00,HITEC City Metro Stand 2,18,5,1,1,31.2,RAIN,9,104
2026-08-29 19:00:00,Miyapur Metro,19,5,1,1,25.0,RAIN,5,70
2026-08-29 19:00:00,BHEL,19,5,1,1,16.6,RAIN,6,37
2026-08-29 19:00:00,Lingampally Station,19,5,1,1,29.1,RAIN,7,90
2026-08-29 19:00:00,Nallagandla,19,5,1,1,18.7,RAIN,8,48
2026-08-29 19:00:00,Tellapur,19,5,1,1,20.8,RAIN,4,56
2026-08-29 19:00:00,Osman Nagar,19,5,1,1,12.5,RAIN,5,27
2026-08-29 19:00:00,Patancheru,19,5,1,1,15.6,RAIN,5,36
2026-08-29 19:00:00,HITEC City Metro Stand 2,19,5,1,1,31.2,RAIN,6,106
2026-08-29 20:00:00,Miyapur Metro,20,5,1,1,25.0,RAIN,5,85
2026-08-29 20:00:00,BHEL,20,5,1,1,16.6,RAIN,5,39
2026-08-29 20:00:00,Lingampally Station,20,5,1,1,29.1,RAIN,7,104
2026-08-29 20:00:00,Nallagandla,20,5,1,1,18.7,RAIN,3,49
2026-08-29 20:00:00,Tellapur,20,5,1,1,20.8,RAIN,7,53
2026-08-29 20:00:00,Osman Nagar,20,5,1,1,12.5,RAIN,1,27
2026-08-29 20:00:00,Patancheru,20,5,1,1,15.6,RAIN,3,36
2026-08-29 20:00:00,HITEC City Metro Stand 2,20,5,1,1,31.2,RAIN,10,118
2026-08-29 21:00:00,Miyapur Metro,21,5,1,1,25.0,RAIN,6,71
2026-08-29 21:00:00,BHEL,21,5,1,1,16.6,RAIN,3,33
2026-08-29 21:00:00,Lingampally Station,21,5,1,1,29.1,RAIN,7,94
2026-08-29 21:00:00,Nallagandla,21,5,1,1,18.7,RAIN,7,44
2026-08-29 21:00:00,Tellapur,21,5,1,1,20.8,RAIN,7,52
2026-08-29 21:00:00,Osman Nagar,21,5,1,1,12.5,RAIN,3,26
2026-08-29 21:00:00,Patancheru,21,5,1,1,15.6,RAIN,4,37
2026-08-29 21:00:00,HITEC City Metro Stand 2,21,5,1,1,31.2,RAIN,10,105
2026-08-29 22:00:00,Miyapur Metro,22,5,1,0,7.7,RAIN,3,12
2026-08-29 22:00:00,BHEL,22,5,1,0,5.1,RAIN,4,9
2026-08-29 22:00:00,Lingampally Station,22,5,1,0,9.0,RAIN,2,13
2026-08-29 22:00:00,Nallagandla,22,5,1,0,5.8,RAIN,0,8
2026-08-29 22:00:00,Tellapur,22,5,1,0,6.4,RAIN,0,8
2026-08-29 22:00:00,Osman Nagar,22,5,1,0,3.8,RAIN,2,7
2026-08-29 22:00:00,Patancheru,22,5,1,0,4.8,RAIN,1,7
2026-08-29 22:00:00,HITEC City Metro Stand 2,22,5,1,0,9.6,RAIN,0,13
2026-08-29 23:00:00,Miyapur Metro,23,5,1,0,7.7,RAIN,0,10
2026-08-29 23:00:00,BHEL,23,5,1,0,5.1,RAIN,3,9
2026-08-29 23:00:00,Lingampally Station,23,5,1,0,9.0,RAIN,3,14
2026-08-29 23:00:00,Nallagandla,23,5,1,0,5.8,RAIN,1,8
2026-08-29 23:00:00,Tellapur,23,5,1,0,6.4,RAIN,4,9
2026-08-29 23:00:00,Osman Nagar,23,5,1,0,3.8,RAIN,1,5
2026-08-29 23:00:00,Patancheru,23,5,1,0,4.8,RAIN,1,7
2026-08-29 23:00:00,HITEC City Metro Stand 2,23,5,1,0,9.6,RAIN,4,14
2026-08-30 00:00:00,Miyapur Metro,0,6,1,0,2.9,CLEAR,2,4
2026-08-30 00:00:00,BHEL,0,6,1,0,1.9,CLEAR,0,2
2026-08-30 00:00:00,Lingampally Station,0,6,1,0,3.4,CLEAR,4,5
2026-08-30 00:00:00,Nallagandla,0,6,1,0,2.2,CLEAR,1,3
2026-08-30 00:00:00,Tellapur,0,6,1,0,2.4,CLEAR,0,3
2026-08-30 00:00:00,Osman Nagar,0,6,1,0,1.4,CLEAR,0,1
2026-08-30 00:00:00,Patancheru,0,6,1,0,1.8,CLEAR,0,2
2026-08-30 00:00:00,HITEC City Metro Stand 2,0,6,1,0,3.6,CLEAR,0,4
2026-08-30 01:00:00,Miyapur Metro,1,6,1,0,2.9,CLEAR,0,3
2026-08-30 01:00:00,BHEL,1,6,1,0,1.9,CLEAR,1,3
2026-08-30 01:00:00,Lingampally Station,1,6,1,0,3.4,CLEAR,0,4
2026-08-30 01:00:00,Nallagandla,1,6,1,0,2.2,CLEAR,1,3
2026-08-30 01:00:00,Tellapur,1,6,1,0,2.4,CLEAR,0,3
2026-08-30 01:00:00,Osman Nagar,1,6,1,0,1.4,CLEAR,0,1
2026-08-30 01:00:00,Patancheru,1,6,1,0,1.8,CLEAR,3,3
2026-08-30 01:00:00,HITEC City Metro Stand 2,1,6,1,0,3.6,CLEAR,0,4
2026-08-30 02:00:00,Miyapur Metro,2,6,1,0,2.9,CLEAR,2,4
2026-08-30 02:00:00,BHEL,2,6,1,0,1.9,CLEAR,0,2
2026-08-30 02:00:00,Lingampally Station,2,6,1,0,3.4,CLEAR,3,5
2026-08-30 02:00:00,Nallagandla,2,6,1,0,2.2,CLEAR,1,3
2026-08-30 02:00:00,Tellapur,2,6,1,0,2.4,CLEAR,1,3
2026-08-30 02:00:00,Osman Nagar,2,6,1,0,1.4,CLEAR,0,1
2026-08-30 02:00:00,Patancheru,2,6,1,0,1.8,CLEAR,0,2
2026-08-30 02:00:00,HITEC City Metro Stand 2,2,6,1,0,3.6,CLEAR,4,5
2026-08-30 03:00:00,Miyapur Metro,3,6,1,0,2.9,CLEAR,0,3
2026-08-30 03:00:00,BHEL,3,6,1,0,1.9,CLEAR,0,2
2026-08-30 03:00:00,Lingampally Station,3,6,1,0,3.4,CLEAR,1,4
2026-08-30 03:00:00,Nallagandla,3,6,1,0,2.2,CLEAR,3,3
2026-08-30 03:00:00,Tellapur,3,6,1,0,2.4,CLEAR,3,3
2026-08-30 03:00:00,Osman Nagar,3,6,1,0,1.4,CLEAR,0,1
2026-08-30 03:00:00,Patancheru,3,6,1,0,1.8,CLEAR,0,2
2026-08-30 03:00:00,HITEC City Metro Stand 2,3,6,1,0,3.6,CLEAR,0,4
2026-08-30 04:00:00,Miyapur Metro,4,6,1,0,2.9,CLEAR,1,3
2026-08-30 04:00:00,BHEL,4,6,1,0,1.9,CLEAR,3,3
2026-08-30 04:00:00,Lingampally Station,4,6,1,0,3.4,CLEAR,2,4
2026-08-30 04:00:00,Nallagandla,4,6,1,0,2.2,CLEAR,0,2
2026-08-30 04:00:00,Tellapur,4,6,1,0,2.4,CLEAR,4,4
2026-08-30 04:00:00,Osman Nagar,4,6,1,0,1.4,CLEAR,2,2
2026-08-30 04:00:00,Patancheru,4,6,1,0,1.8,CLEAR,0,2
2026-08-30 04:00:00,HITEC City Metro Stand 2,4,6,1,0,3.6,CLEAR,2,4
2026-08-30 05:00:00,Miyapur Metro,5,6,1,0,11.5,CLEAR,1,12
2026-08-30 05:00:00,BHEL,5,6,1,0,7.7,CLEAR,4,10
2026-08-30 05:00:00,Lingampally Station,5,6,1,0,13.4,CLEAR,5,16
2026-08-30 05:00:00,Nallagandla,5,6,1,0,8.6,CLEAR,4,11
2026-08-30 05:00:00,Tellapur,5,6,1,0,9.6,CLEAR,1,10
2026-08-30 05:00:00,Osman Nagar,5,6,1,0,5.8,CLEAR,4,7
2026-08-30 05:00:00,Patancheru,5,6,1,0,7.2,CLEAR,4,10
2026-08-30 05:00:00,HITEC City Metro Stand 2,5,6,1,0,14.4,CLEAR,3,15
2026-08-30 06:00:00,Miyapur Metro,6,6,1,0,11.5,CLEAR,5,13
2026-08-30 06:00:00,BHEL,6,6,1,0,7.7,CLEAR,2,8
2026-08-30 06:00:00,Lingampally Station,6,6,1,0,13.4,CLEAR,4,17
2026-08-30 06:00:00,Nallagandla,6,6,1,0,8.6,CLEAR,4,11
2026-08-30 06:00:00,Tellapur,6,6,1,0,9.6,CLEAR,3,10
2026-08-30 06:00:00,Osman Nagar,6,6,1,0,5.8,CLEAR,2,6
2026-08-30 06:00:00,Patancheru,6,6,1,0,7.2,CLEAR,4,8
2026-08-30 06:00:00,HITEC City Metro Stand 2,6,6,1,0,14.4,CLEAR,4,18
2026-08-30 07:00:00,Miyapur Metro,7,6,1,0,11.5,CLEAR,1,11
2026-08-30 07:00:00,BHEL,7,6,1,0,7.7,CLEAR,3,10
2026-08-30 07:00:00,Lingampally Station,7,6,1,0,13.4,CLEAR,6,17
2026-08-30 07:00:00,Nallagandla,7,6,1,0,8.6,CLEAR,1,9
2026-08-30 07:00:00,Tellapur,7,6,1,0,9.6,CLEAR,2,11
2026-08-30 07:00:00,Osman Nagar,7,6,1,0,5.8,CLEAR,0,6
2026-08-30 07:00:00,Patancheru,7,6,1,0,7.2,CLEAR,3,9
2026-08-30 07:00:00,HITEC City Metro Stand 2,7,6,1,0,14.4,CLEAR,2,15
2026-08-30 08:00:00,Miyapur Metro,8,6,1,1,21.1,CLEAR,7,35
2026-08-30 08:00:00,BHEL,8,6,1,1,14.1,CLEAR,4,29
2026-08-30 08:00:00,Lingampally Station,8,6,1,1,24.6,CLEAR,8,51
2026-08-30 08:00:00,Nallagandla,8,6,1,1,15.8,CLEAR,6,36
2026-08-30 08:00:00,Tellapur,8,6,1,1,17.6,CLEAR,6,41
2026-08-30 08:00:00,Osman Nagar,8,6,1,1,10.6,CLEAR,1,17
2026-08-30 08:00:00,Patancheru,8,6,1,1,13.2,CLEAR,3,24
2026-08-30 08:00:00,HITEC City Metro Stand 2,8,6,1,1,26.4,CLEAR,8,62
2026-08-30 09:00:00,Miyapur Metro,9,6,1,1,21.1,CLEAR,4,35
2026-08-30 09:00:00,BHEL,9,6,1,1,14.1,CLEAR,3,29
2026-08-30 09:00:00,Lingampally Station,9,6,1,1,24.6,CLEAR,8,50
2026-08-30 09:00:00,Nallagandla,9,6,1,1,15.8,CLEAR,2,35
2026-08-30 09:00:00,Tellapur,9,6,1,1,17.6,CLEAR,3,44
2026-08-30 09:00:00,Osman Nagar,9,6,1,1,10.6,CLEAR,3,18
2026-08-30 09:00:00,Patancheru,9,6,1,1,13.2,CLEAR,3,22
2026-08-30 09:00:00,HITEC City Metro Stand 2,9,6,1,1,26.4,CLEAR,7,71
2026-08-30 10:00:00,Miyapur Metro,10,6,1,1,21.1,CLEAR,7,37
2026-08-30 10:00:00,BHEL,10,6,1,1,14.1,CLEAR,4,29
2026-08-30 10:00:00,Lingampally Station,10,6,1,1,24.6,CLEAR,5,49
2026-08-30 10:00:00,Nallagandla,10,6,1,1,15.8,CLEAR,3,34
2026-08-30 10:00:00,Tellapur,10,6,1,1,17.6,CLEAR,4,39
2026-08-30 10:00:00,Osman Nagar,10,6,1,1,10.6,CLEAR,5,19
2026-08-30 10:00:00,Patancheru,10,6,1,1,13.2,CLEAR,4,23
2026-08-30 10:00:00,HITEC City Metro Stand 2,10,6,1,1,26.4,CLEAR,7,64
2026-08-30 11:00:00,Miyapur Metro,11,6,1,1,21.1,CLEAR,7,38
2026-08-30 11:00:00,BHEL,11,6,1,1,14.1,CLEAR,2,25
2026-08-30 11:00:00,Lingampally Station,11,6,1,1,24.6,CLEAR,6,54
2026-08-30 11:00:00,Nallagandla,11,6,1,1,15.8,CLEAR,2,32
2026-08-30 11:00:00,Tellapur,11,6,1,1,17.6,CLEAR,4,41
2026-08-30 11:00:00,Osman Nagar,11,6,1,1,10.6,CLEAR,2,20
2026-08-30 11:00:00,Patancheru,11,6,1,1,13.2,CLEAR,5,26
2026-08-30 11:00:00,HITEC City Metro Stand 2,11,6,1,1,26.4,CLEAR,7,68
2026-08-30 12:00:00,Miyapur Metro,12,6,1,0,16.3,CLEAR,3,17
2026-08-30 12:00:00,BHEL,12,6,1,0,10.9,CLEAR,2,13
2026-08-30 12:00:00,Lingampally Station,12,6,1,0,19.0,CLEAR,4,20
2026-08-30 12:00:00,Nallagandla,12,6,1,0,12.2,CLEAR,5,14
2026-08-30 12:00:00,Tellapur,12,6,1,0,13.6,CLEAR,2,15
2026-08-30 12:00:00,Osman Nagar,12,6,1,0,8.2,CLEAR,1,9
2026-08-30 12:00:00,Patancheru,12,6,1,0,10.2,CLEAR,1,12
2026-08-30 12:00:00,HITEC City Metro Stand 2,12,6,1,0,20.4,CLEAR,5,22
2026-08-30 13:00:00,Miyapur Metro,13,6,1,0,16.3,CLEAR,3,17
2026-08-30 13:00:00,BHEL,13,6,1,0,10.9,CLEAR,5,14
2026-08-30 13:00:00,Lingampally Station,13,6,1,0,19.0,CLEAR,6,21
2026-08-30 13:00:00,Nallagandla,13,6,1,0,12.2,CLEAR,3,15
2026-08-30 13:00:00,Tellapur,13,6,1,0,13.6,CLEAR,6,17
2026-08-30 13:00:00,Osman Nagar,13,6,1,0,8.2,CLEAR,4,10
2026-08-30 13:00:00,Patancheru,13,6,1,0,10.2,CLEAR,3,11
2026-08-30 13:00:00,HITEC City Metro Stand 2,13,6,1,0,20.4,CLEAR,4,23
2026-08-30 14:00:00,Miyapur Metro,14,6,1,0,16.3,CLEAR,4,17
2026-08-30 14:00:00,BHEL,14,6,1,0,10.9,CLEAR,2,11
2026-08-30 14:00:00,Lingampally Station,14,6,1,0,19.0,CLEAR,6,22
2026-08-30 14:00:00,Nallagandla,14,6,1,0,12.2,CLEAR,5,15
2026-08-30 14:00:00,Tellapur,14,6,1,0,13.6,CLEAR,6,15
2026-08-30 14:00:00,Osman Nagar,14,6,1,0,8.2,CLEAR,3,9
2026-08-30 14:00:00,Patancheru,14,6,1,0,10.2,CLEAR,2,12
2026-08-30 14:00:00,HITEC City Metro Stand 2,14,6,1,0,20.4,CLEAR,7,24
2026-08-30 15:00:00,Miyapur Metro,15,6,1,0,16.3,CLEAR,3,18
2026-08-30 15:00:00,BHEL,15,6,1,0,10.9,CLEAR,3,11
2026-08-30 15:00:00,Lingampally Station,15,6,1,0,19.0,CLEAR,6,22
2026-08-30 15:00:00,Nallagandla,15,6,1,0,12.2,CLEAR,2,12
2026-08-30 15:00:00,Tellapur,15,6,1,0,13.6,CLEAR,6,15
2026-08-30 15:00:00,Osman Nagar,15,6,1,0,8.2,CLEAR,5,10
2026-08-30 15:00:00,Patancheru,15,6,1,0,10.2,CLEAR,1,10
2026-08-30 15:00:00,HITEC City Metro Stand 2,15,6,1,0,20.4,CLEAR,6,23
2026-08-30 16:00:00,Miyapur Metro,16,6,1,0,16.3,CLEAR,4,18
2026-08-30 16:00:00,BHEL,16,6,1,0,10.9,CLEAR,5,13
2026-08-30 16:00:00,Lingampally Station,16,6,1,0,19.0,CLEAR,6,20
2026-08-30 16:00:00,Nallagandla,16,6,1,0,12.2,CLEAR,2,12
2026-08-30 16:00:00,Tellapur,16,6,1,0,13.6,CLEAR,2,15
2026-08-30 16:00:00,Osman Nagar,16,6,1,0,8.2,CLEAR,1,9
2026-08-30 16:00:00,Patancheru,16,6,1,0,10.2,CLEAR,3,12
2026-08-30 16:00:00,HITEC City Metro Stand 2,16,6,1,0,20.4,CLEAR,7,22
2026-08-30 17:00:00,Miyapur Metro,17,6,1,1,25.0,CLEAR,9,63
2026-08-30 17:00:00,BHEL,17,6,1,1,16.6,CLEAR,3,28
2026-08-30 17:00:00,Lingampally Station,17,6,1,1,29.1,CLEAR,8,70
2026-08-30 17:00:00,Nallagandla,17,6,1,1,18.7,CLEAR,3,35
2026-08-30 17:00:00,Tellapur,17,6,1,1,20.8,CLEAR,6,40
2026-08-30 17:00:00,Osman Nagar,17,6,1,1,12.5,CLEAR,2,19
2026-08-30 17:00:00,Patancheru,17,6,1,1,15.6,CLEAR,4,29
2026-08-30 17:00:00,HITEC City Metro Stand 2,17,6,1,1,31.2,CLEAR,7,88
2026-08-30 18:00:00,Miyapur Metro,18,6,1,1,25.0,CLEAR,5,55
2026-08-30 18:00:00,BHEL,18,6,1,1,16.6,CLEAR,5,26
2026-08-30 18:00:00,Lingampally Station,18,6,1,1,29.1,CLEAR,7,77
2026-08-30 18:00:00,Nallagandla,18,6,1,1,18.7,CLEAR,7,35
2026-08-30 18:00:00,Tellapur,18,6,1,1,20.8,CLEAR,5,44
2026-08-30 18:00:00,Osman Nagar,18,6,1,1,12.5,CLEAR,3,18
2026-08-30 18:00:00,Patancheru,18,6,1,1,15.6,CLEAR,2,26
2026-08-30 18:00:00,HITEC City Metro Stand 2,18,6,1,1,31.2,CLEAR,7,89
2026-08-30 19:00:00,Miyapur Metro,19,6,1,1,25.0,CLEAR,6,60
2026-08-30 19:00:00,BHEL,19,6,1,1,16.6,CLEAR,5,25
2026-08-30 19:00:00,Lingampally Station,19,6,1,1,29.1,CLEAR,9,75
2026-08-30 19:00:00,Nallagandla,19,6,1,1,18.7,CLEAR,4,34
2026-08-30 19:00:00,Tellapur,19,6,1,1,20.8,CLEAR,5,40
2026-08-30 19:00:00,Osman Nagar,19,6,1,1,12.5,CLEAR,2,18
2026-08-30 19:00:00,Patancheru,19,6,1,1,15.6,CLEAR,5,28
2026-08-30 19:00:00,HITEC City Metro Stand 2,19,6,1,1,31.2,CLEAR,7,76
2026-08-30 20:00:00,Miyapur Metro,20,6,1,1,25.0,CLEAR,8,62
2026-08-30 20:00:00,BHEL,20,6,1,1,16.6,CLEAR,6,28
2026-08-30 20:00:00,Lingampally Station,20,6,1,1,29.1,CLEAR,6,77
2026-08-30 20:00:00,Nallagandla,20,6,1,1,18.7,CLEAR,8,36
2026-08-30 20:00:00,Tellapur,20,6,1,1,20.8,CLEAR,7,43
2026-08-30 20:00:00,Osman Nagar,20,6,1,1,12.5,CLEAR,2,20
2026-08-30 20:00:00,Patancheru,20,6,1,1,15.6,CLEAR,4,29
2026-08-30 20:00:00,HITEC City Metro Stand 2,20,6,1,1,31.2,CLEAR,7,75
2026-08-30 21:00:00,Miyapur Metro,21,6,1,1,25.0,CLEAR,6,56
2026-08-30 21:00:00,BHEL,21,6,1,1,16.6,CLEAR,6,27
2026-08-30 21:00:00,Lingampally Station,21,6,1,1,29.1,CLEAR,7,69
2026-08-30 21:00:00,Nallagandla,21,6,1,1,18.7,CLEAR,5,36
2026-08-30 21:00:00,Tellapur,21,6,1,1,20.8,CLEAR,5,44
2026-08-30 21:00:00,Osman Nagar,21,6,1,1,12.5,CLEAR,3,20
2026-08-30 21:00:00,Patancheru,21,6,1,1,15.6,CLEAR,7,29
2026-08-30 21:00:00,HITEC City Metro Stand 2,21,6,1,1,31.2,CLEAR,6,85
2026-08-30 22:00:00,Miyapur Metro,22,6,1,0,7.7,CLEAR,1,9
2026-08-30 22:00:00,BHEL,22,6,1,0,5.1,CLEAR,1,5
2026-08-30 22:00:00,Lingampally Station,22,6,1,0,9.0,CLEAR,2,10
2026-08-30 22:00:00,Nallagandla,22,6,1,0,5.8,CLEAR,1,6
2026-08-30 22:00:00,Tellapur,22,6,1,0,6.4,CLEAR,1,6
2026-08-30 22:00:00,Osman Nagar,22,6,1,0,3.8,CLEAR,1,5
2026-08-30 22:00:00,Patancheru,22,6,1,0,4.8,CLEAR,0,5
2026-08-30 22:00:00,HITEC City Metro Stand 2,22,6,1,0,9.6,CLEAR,2,10
2026-08-30 23:00:00,Miyapur Metro,23,6,1,0,7.7,CLEAR,4,9
2026-08-30 23:00:00,BHEL,23,6,1,0,5.1,CLEAR,4,6
2026-08-30 23:00:00,Lingampally Station,23,6,1,0,9.0,CLEAR,4,11
2026-08-30 23:00:00,Nallagandla,23,6,1,0,5.8,CLEAR,4,7
2026-08-30 23:00:00,Tellapur,23,6,1,0,6.4,CLEAR,1,7
2026-08-30 23:00:00,Osman Nagar,23,6,1,0,3.8,CLEAR,1,4
2026-08-30 23:00:00,Patancheru,23,6,1,0,4.8,CLEAR,2,5
2026-08-30 23:00:00,HITEC City Metro Stand 2,23,6,1,0,9.6,CLEAR,2,11
